ticker,current_price,current_market_cap,previous_close,daily_change_pct,volume,shares_outstanding,last_updated,data_quality_flag
AAPL,308.9100036621094,4537071195746.704,333.42999267578125,-7.353864245054428,132275300.0,14687356000.0,2026-08-01T03:08:02,ok
ABBV,250.94000244140625,443358994815.19904,257.4100036621094,-2.5135003024964044,7251900.0,1766792821.0,2026-08-01T03:08:02,ok
ABT,105.6999969482422,182901509106.4893,105.61000061035156,0.0852157346562914,9606900.0,1730383296.0,2026-08-01T03:08:02,ok
ADBE,250.41000366210935,99537976455.68848,247.8999938964844,1.012509006625109,5587100.0,397500000.0,2026-08-01T03:08:02,ok
ADI,367.4100036621094,178960651150.16602,366.6700134277344,0.201813676405486,3514200.0,487087040.0,2026-08-01T03:08:02,ok
ADSK,234.1999969482422,49450217139.83583,234.97000122070312,-0.327703225288613,1949000.0,211145251.0,2026-08-01T03:08:02,ok
AKAM,115.18000030517578,16745496290.54812,113.75,1.2571431254292582,2893000.0,145385451.0,2026-08-01T03:08:02,ok
AMAT,507.6700134277344,403069394489.17633,501.7699890136719,1.175842426459216,7404200.0,793959430.0,2026-08-01T03:08:02,ok
AMD,476.1499938964844,776410484307.4535,485.3900146484375,-1.903628107934105,26515500.0,1630600639.0,2026-08-01T03:08:02,ok
AMGN,385.1600036621094,207874040790.31073,387.6400146484375,-0.639771667684339,1953600.0,539708274.0,2026-08-01T03:08:02,ok
AMZN,271.5799865722656,2921415636185.272,235.5,15.320588778032112,128881300.0,10757109436.0,2026-08-01T03:08:02,ok
AVGO,389.2799987792969,1852030813669.847,387.8399963378906,0.3712877617066867,20362700.0,4757580198.0,2026-08-01T03:08:02,ok
AXP,336.25,227072931346.25,337.5199890136719,-0.3762707558100897,2349800.0,675309833.0,2026-08-01T03:08:02,ok
BAC,61.95000076293945,434763089501.28424,61.72999954223633,0.3563927139714261,27282600.0,7017967460.0,2026-08-01T03:08:02,ok
BIIB,202.9499969482422,29986673443.190582,207.92999267578125,-2.395034820832324,1062000.0,147753998.0,2026-08-01T03:08:02,ok
BKNG,192.8999938964844,149474045574.91736,193.2400054931641,-0.175953005078814,4598400.0,774878436.0,2026-08-01T03:08:02,ok
BMY,65.30999755859375,133409689196.26369,64.86000061035156,0.6937973234776206,14574100.0,2042714656.0,2026-08-01T03:08:02,ok
C,132.4499969482422,222171624880.98145,132.32000732421875,0.0982388277117675,9604000.0,1677400000.0,2026-08-01T03:08:02,ok
CAT,814.8099975585938,375294952543.73785,809.1400146484375,0.7007418750165008,2395800.0,460591983.0,2026-08-01T03:08:02,ok
CB,350.67999267578125,135292291728.43744,350.1499938964844,0.1513633552864089,1361900.0,385799859.0,2026-08-01T03:08:02,ok
CDNS,340.0199890136719,93639124834.44214,332.82000732421875,2.163325981313142,2088200.0,275393000.0,2026-08-01T03:08:02,ok
CHTR,144.97999572753906,17292850425.53157,142.0,2.0985885405204665,2826900.0,119277493.0,2026-08-01T03:08:02,ok
CL,91.3000030517578,73057286444.98398,91.5999984741211,-0.3275059250661846,6660200.0,800189310.0,2026-08-01T03:08:02,ok
CMCSA,23.959999084472656,85025329040.20618,23.670000076293945,1.2251753580227136,28194900.0,3548636573.0,2026-08-01T03:08:02,ok
CME,267.7900085449219,96291733911.34673,267.2200012207031,0.2133101270918593,3268800.0,359579263.0,2026-08-01T03:08:02,ok
COF,209.0099945068359,128224462202.38716,210.13999938964844,-0.5377390720922237,4019200.0,613484836.0,2026-08-01T03:08:02,ok
COST,951.8900146484376,422143045235.83154,954.1699829101562,-0.2389478083103176,1758800.0,443478804.0,2026-08-01T03:08:02,ok
CRM,184.02000427246097,150712383499.1455,180.7100067138672,1.8316625729723632,9686300.0,819000000.0,2026-08-01T03:08:02,ok
CSCO,115.98999786376952,457166998373.5372,113.55999755859376,2.1398382858558707,18801400.0,3941434665.0,2026-08-01T03:08:02,ok
CTSH,55.349998474121094,24932086280.826683,53.900001525878906,2.690161237835964,8124000.0,450444209.0,2026-08-01T03:08:02,ok
DE,592.6699829101562,159983809061.56158,599.469970703125,-1.1343333486734906,1123900.0,269937425.0,2026-08-01T03:08:02,ok
EA,209.86000061035156,52965272816.44287,209.58999633789065,0.1288249807617964,4850900.0,252383840.0,2026-08-01T03:08:02,ok
EBAY,114.01000213623048,50620440948.48633,113.5199966430664,0.4316468531132494,3675400.0,444000000.0,2026-08-01T03:08:02,ok
FTNT,161.9499969482422,118824923864.23364,154.25,4.991894293836102,6083200.0,733713653.0,2026-08-01T03:08:02,ok
GRMN,293.7799987792969,56656217790.66431,297.54998779296875,-1.2670103069521823,1168100.0,192852536.0,2026-08-01T03:08:02,ok
HCA,402.5899963378906,87161338092.14783,395.7900085449219,1.7180797003866144,1255900.0,216501500.0,2026-08-01T03:08:02,ok
HD,331.9599914550781,331002845236.43585,333.3500061035156,-0.4169835377191674,4958900.0,997116682.0,2026-08-01T03:08:02,ok
HON,243.0500030517578,77032270397.72415,241.91000366210935,0.471249378856091,3887500.0,316940010.0,2026-08-01T03:08:02,ok
HPQ,27.270000457763672,24939034174.935265,26.86000061035156,1.5264327553816202,19609100.0,914522690.0,2026-08-01T03:08:02,ok
ICE,152.47999572753906,85601428979.22398,156.27000427246094,-2.425294964677862,5665700.0,561394487.0,2026-08-01T03:08:02,ok
INTC,90.1999969482422,454968784606.9336,91.12999725341795,-1.0205205017065884,108664200.0,5044000000.0,2026-08-01T03:08:02,ok
INTU,316.07000732421875,86456841593.44482,315.5,0.1806679316065768,3115100.0,273537000.0,2026-08-01T03:08:02,ok
ISRG,353.3299865722656,126590374355.67767,352.9700012207031,0.1019875202758124,2460600.0,358278038.0,2026-08-01T03:08:02,ok
JNJ,256.3500061035156,617777520049.8037,255.82000732421875,0.2071764381685636,6775600.0,2409898597.0,2026-08-01T03:08:02,ok
JPM,351.7900085449219,935128200714.1112,350.8500061035156,0.2679214550530489,6594100.0,2658200000.0,2026-08-01T03:08:02,ok
KLAC,182.82000732421875,238813243459.6454,180.3300018310547,1.3808048954032992,13503700.0,1306275210.0,2026-08-01T03:08:02,ok
KO,87.58999633789062,376860272437.9641,88.48999786376953,-1.0170658239414356,14709600.0,4302549243.0,2026-08-01T03:08:02,ok
LOGI,102.4800033569336,14673940744.033722,101.56999969482422,0.8959374469268082,1196200.0,143188332.0,2026-08-01T03:08:02,ok
LOW,207.80999755859375,116520528821.29633,210.0800018310547,-1.080542770694787,3975700.0,560707041.0,2026-08-01T03:08:02,ok
LRCX,293.0199890136719,366649465813.0493,297.7200012207031,-1.5786686106947443,12551800.0,1251278000.0,2026-08-01T03:08:02,ok
MA,573.0999755859375,502041275227.0386,577.3499755859375,-0.7361219675616658,4577200.0,876009940.0,2026-08-01T03:08:02,ok
MCD,270.6400146484375,192291316087.56067,268.44000244140625,0.8195545324923984,4962900.0,710505859.0,2026-08-01T03:08:02,ok
MCHP,74.29000091552734,40340092304.43901,75.01000213623047,-0.9598736171150676,11292100.0,543008370.0,2026-08-01T03:08:02,ok
META,556.7100219726562,1418222246495.2285,539.030029296875,3.279964327561397,24202500.0,2547506225.0,2026-08-01T03:08:02,ok
MMM,176.27999877929688,90911547039.21603,176.07000732421875,0.1192658864899361,2675800.0,515722417.0,2026-08-01T03:08:02,ok
MPWR,1426.030029296875,70059810059.344,1316.1800537109375,8.34612067522359,1545700.0,49129267.0,2026-08-01T03:08:02,ok
MRK,130.1999969482422,321571131295.69403,129.7899932861328,0.3158977450638185,7731900.0,2469824415.0,2026-08-01T03:08:02,ok
MSFT,464.7200012207031,3450799509641.9067,451.1000061035156,3.019285066039673,60748000.0,7425545491.0,2026-08-01T03:08:02,ok
MSI,435.75,72332574856.5,430.8200073242187,1.144327698799542,708700.0,165995582.0,2026-08-01T03:08:02,ok
MU,823.030029296875,929524478155.22,874.6599731445312,-5.902858874636621,54257900.0,1129393151.0,2026-08-01T03:08:02,ok
NFLX,71.70999908447266,298596110353.7594,73.16999816894531,-1.9953520855660027,35818000.0,4163939676.0,2026-08-01T03:08:02,ok
NKE,41.709999084472656,61876729543.94637,42.290000915527344,-1.3714869200717656,22598400.0,1483498703.0,2026-08-01T03:08:02,ok
NOW,111.2300033569336,114996473730.60608,110.06999969482422,1.0538781369360914,20455600.0,1033862000.0,2026-08-01T03:08:02,ok
NVDA,200.75,4862365750000.0,195.0399932861328,2.927608137009285,139659700.0,24221000000.0,2026-08-01T03:08:02,ok
OKTA,141.92999267578125,24668478041.44684,140.4199981689453,1.0753414944637718,2610500.0,173807365.0,2026-08-01T03:08:02,ok
ORCL,129.8699951171875,374086754705.2002,127.55999755859376,1.810910632490934,34373400.0,2880471000.0,2026-08-01T03:08:02,ok
PANW,331.8299865722656,270441439056.39648,325.67999267578125,1.8883548375066368,5024700.0,815000000.0,2026-08-01T03:08:02,ok
PEP,139.55999755859375,190484262502.2252,140.1999969482422,-0.4564903021251183,9696900.0,1364891558.0,2026-08-01T03:08:02,ok
PFE,25.010000228881836,142543099971.18924,24.90999984741211,0.4014467365808337,45053400.0,5699444169.0,2026-08-01T03:08:02,ok
PG,144.49000549316406,336459279122.5962,143.9600067138672,0.3681569565013239,9145400.0,2328598978.0,2026-08-01T03:08:02,ok
PM,190.82000732421875,297414627845.6058,192.0,-0.6145795186360676,5442700.0,1558613439.0,2026-08-01T03:08:02,ok
QCOM,147.61000061035156,154990500640.86914,151.60000610351562,-2.631929638867959,13788600.0,1050000000.0,2026-08-01T03:08:02,ok
REGN,762.6300048828125,78516563001.1499,738.3400268554688,3.289809185991558,1158300.0,102954988.0,2026-08-01T03:08:02,ok
SBUX,105.25,119985000000.0,105.8499984741211,-0.5668384343602851,12390900.0,1140000000.0,2026-08-01T03:08:02,ok
SNPS,388.760009765625,74439504256.91528,372.3299865722656,4.412758516878271,2248600.0,191479325.0,2026-08-01T03:08:02,ok
STX,856.1300048828125,194341511108.39844,851.6799926757812,0.5224981501620511,6120500.0,227000000.0,2026-08-01T03:08:02,ok
SWKS,62.279998779296875,9371444679.277405,62.47999954223633,-0.3201036562176238,6203500.0,150472782.0,2026-08-01T03:08:02,ok
T,23.25,159317966362.5,23.209999084472656,0.1723434601688722,58132900.0,6852385650.0,2026-08-01T03:08:02,ok
TGT,144.49000549316406,65626076267.826294,144.50999450683594,-0.0138322707298486,3311000.0,454191112.0,2026-08-01T03:08:02,ok
TMO,574.2999877929688,213422202813.10516,576.77001953125,-0.428252449787297,2112300.0,371621465.0,2026-08-01T03:08:02,ok
TMUS,172.7100067138672,185261121483.00476,173.33999633789062,-0.363441581477481,6744400.0,1072671613.0,2026-08-01T03:08:02,ok
TSLA,311.2099914550781,1229138610738.166,308.8500061035156,0.7641202217660038,36527800.0,3949547394.0,2026-08-01T03:08:02,ok
TXN,275.739990234375,251818908019.20557,277.3399963378906,-0.5769114172650004,8832500.0,913247686.0,2026-08-01T03:08:02,ok
UNH,414.3999938964844,376335035474.7264,421.4700012207031,-1.6774639484997498,3915800.0,908144404.0,2026-08-01T03:08:02,ok
V,366.1300048828125,683582022054.1117,366.2699890136719,-0.0382188372124994,7824000.0,1867047259.0,2026-08-01T03:08:02,ok
VRTX,477.1000061035156,121090565999.80531,481.7000122070313,-0.954952457327025,957200.0,253805417.0,2026-08-01T03:08:02,ok
VZ,46.810001373291016,195457918311.3575,46.11000061035156,1.5181105046055994,28277600.0,4175558910.0,2026-08-01T03:08:02,ok
WDAY,160.33999633789062,39599726718.41611,158.11000061035156,1.4104077660683174,4086700.0,246973479.0,2026-08-01T03:08:02,ok
WDC,544.8400268554688,187796621510.6402,533.0399780273438,2.213726796214089,9486600.0,344682131.0,2026-08-01T03:08:02,ok
WFC,86.44999694824219,261424733368.6864,85.43000030517578,1.1939560335043211,14769100.0,3023999336.0,2026-08-01T03:08:02,ok
WMT,111.1999969482422,884938377749.8698,111.0999984741211,0.0900076287079218,22780100.0,7958079155.0,2026-08-01T03:08:02,ok
ZS,151.1999969482422,24450479686.501698,148.38999938964844,1.893656964857278,2647200.0,161709525.0,2026-08-01T03:08:02,ok
GOOGL,343.5,4200982614448.5,338.239990234375,1.555111730573374,23738200.0,12229934831.0,2026-10-03T14:17:34,ok
ON,84.88999938964844,33049256819.948776,80.08000183105469,6.00649032044409,22891100.0,389318613.0,2026-10-03T14:17:34,ok
MRVL,272.2900085449219,244708286753.1307,268.0799865722656,1.570435013253541,15858100.0,898704613.0,2026-10-03T14:17:34,ok
DDOG,277.2200012207031,99542778591.604,276.4599914550781,0.2749076861447034,2079100.0,359075024.0,2026-10-03T14:17:34,ok
DIS,102.19000244140624,176450138730.9242,101.33000183105467,0.8487127156924589,6704300.0,1726686902.0,2026-10-03T14:17:34,ok
BLK,1059.6300048828125,164104113670.36755,1064.3599853515625,-0.4443966828748891,565800.0,154869259.0,2026-10-03T14:17:34,ok
SCHW,96.6999969482422,167226758266.28622,98.37000274658205,-1.69767790150628,7721500.0,1729335714.0,2026-10-03T14:17:34,ok
GILD,144.74000549316406,179471115945.9771,147.5,-1.8711827164989407,5043900.0,1239955155.0,2026-10-03T14:17:34,ok
MDLZ,58.189998626708984,74268364084.08762,57.7599983215332,0.7444603837799544,7882300.0,1276308057.0,2026-10-03T14:17:34,ok
GE,309.55999755859375,321187848991.1684,312.3900146484375,-0.905924311642496,4163300.0,1037562513.0,2026-10-03T14:17:34,ok
FDX,290.3599853515625,68719624039.74792,287.07000732421875,1.146054252762124,1462700.0,236670435.0,2026-10-03T14:17:34,ok
AMT,162.1999969482422,75578718363.60278,161.05999755859375,0.7078103855264899,2908500.0,465960048.0,2026-10-03T14:17:34,ok
UPS,93.0199966430664,79139699901.62273,93.88999938964844,-0.9266191844047991,4675700.0,850781582.0,2026-10-03T14:18:29,ok
BA,193.55999755859375,152984019141.5857,192.27999877929688,0.6656952295730381,12628700.0,790370020.0,2026-10-03T14:18:29,ok
LMT,505.4100036621094,116643955318.91098,505.5,-0.017803429849777445,1064000.0,230790753.0,2026-10-03T14:18:29,ok
NOC,478.0,67906126428.0,482.0,-0.8298755186721992,2683200.0,142063026.0,2026-10-03T14:18:29,ok
XOM,164.00999450683594,674394657972.193,163.82000732421875,0.1159731254566366,11287000.0,4111911960.0,2026-10-03T14:18:29,ok
CVX,206.69000244140625,405443785492.1305,207.10000610351562,-0.19797375665186667,6669900.0,1961603274.0,2026-10-03T14:18:29,ok
COP,126.75,154418765387.25,127.05999755859375,-0.24397730564318212,5245200.0,1218294007.0,2026-10-03T14:18:29,ok
SLB,48.7400016784668,72337143570.02513,48.65999984741211,0.16440984649724008,12596700.0,1484143231.0,2026-10-03T14:18:29,ok
OXY,58.08000183105469,58058940338.070694,57.84000015258789,0.4149406601549925,8892500.0,999637371.0,2026-10-03T14:18:29,ok
NEE,76.83000183105469,160265709617.0102,76.3499984741211,0.6286881028508354,18186200.0,2085978209.0,2026-10-03T14:18:29,ok
DUK,114.12999725341797,88987409145.57397,113.73999786376953,0.34288675661446183,3890900.0,779702193.0,2026-10-03T14:18:29,ok
SO,83.72000122070312,96308388917.77167,83.47000122070312,0.2995088011787309,7802000.0,1150362966.0,2026-10-03T14:18:29,ok
EQIX,1025.719970703125,101209518873.14795,1012.3300170898438,1.3226866127879422,331200.0,98671686.0,2026-10-03T14:18:29,ok
PLD,128.91000366210938,122507478464.74475,128.17999267578125,0.5695202278366612,3823800.0,950333372.0,2026-10-03T14:18:29,ok
CVS,86.45999908447266,110579776932.80765,85.19999694824219,1.4788757997208646,10463000.0,1278970369.0,2026-10-03T14:18:29,ok
PYPL,52.79999923706055,45168333494.53515,53.060001373291016,-0.49001532133647263,9013000.0,855460874.0,2026-10-03T14:18:29,ok
