ticker,company_name,cik,fundamentals_status,market_cap_status,model_output_status,filing_10k_status,filing_10q_status,current_market_status,final_data_status,failure_reason
AAPL,Apple Inc,320193,cached,ok,ok,ok,ok,ok,available,
MSFT,Microsoft Corp,789019,cached,ok,ok,ok,ok,pending,available,
GOOGL,Alphabet Inc,1288776,no_data,skipped_no_fundamentals,not_in_outputs,pending,ok,pending,failed,extract returned 0 rows
AMZN,Amazon.com Inc,1018724,cached,ok,ok,ok,ok,pending,available,
META,Meta Platforms Inc,1326801,cached,ok,ok,ok,ok,pending,available,
NVDA,Nvidia Corp,1045810,cached,ok,ok,ok,ok,pending,available,
TSLA,Tesla Inc,1318605,cached,ok,ok,ok,ok,pending,available,
ORCL,Oracle Corp,1341439,cached,ok,ok,ok,ok,pending,available,
NFLX,Netflix Inc,1065280,cached,ok,ok,ok,ok,pending,available,
ADBE,Adobe Inc,796343,cached,ok,ok,ok,ok,pending,available,
AMD,Advanced Micro Devices,2488,cached,ok,ok,ok,ok,ok,available,
AVGO,Broadcom Inc,1730168,cached,ok,ok,ok,ok,ok,available,
CSCO,Cisco Systems Inc,858877,cached,ok,ok,ok,ok,pending,available,
INTC,Intel Corp,50863,cached,ok,ok,ok,ok,pending,available,
MU,Micron Technology Inc,723125,cached,ok,ok,ok,ok,pending,available,
QCOM,Qualcomm Inc,804328,cached,ok,ok,ok,ok,pending,available,
TXN,Texas Instruments Inc,97476,cached,ok,ok,ok,ok,pending,available,
AMAT,Applied Materials Inc,6951,cached,ok,ok,ok,ok,pending,available,
ADI,Analog Devices Inc,6281,cached,ok,ok,ok,ok,pending,available,
LRCX,Lam Research Corp,707549,cached,ok,ok,ok,ok,pending,available,
KLAC,KLA Corp,319201,cached,ok,ok,ok,ok,ok,available,
MCHP,Microchip Technology Inc,827054,cached,ok,ok,ok,ok,ok,available,
ON,ON Semiconductor Corp,863894,cached,ok,ok,ok,ok,ok,available,
SWKS,Skyworks Solutions Inc,4127,cached,ok,ok,ok,ok,ok,available,
MRVL,Marvell Technology Inc,1058057,cached,ok,ok,ok,ok,ok,available,
CRM,Salesforce Inc,1108524,cached,ok,ok,ok,ok,pending,available,
INTU,Intuit Inc,896878,cached,ok,ok,ok,ok,pending,available,
ADSK,Autodesk Inc,769397,cached,ok,ok,ok,ok,pending,available,
NOW,ServiceNow Inc,1373715,cached,ok,ok,ok,ok,ok,available,
PANW,Palo Alto Networks Inc,1327567,cached,ok,ok,ok,ok,ok,available,
FTNT,Fortinet Inc,1262039,cached,ok,ok,ok,ok,ok,available,
WDAY,Workday Inc,1327811,cached,ok,ok,ok,ok,ok,available,
CDNS,Cadence Design Systems Inc,813672,cached,ok,ok,ok,ok,ok,available,
SNPS,Synopsys Inc,883241,cached,ok,ok,ok,ok,ok,available,
CTSH,Cognizant Technology Solutions,1058290,cached,ok,ok,ok,ok,ok,available,
OKTA,Okta Inc,1660134,cached,ok,ok,ok,ok,ok,available,
DDOG,Datadog Inc,1707753,cached,ok,ok,ok,ok,ok,available,
ZS,Zscaler Inc,1713683,cached,ok,ok,ok,ok,ok,available,
MPWR,Monolithic Power Systems Inc,1280452,cached,ok,ok,ok,ok,ok,available,
EBAY,eBay Inc,1065088,cached,ok,ok,ok,ok,pending,available,
EA,Electronic Arts Inc,712515,cached,ok,ok,ok,ok,pending,available,
AKAM,Akamai Technologies Inc,1086222,cached,ok,ok,ok,ok,pending,available,
GRMN,Garmin Ltd,1121788,cached,ok,ok,ok,ok,pending,available,
MSI,Motorola Solutions Inc,68505,cached,ok,ok,ok,ok,pending,available,
T,AT&T Inc,732717,cached,ok,ok,ok,ok,ok,available,
VZ,Verizon Communications Inc,732712,cached,ok,ok,ok,ok,ok,available,
CMCSA,Comcast Corp,1166691,cached,ok,ok,ok,ok,ok,available,
DIS,Walt Disney Co,1001039,cached,ok,ok,ok,ok,ok,available,
TMUS,T-Mobile US Inc,1283699,cached,ok,ok,ok,ok,ok,available,
CHTR,Charter Communications Inc,1091667,cached,ok,ok,ok,ok,ok,available,
JPM,JPMorgan Chase & Co,19617,cached,ok,ok,ok,ok,ok,available,
BAC,Bank of America Corp,70858,cached,ok,ok,ok,ok,ok,available,
GS,Goldman Sachs Group Inc,886982,no_ok_rows,skipped_no_fundamentals,not_in_outputs,pending,ok,pending,pending,
MS,Morgan Stanley,895421,no_ok_rows,skipped_no_fundamentals,not_in_outputs,pending,ok,pending,pending,
V,Visa Inc,1403161,cached,ok,ok,ok,ok,ok,available,
MA,Mastercard Inc,1141391,cached,ok,ok,ok,ok,ok,available,
AXP,American Express Co,4962,cached,ok,ok,ok,ok,ok,available,
BLK,BlackRock Inc,1364742,cached,ok,ok,ok,ok,ok,available,
C,Citigroup Inc,831001,cached,ok,ok,ok,ok,ok,available,
WFC,Wells Fargo & Co,72971,cached,ok,ok,ok,ok,ok,available,
SCHW,Charles Schwab Corp,316557,failed,skipped_no_fundamentals,not_in_outputs,pending,ok,pending,failed,SEC facts: requests: 404 Client Error: Not Found for url: https://data.sec.gov/api/xbrl/companyfacts/CIK0000316557.json | urllib: <urlopen error [SSL: CERTIFICATE_VERIFY_FAILED] certificate verify failed: unable to get local issuer certificate (_ssl.c:1032)>
COF,Capital One Financial Corp,927628,cached,ok,ok,ok,ok,ok,available,
ICE,Intercontinental Exchange Inc,1571949,cached,ok,ok,ok,ok,ok,available,
CME,CME Group Inc,1156375,cached,ok,ok,ok,ok,ok,available,
CB,Chubb Ltd,896159,cached,ok,ok,ok,ok,ok,available,
JNJ,Johnson & Johnson,200406,cached,ok,ok,ok,ok,ok,available,
UNH,UnitedHealth Group Inc,731766,cached,ok,ok,ok,ok,ok,available,
ABBV,AbbVie Inc,1551152,cached,ok,ok,ok,ok,ok,available,
PFE,Pfizer Inc,78003,cached,ok,ok,ok,ok,ok,available,
MRK,Merck & Co Inc,310158,cached,ok,ok,ok,ok,ok,available,
TMO,Thermo Fisher Scientific Inc,97745,cached,ok,ok,ok,ok,ok,available,
ABT,Abbott Laboratories,1800,cached,ok,ok,ok,ok,ok,available,
AMGN,Amgen Inc,318154,cached,ok,ok,ok,ok,ok,available,
GILD,Gilead Sciences Inc,882184,cached,ok,ok,ok,ok,ok,available,
VRTX,Vertex Pharmaceuticals Inc,875320,cached,ok,ok,ok,ok,ok,available,
REGN,Regeneron Pharmaceuticals Inc,872589,cached,ok,ok,ok,ok,ok,available,
BMY,Bristol-Myers Squibb Co,14272,cached,ok,ok,ok,ok,ok,available,
ISRG,Intuitive Surgical Inc,1035267,cached,ok,ok,ok,ok,ok,available,
HCA,HCA Healthcare Inc,860730,cached,ok,ok,ok,ok,ok,available,
BIIB,Biogen Inc,875045,cached,ok,ok,ok,ok,ok,available,
HD,Home Depot Inc,354950,cached,ok,ok,ok,ok,ok,available,
WMT,Walmart Inc,104169,cached,ok,ok,ok,ok,ok,available,
COST,Costco Wholesale Corp,909832,cached,ok,ok,ok,ok,ok,available,
NKE,Nike Inc,320187,cached,ok,ok,ok,ok,ok,available,
MCD,McDonald's Corp,63908,cached,ok,ok,ok,ok,ok,available,
SBUX,Starbucks Corp,829224,cached,ok,ok,ok,ok,ok,available,
LOW,Lowe's Companies Inc,60667,cached,ok,ok,ok,ok,ok,available,
TGT,Target Corp,27419,cached,ok,ok,ok,ok,ok,available,
BKNG,Booking Holdings Inc,1075531,cached,ok,ok,ok,ok,ok,available,
PG,Procter & Gamble Co,80424,cached,ok,ok,ok,ok,ok,available,
KO,Coca-Cola Co,21344,cached,ok,ok,ok,ok,ok,available,
PEP,PepsiCo Inc,77476,cached,ok,ok,ok,ok,ok,available,
PM,Philip Morris International Inc,1413329,cached,ok,ok,ok,ok,ok,available,
CL,Colgate-Palmolive Co,21665,cached,ok,ok,ok,ok,ok,available,
MDLZ,Mondelez International Inc,1418135,cached,ok,ok,ok,ok,ok,available,
GE,GE Aerospace,40554,no_data,skipped_no_fundamentals,not_in_outputs,pending,ok,pending,failed,extract returned 0 rows
HON,Honeywell International Inc,773840,cached,ok,ok,ok,ok,ok,available,
CAT,Caterpillar Inc,18230,cached,ok,ok,ok,ok,ok,available,
DE,Deere & Company,315189,cached,ok,ok,ok,ok,ok,available,
MMM,3M Co,66740,cached,ok,ok,ok,ok,ok,available,
UPS,United Parcel Service Inc,1090727,ok,ok,ok,ok,ok,ok,available,
BA,Boeing Co,12927,ok,ok,ok,ok,ok,ok,available,
LMT,Lockheed Martin Corp,936468,ok,ok,ok,ok,ok,ok,available,
FDX,FedEx Corp,230569,failed,skipped_no_fundamentals,not_in_outputs,pending,ok,pending,failed,SEC facts: requests: 404 Client Error: Not Found for url: https://data.sec.gov/api/xbrl/companyfacts/CIK0000230569.json | urllib: <urlopen error [SSL: CERTIFICATE_VERIFY_FAILED] certificate verify failed: unable to get local issuer certificate (_ssl.c:1032)>
NOC,Northrop Grumman Corp,1133421,ok,ok,ok,ok,ok,ok,available,
XOM,Exxon Mobil Corp,34088,ok,ok,ok,ok,ok,ok,available,
CVX,Chevron Corp,93410,ok,ok,ok,ok,ok,ok,available,
COP,ConocoPhillips,1163165,ok,ok,ok,ok,ok,ok,available,
SLB,Schlumberger Ltd,87347,ok,ok,ok,ok,ok,ok,available,
OXY,Occidental Petroleum Corp,797468,ok,ok,ok,ok,ok,ok,available,
NEE,NextEra Energy Inc,753308,ok,ok,ok,ok,ok,ok,available,
DUK,Duke Energy Corp,1326160,ok,ok,ok,ok,ok,ok,available,
SO,Southern Co,92122,ok,ok,ok,ok,ok,ok,available,
EQIX,Equinix Inc,1101239,ok,ok,ok,ok,ok,ok,available,
PLD,Prologis Inc,1045609,ok,ok,ok,ok,ok,ok,available,
AMT,American Tower Corp,1053354,failed,skipped_no_fundamentals,not_in_outputs,pending,ok,pending,failed,SEC facts: requests: 404 Client Error: Not Found for url: https://data.sec.gov/api/xbrl/companyfacts/CIK0001053354.json | urllib: <urlopen error [SSL: CERTIFICATE_VERIFY_FAILED] certificate verify failed: unable to get local issuer certificate (_ssl.c:1032)>
CVS,CVS Health Corp,64803,ok,ok,ok,ok,ok,ok,available,
PYPL,PayPal Holdings Inc,1633917,ok,ok,ok,ok,ok,ok,available,
