ticker,company_name,latest_model_year,annual_10k_risk_score,annual_10k_filing_date,latest_10q_risk_score,latest_10q_filing_date,filing_risk_delta,filing_risk_trend,current_risk_warning_text
AAPL,,2024.0,73.4,,68.4,2026-05-01,-5.0,Stable,
ABBV,,2024.0,41.6,,62.7,2026-05-08,21.1,Increasing,
ABT,,2024.0,91.2,,52.0,2026-04-29,-39.2,Decreasing,10-Q text unusually short; score may be inflated.
ADBE,,2024.0,10.7,,40.2,2026-06-15,29.5,Increasing,
ADI,,2024.0,56.2,,29.0,2026-05-20,-27.2,Decreasing,
ADSK,,2024.0,55.5,,44.7,2026-05-29,-10.8,Decreasing,
AKAM,,2024.0,57.6,,41.4,2026-05-08,-16.2,Decreasing,
AMAT,,2024.0,66.7,,45.3,2026-05-21,-21.4,Decreasing,
AMD,,2024.0,37.6,,36.8,2026-05-06,-0.8,Stable,
AMGN,,2024.0,32.1,,43.3,2026-05-01,11.2,Increasing,
AMT,,2024.0,63.5,,30.9,2026-07-28,-32.6,Decreasing,
AMZN,,2024.0,66.4,,55.4,2026-04-30,-11.0,Decreasing,
ATVI,Activision Blizzard Inc,,,,48.0,2023-07-31,,Unavailable,
AVGO,,2024.0,64.6,,68.5,2026-06-09,3.9,Stable,
AXP,,2024.0,84.7,,87.8,2026-04-23,3.1,Stable,
BA,,2024.0,83.9,,43.5,2026-04-22,-40.4,Decreasing,
BAC,,2024.0,21.5,,76.5,2026-05-01,55.0,Increasing,
BIIB,,2024.0,31.4,,60.9,2026-04-29,29.5,Increasing,
BKNG,,2024.0,69.9,,43.6,2026-04-28,-26.3,Decreasing,
BLK,,2024.0,43.9,,38.6,2026-08-06,-5.3,Stable,
BMY,,2024.0,30.8,,54.7,2026-04-30,23.9,Increasing,
C,,2019.0,29.5,,63.0,2026-05-07,33.5,Increasing,
CAT,,2024.0,78.6,,57.8,2026-05-06,-20.8,Decreasing,
CB,,2024.0,52.2,,46.3,2026-04-28,-5.9,Stable,
CDNS,,2024.0,62.0,,44.8,2026-05-01,-17.2,Decreasing,
CHTR,,2024.0,31.2,,35.0,2026-04-24,3.8,Stable,
CL,,2024.0,75.8,,30.9,2026-05-01,-44.9,Decreasing,10-Q text unusually short; score may be inflated.
CMCSA,,2024.0,29.5,,28.0,2026-04-23,-1.5,Stable,
CME,,2024.0,58.6,,61.8,2026-04-24,3.2,Stable,
COF,,2024.0,61.5,,30.8,2026-05-07,-30.7,Decreasing,
COP,,2024.0,91.9,,61.5,2026-04-30,-30.4,Decreasing,
COST,,2024.0,71.2,,45.3,2026-06-03,-25.9,Decreasing,
CRM,,2024.0,64.0,,33.7,2026-05-28,-30.3,Decreasing,
CSCO,,2024.0,36.8,,45.8,2026-05-19,9.0,Stable,
CTSH,,2024.0,61.4,,48.9,2026-04-29,-12.5,Decreasing,
CVS,,2024.0,29.1,,46.8,2026-05-06,17.7,Increasing,
CVX,,2024.0,85.9,,66.8,2026-05-07,-19.1,Decreasing,
DDOG,,2024.0,36.9,,28.1,2026-08-06,-8.8,Stable,
DE,,2024.0,72.3,,,2026-05-28,,Unavailable,text too short (11 words)
DIS,,2024.0,12.2,,57.1,2026-08-05,44.9,Increasing,10-Q text unusually short; score may be inflated.
DUK,,2024.0,83.4,,51.3,2026-05-05,-32.1,Decreasing,
EA,,2024.0,67.7,,36.0,2026-02-03,-31.7,Decreasing,
EBAY,,2024.0,72.7,,59.9,2026-04-29,-12.8,Decreasing,
EQIX,,2024.0,89.6,,69.8,2026-04-29,-19.8,Decreasing,
FDX,,2024.0,88.7,,51.6,2026-03-19,-37.1,Decreasing,
FTNT,,2024.0,71.3,,62.5,2026-05-08,-8.8,Stable,
GE,,2024.0,56.0,,49.8,2026-07-16,-6.2,Stable,10-Q text unusually short; score may be inflated.
GILD,,2024.0,65.2,,86.0,2026-08-06,20.8,Increasing,
GOOGL,,2024.0,60.4,,49.6,2026-07-23,-10.8,Decreasing,10-Q text unusually short; score may be inflated.
GRMN,,2024.0,60.3,,44.8,2026-04-29,-15.5,Decreasing,
GS,Goldman Sachs Group Inc,,,,42.4,2026-05-01,,Unavailable,
HCA,,2024.0,38.6,,62.5,2026-04-29,23.9,Increasing,
HD,,2024.0,38.4,,57.3,2026-05-27,18.9,Increasing,
HON,,2024.0,63.7,,44.5,2026-04-23,-19.2,Decreasing,
HPQ,,2024.0,47.2,,64.9,2026-05-28,17.7,Increasing,
ICE,,2024.0,72.0,,60.7,2026-04-30,-11.3,Decreasing,
INTC,,2024.0,24.3,,48.4,2026-04-24,24.1,Increasing,10-Q text unusually short; score may be inflated.
INTU,,2024.0,36.1,,38.5,2026-05-20,2.4,Stable,
ISRG,,2024.0,41.7,,58.1,2026-04-22,16.4,Increasing,
JNJ,,2024.0,88.7,,53.6,2026-04-22,-35.1,Decreasing,
JNPR,Juniper Networks Inc,,,,59.6,2025-05-09,,Unavailable,
JPM,,2024.0,74.8,,45.4,2026-05-01,-29.4,Decreasing,
KLAC,,2024.0,67.5,,48.4,2026-04-30,-19.1,Decreasing,
KO,,2024.0,38.7,,64.3,2026-04-30,25.6,Increasing,
LMT,,2024.0,69.7,,62.5,2026-04-23,-7.2,Stable,
LOGI,,2024.0,50.7,,50.0,2026-01-28,-0.7,Stable,
LOW,,2024.0,64.8,,48.1,2026-05-28,-16.7,Decreasing,
LRCX,,2024.0,51.9,,54.5,2026-04-23,2.6,Stable,
MA,,2024.0,34.5,,63.1,2026-04-30,28.6,Increasing,
MCD,,2024.0,19.8,,24.0,2026-05-07,4.2,Stable,
MCHP,,2024.0,63.2,,62.9,2026-02-05,-0.3,Stable,
MDLZ,,2024.0,51.9,,52.8,2026-07-28,0.9,Stable,
META,,2024.0,44.3,,41.9,2026-04-30,-2.4,Stable,
MMM,,2024.0,85.7,,45.0,2026-04-21,-40.7,Decreasing,
MPWR,,2024.0,67.6,,49.1,2026-05-04,-18.5,Decreasing,
MRK,,2024.0,24.0,,52.9,2026-05-04,28.9,Increasing,10-Q text unusually short; score may be inflated.
MRVL,,2024.0,63.9,,62.9,2026-08-28,-1.0,Stable,
MS,Morgan Stanley,,,,60.3,2026-05-05,,Unavailable,
MSFT,,2024.0,24.5,,43.5,2026-04-29,19.0,Increasing,
MSI,,2024.0,59.3,,32.0,2026-05-07,-27.3,Decreasing,
MU,,2024.0,50.2,,35.1,2026-06-25,-15.1,Decreasing,
NEE,,2024.0,43.2,,87.0,2026-04-23,43.8,Increasing,
NFLX,,2024.0,78.7,,31.3,2026-04-17,-47.4,Decreasing,
NKE,,2024.0,60.4,,32.0,2026-04-01,-28.4,Decreasing,
NOC,,2024.0,85.1,,58.0,2026-04-21,-27.1,Decreasing,
NOW,,2024.0,55.8,,31.7,2026-04-23,-24.1,Decreasing,
NVDA,,2024.0,38.9,,61.0,2026-05-20,22.1,Increasing,
OKTA,,2024.0,43.8,,35.4,2026-05-29,-8.4,Stable,
ON,,2024.0,41.0,,51.3,2026-08-03,10.3,Increasing,
ORCL,,2024.0,22.2,,32.5,2026-03-11,10.3,Increasing,
OXY,,2024.0,81.6,,64.6,2026-05-05,-17.0,Decreasing,
PANW,,2024.0,67.2,,35.9,2026-06-03,-31.3,Decreasing,
PEP,,2024.0,59.2,,69.6,2026-07-09,10.4,Increasing,
PFE,,2024.0,49.2,,71.3,2026-05-05,22.1,Increasing,
PG,,2024.0,73.9,,60.4,2026-04-24,-13.5,Decreasing,
PLD,,2024.0,70.5,,33.9,2026-04-30,-36.6,Decreasing,
PM,,2024.0,80.4,,54.3,2026-04-24,-26.1,Decreasing,
PYPL,,2024.0,52.8,,37.4,2026-05-05,-15.4,Decreasing,
QCOM,,2024.0,25.3,,64.5,2026-04-29,39.2,Increasing,
REGN,,2024.0,28.5,,39.6,2026-04-29,11.1,Increasing,
SBUX,,2024.0,53.7,,56.7,2026-04-28,3.0,Stable,
SCHW,,2024.0,56.2,,55.2,2026-08-07,-1.0,Stable,
SLB,,2024.0,67.3,,64.6,2026-04-29,-2.7,Stable,
SNDK,Sandisk Corp,,,,27.8,2026-05-01,,Unavailable,
SNPS,,2024.0,63.3,,31.5,2026-05-27,-31.8,Decreasing,
SO,,2019.0,47.5,,35.2,2026-04-30,-12.3,Decreasing,
STX,,2024.0,50.2,,56.9,2026-04-29,6.7,Stable,
SWKS,,2024.0,67.1,,59.1,2026-05-05,-8.0,Stable,
SYMC,Symantec Corp,,,,45.0,2026-02-06,,Unavailable,
T,,2024.0,88.7,,26.9,2026-04-27,-61.8,Decreasing,
TGT,,2024.0,70.6,,52.4,2026-05-29,-18.2,Decreasing,
TMO,,2024.0,68.3,,56.3,2026-05-01,-12.0,Decreasing,
TMUS,,2024.0,83.1,,43.0,2026-04-28,-40.1,Decreasing,
TSLA,,2024.0,35.7,,63.5,2026-04-23,27.8,Increasing,
TXN,,2024.0,85.2,,67.2,2026-04-24,-18.0,Decreasing,
UNH,,2024.0,49.8,,74.6,2026-05-05,24.8,Increasing,
UPS,,2024.0,78.6,,54.9,2026-05-06,-23.7,Decreasing,
V,,2024.0,37.8,,44.4,2026-04-29,6.6,Stable,
VMW,VMware Inc,,,,27.5,2023-09-07,,Unavailable,
VRTX,,2024.0,11.7,,30.3,2026-05-05,18.6,Increasing,
VZ,,2024.0,68.8,,49.6,2026-05-01,-19.2,Decreasing,
WDAY,,2024.0,58.8,,56.4,2026-05-22,-2.4,Stable,
WDC,,2024.0,61.7,,43.9,2026-05-01,-17.8,Decreasing,
WFC,,2019.0,66.8,,64.1,2026-04-29,-2.7,Stable,
WMT,,2024.0,40.0,,57.5,2026-05-29,17.5,Increasing,
XLNX,Xilinx Inc,,,,57.2,2022-01-27,,Unavailable,
XOM,,2024.0,51.7,,49.0,2026-05-04,-2.7,Stable,
ZS,,2024.0,61.9,,42.6,2026-05-26,-19.3,Decreasing,
