ticker,company_name,cik,year,form_type,filing_date,report_date,accession_number,primary_doc,filing_url,filing_text_path,fetch_status,failure_reason
ADBE,Adobe Systems Inc,796343,2011,10-K,2012-01-26,2011-12-02,0000796343-12-000003,adbe10kfy11.htm,https://www.sec.gov/Archives/edgar/data/796343/000079634312000003/adbe10kfy11.htm,/Users/bao/equity_screener/sec_filing_text_cache/ADBE_2011.txt,found,
ADBE,Adobe Systems Inc,796343,2012,10-K,2013-01-22,2012-11-30,0000796343-13-000008,adbe10kfy12.htm,https://www.sec.gov/Archives/edgar/data/796343/000079634313000008/adbe10kfy12.htm,/Users/bao/equity_screener/sec_filing_text_cache/ADBE_2012.txt,found,
ADBE,Adobe Systems Inc,796343,2013,10-K,2014-01-21,2013-11-29,0000796343-14-000004,adbe10kfy13.htm,https://www.sec.gov/Archives/edgar/data/796343/000079634314000004/adbe10kfy13.htm,/Users/bao/equity_screener/sec_filing_text_cache/ADBE_2013.txt,found,
ADBE,Adobe Systems Inc,796343,2014,10-K,2015-01-20,2014-11-28,0000796343-15-000022,adbe10kfy14.htm,https://www.sec.gov/Archives/edgar/data/796343/000079634315000022/adbe10kfy14.htm,/Users/bao/equity_screener/sec_filing_text_cache/ADBE_2014.txt,found,
ADBE,Adobe Systems Inc,796343,2015,10-K,2016-01-19,2015-11-27,0000796343-16-000224,adbe10kfy15.htm,https://www.sec.gov/Archives/edgar/data/796343/000079634316000224/adbe10kfy15.htm,/Users/bao/equity_screener/sec_filing_text_cache/ADBE_2015.txt,found,
ADBE,Adobe Systems Inc,796343,2017,10-K,2018-01-22,2017-12-01,0000796343-18-000015,adbe10kfy17.htm,https://www.sec.gov/Archives/edgar/data/796343/000079634318000015/adbe10kfy17.htm,/Users/bao/equity_screener/sec_filing_text_cache/ADBE_2017.txt,found,
ADBE,Adobe Systems Inc,796343,2018,10-K,2019-01-25,2018-11-30,0000796343-19-000019,adbe10kfy18.htm,https://www.sec.gov/Archives/edgar/data/796343/000079634319000019/adbe10kfy18.htm,/Users/bao/equity_screener/sec_filing_text_cache/ADBE_2018.txt,found,
ADBE,Adobe Systems Inc,796343,2019,10-K,2020-01-21,2019-11-29,0000796343-20-000013,adbe10kfy19.htm,https://www.sec.gov/Archives/edgar/data/796343/000079634320000013/adbe10kfy19.htm,/Users/bao/equity_screener/sec_filing_text_cache/ADBE_2019.txt,found,
ADBE,Adobe Systems Inc,796343,2020,10-K,2021-01-15,2020-11-27,0000796343-21-000004,adbe-20201127.htm,https://www.sec.gov/Archives/edgar/data/796343/000079634321000004/adbe-20201127.htm,/Users/bao/equity_screener/sec_filing_text_cache/ADBE_2020.txt,found,
ADBE,Adobe Systems Inc,796343,2021,10-K,2022-01-21,2021-12-03,0000796343-22-000032,adbe-20211203.htm,https://www.sec.gov/Archives/edgar/data/796343/000079634322000032/adbe-20211203.htm,/Users/bao/equity_screener/sec_filing_text_cache/ADBE_2021.txt,found,
ADBE,Adobe Systems Inc,796343,2022,10-K,2023-01-17,2022-12-02,0000796343-23-000007,adbe-20221202.htm,https://www.sec.gov/Archives/edgar/data/796343/000079634323000007/adbe-20221202.htm,/Users/bao/equity_screener/sec_filing_text_cache/ADBE_2022.txt,found,
ADBE,Adobe Systems Inc,796343,2023,10-K,2024-01-17,2023-12-01,0000796343-24-000006,adbe-20231201.htm,https://www.sec.gov/Archives/edgar/data/796343/000079634324000006/adbe-20231201.htm,/Users/bao/equity_screener/sec_filing_text_cache/ADBE_2023.txt,found,
ADBE,Adobe Systems Inc,796343,2024,10-K,2025-01-13,2024-11-29,0000796343-25-000004,adbe-20241129.htm,https://www.sec.gov/Archives/edgar/data/796343/000079634325000004/adbe-20241129.htm,/Users/bao/equity_screener/sec_filing_text_cache/ADBE_2024.txt,found,
ADI,Analog Devices Inc,6281,2011,10-K,2011-11-22,2011-10-29,0000950123-11-099928,b87841e10vk.htm,https://www.sec.gov/Archives/edgar/data/6281/000095012311099928/b87841e10vk.htm,/Users/bao/equity_screener/sec_filing_text_cache/ADI_2011.txt,found,
ADI,Analog Devices Inc,6281,2012,10-K,2012-11-27,2012-11-03,0000006281-12-000010,adi-1132012x10k.htm,https://www.sec.gov/Archives/edgar/data/6281/000000628112000010/adi-1132012x10k.htm,/Users/bao/equity_screener/sec_filing_text_cache/ADI_2012.txt,found,
ADI,Analog Devices Inc,6281,2013,10-K,2013-11-26,2013-11-02,0000006281-13-000040,adi-1122013x10k.htm,https://www.sec.gov/Archives/edgar/data/6281/000000628113000040/adi-1122013x10k.htm,/Users/bao/equity_screener/sec_filing_text_cache/ADI_2013.txt,found,
ADI,Analog Devices Inc,6281,2014,10-K,2014-12-10,2014-11-01,0000006281-14-000039,adi-1112014x10k.htm,https://www.sec.gov/Archives/edgar/data/6281/000000628114000039/adi-1112014x10k.htm,/Users/bao/equity_screener/sec_filing_text_cache/ADI_2014.txt,found,
ADI,Analog Devices Inc,6281,2015,10-K,2015-11-24,2015-10-31,0000006281-15-000044,adi-10312015x10k.htm,https://www.sec.gov/Archives/edgar/data/6281/000000628115000044/adi-10312015x10k.htm,/Users/bao/equity_screener/sec_filing_text_cache/ADI_2015.txt,found,
ADI,Analog Devices Inc,6281,2017,10-K,2017-11-22,2017-10-28,0000006281-17-000144,adi-10282017x10k.htm,https://www.sec.gov/Archives/edgar/data/6281/000000628117000144/adi-10282017x10k.htm,/Users/bao/equity_screener/sec_filing_text_cache/ADI_2017.txt,found,
ADI,Analog Devices Inc,6281,2018,10-K,2018-11-27,2018-11-03,0000006281-18-000126,adi-1132018x10k.htm,https://www.sec.gov/Archives/edgar/data/6281/000000628118000126/adi-1132018x10k.htm,/Users/bao/equity_screener/sec_filing_text_cache/ADI_2018.txt,found,
ADI,Analog Devices Inc,6281,2019,10-K,2019-11-26,2019-11-02,0000006281-19-000144,adi-20191102.htm,https://www.sec.gov/Archives/edgar/data/6281/000000628119000144/adi-20191102.htm,/Users/bao/equity_screener/sec_filing_text_cache/ADI_2019.txt,found,
ADI,Analog Devices Inc,6281,2020,10-K,2020-11-24,2020-10-31,0000006281-20-000156,adi-20201031.htm,https://www.sec.gov/Archives/edgar/data/6281/000000628120000156/adi-20201031.htm,/Users/bao/equity_screener/sec_filing_text_cache/ADI_2020.txt,found,
ADI,Analog Devices Inc,6281,2021,10-K,2021-12-03,2021-10-30,0000006281-21-000294,adi-20211030.htm,https://www.sec.gov/Archives/edgar/data/6281/000000628121000294/adi-20211030.htm,/Users/bao/equity_screener/sec_filing_text_cache/ADI_2021.txt,found,
ADI,Analog Devices Inc,6281,2022,10-K,2022-11-22,2022-10-29,0000006281-22-000250,adi-20221029.htm,https://www.sec.gov/Archives/edgar/data/6281/000000628122000250/adi-20221029.htm,/Users/bao/equity_screener/sec_filing_text_cache/ADI_2022.txt,found,
ADI,Analog Devices Inc,6281,2023,10-K,2023-11-21,2023-10-28,0000006281-23-000203,adi-20231028.htm,https://www.sec.gov/Archives/edgar/data/6281/000000628123000203/adi-20231028.htm,/Users/bao/equity_screener/sec_filing_text_cache/ADI_2023.txt,found,
ADI,Analog Devices Inc,6281,2024,10-K,2024-11-26,2024-11-02,0000006281-24-000204,adi-20241102.htm,https://www.sec.gov/Archives/edgar/data/6281/000000628124000204/adi-20241102.htm,/Users/bao/equity_screener/sec_filing_text_cache/ADI_2024.txt,found,
ADSK,Autodesk Inc,769397,2010,10-K,2010-03-19,2010-01-31,0001193125-10-061070,d10k.htm,https://www.sec.gov/Archives/edgar/data/769397/000119312510061070/d10k.htm,/Users/bao/equity_screener/sec_filing_text_cache/ADSK_2010.txt,found,
ADSK,Autodesk Inc,769397,2011,10-K,2011-03-18,2011-01-31,0001193125-11-071209,d10k.htm,https://www.sec.gov/Archives/edgar/data/769397/000119312511071209/d10k.htm,/Users/bao/equity_screener/sec_filing_text_cache/ADSK_2011.txt,found,
ADSK,Autodesk Inc,769397,2012,10-K,2012-03-15,2012-01-31,0000769397-12-000005,adsk-0131201210xk.htm,https://www.sec.gov/Archives/edgar/data/769397/000076939712000005/adsk-0131201210xk.htm,/Users/bao/equity_screener/sec_filing_text_cache/ADSK_2012.txt,found,
ADSK,Autodesk Inc,769397,2013,10-K,2013-03-18,2013-01-31,0000769397-13-000007,adsk-0131201310xk.htm,https://www.sec.gov/Archives/edgar/data/769397/000076939713000007/adsk-0131201310xk.htm,/Users/bao/equity_screener/sec_filing_text_cache/ADSK_2013.txt,found,
ADSK,Autodesk Inc,769397,2014,10-K,2014-03-10,2014-01-31,0000769397-14-000018,adsk-0131201410xk.htm,https://www.sec.gov/Archives/edgar/data/769397/000076939714000018/adsk-0131201410xk.htm,/Users/bao/equity_screener/sec_filing_text_cache/ADSK_2014.txt,found,
ADSK,Autodesk Inc,769397,2015,10-K,2015-03-18,2015-01-31,0000769397-15-000012,adsk-0131201510xk.htm,https://www.sec.gov/Archives/edgar/data/769397/000076939715000012/adsk-0131201510xk.htm,/Users/bao/equity_screener/sec_filing_text_cache/ADSK_2015.txt,found,
ADSK,Autodesk Inc,769397,2017,10-K,2017-03-21,2017-01-31,0000769397-17-000014,adsk-0131201710xk.htm,https://www.sec.gov/Archives/edgar/data/769397/000076939717000014/adsk-0131201710xk.htm,/Users/bao/equity_screener/sec_filing_text_cache/ADSK_2017.txt,found,
ADSK,Autodesk Inc,769397,2018,10-K,2018-03-22,2018-01-31,0000769397-18-000011,adsk-0131201810xk.htm,https://www.sec.gov/Archives/edgar/data/769397/000076939718000011/adsk-0131201810xk.htm,/Users/bao/equity_screener/sec_filing_text_cache/ADSK_2018.txt,found,
ADSK,Autodesk Inc,769397,2019,10-K,2019-03-25,2019-01-31,0000769397-19-000016,adsk-0131201910xk.htm,https://www.sec.gov/Archives/edgar/data/769397/000076939719000016/adsk-0131201910xk.htm,/Users/bao/equity_screener/sec_filing_text_cache/ADSK_2019.txt,found,
ADSK,Autodesk Inc,769397,2020,10-K,2020-03-19,2020-01-31,0000769397-20-000013,adsk-0131202010xk.htm,https://www.sec.gov/Archives/edgar/data/769397/000076939720000013/adsk-0131202010xk.htm,/Users/bao/equity_screener/sec_filing_text_cache/ADSK_2020.txt,found,
ADSK,Autodesk Inc,769397,2021,10-K,2021-03-19,2021-01-31,0000769397-21-000014,adsk-20210131.htm,https://www.sec.gov/Archives/edgar/data/769397/000076939721000014/adsk-20210131.htm,/Users/bao/equity_screener/sec_filing_text_cache/ADSK_2021.txt,found,
ADSK,Autodesk Inc,769397,2022,10-K,2022-03-14,2022-01-31,0000769397-22-000019,adsk-20220131.htm,https://www.sec.gov/Archives/edgar/data/769397/000076939722000019/adsk-20220131.htm,/Users/bao/equity_screener/sec_filing_text_cache/ADSK_2022.txt,found,
ADSK,Autodesk Inc,769397,2023,10-K,2023-03-14,2023-01-31,0000769397-23-000036,adsk-20230131.htm,https://www.sec.gov/Archives/edgar/data/769397/000076939723000036/adsk-20230131.htm,/Users/bao/equity_screener/sec_filing_text_cache/ADSK_2023.txt,found,
ADSK,Autodesk Inc,769397,2024,10-K,2024-06-10,2024-01-31,0000769397-24-000090,adsk-20240131.htm,https://www.sec.gov/Archives/edgar/data/769397/000076939724000090/adsk-20240131.htm,/Users/bao/equity_screener/sec_filing_text_cache/ADSK_2024.txt,found,
AKAM,Akamai Technologies Inc,1086222,2011,10-K,2012-02-29,2011-12-31,0001266432-12-000010,akam10k123111.htm,https://www.sec.gov/Archives/edgar/data/1086222/000126643212000010/akam10k123111.htm,/Users/bao/equity_screener/sec_filing_text_cache/AKAM_2011.txt,found,
AKAM,Akamai Technologies Inc,1086222,2012,10-K,2013-03-01,2012-12-31,0001266432-13-000021,akam10k123112.htm,https://www.sec.gov/Archives/edgar/data/1086222/000126643213000021/akam10k123112.htm,/Users/bao/equity_screener/sec_filing_text_cache/AKAM_2012.txt,found,
AKAM,Akamai Technologies Inc,1086222,2013,10-K,2014-03-03,2013-12-31,0001542567-14-000009,akam10k123113.htm,https://www.sec.gov/Archives/edgar/data/1086222/000154256714000009/akam10k123113.htm,/Users/bao/equity_screener/sec_filing_text_cache/AKAM_2013.txt,found,
AKAM,Akamai Technologies Inc,1086222,2014,10-K,2015-03-02,2014-12-31,0001086222-15-000066,akam10k123114.htm,https://www.sec.gov/Archives/edgar/data/1086222/000108622215000066/akam10k123114.htm,/Users/bao/equity_screener/sec_filing_text_cache/AKAM_2014.txt,found,
AKAM,Akamai Technologies Inc,1086222,2015,10-K,2016-02-29,2015-12-31,0001086222-16-000245,akam10k123115.htm,https://www.sec.gov/Archives/edgar/data/1086222/000108622216000245/akam10k123115.htm,/Users/bao/equity_screener/sec_filing_text_cache/AKAM_2015.txt,found,
AKAM,Akamai Technologies Inc,1086222,2017,10-K,2018-03-01,2017-12-31,0001086222-18-000052,akam10k123117.htm,https://www.sec.gov/Archives/edgar/data/1086222/000108622218000052/akam10k123117.htm,/Users/bao/equity_screener/sec_filing_text_cache/AKAM_2017.txt,found,
AKAM,Akamai Technologies Inc,1086222,2018,10-K,2019-02-28,2018-12-31,0001086222-19-000066,akam10k123118.htm,https://www.sec.gov/Archives/edgar/data/1086222/000108622219000066/akam10k123118.htm,/Users/bao/equity_screener/sec_filing_text_cache/AKAM_2018.txt,found,
AKAM,Akamai Technologies Inc,1086222,2019,10-K,2020-02-28,2019-12-31,0001086222-20-000045,akam10k123119.htm,https://www.sec.gov/Archives/edgar/data/1086222/000108622220000045/akam10k123119.htm,/Users/bao/equity_screener/sec_filing_text_cache/AKAM_2019.txt,found,
AKAM,Akamai Technologies Inc,1086222,2020,10-K,2021-02-26,2020-12-31,0001086222-21-000075,akam-20201231.htm,https://www.sec.gov/Archives/edgar/data/1086222/000108622221000075/akam-20201231.htm,/Users/bao/equity_screener/sec_filing_text_cache/AKAM_2020.txt,found,
AKAM,Akamai Technologies Inc,1086222,2021,10-K,2022-02-28,2021-12-31,0001086222-22-000058,akam-20211231.htm,https://www.sec.gov/Archives/edgar/data/1086222/000108622222000058/akam-20211231.htm,/Users/bao/equity_screener/sec_filing_text_cache/AKAM_2021.txt,found,
AKAM,Akamai Technologies Inc,1086222,2022,10-K,2023-02-28,2022-12-31,0001086222-23-000078,akam-20221231.htm,https://www.sec.gov/Archives/edgar/data/1086222/000108622223000078/akam-20221231.htm,/Users/bao/equity_screener/sec_filing_text_cache/AKAM_2022.txt,found,
AKAM,Akamai Technologies Inc,1086222,2023,10-K,2024-02-28,2023-12-31,0001086222-24-000040,akam-20231231.htm,https://www.sec.gov/Archives/edgar/data/1086222/000108622224000040/akam-20231231.htm,/Users/bao/equity_screener/sec_filing_text_cache/AKAM_2023.txt,found,
AKAM,Akamai Technologies Inc,1086222,2024,10-K,2025-02-24,2024-12-31,0001086222-25-000028,akam-20241231.htm,https://www.sec.gov/Archives/edgar/data/1086222/000108622225000028/akam-20241231.htm,/Users/bao/equity_screener/sec_filing_text_cache/AKAM_2024.txt,found,
AMAT,Applied Materials Inc,6951,2011,10-K,2011-12-06,2011-10-30,0001193125-11-332050,d250870d10k.htm,https://www.sec.gov/Archives/edgar/data/6951/000119312511332050/d250870d10k.htm,/Users/bao/equity_screener/sec_filing_text_cache/AMAT_2011.txt,found,
AMAT,Applied Materials Inc,6951,2012,10-K,2012-12-05,2012-10-28,0000006951-12-000018,amat10282012-10kdoc.htm,https://www.sec.gov/Archives/edgar/data/6951/000000695112000018/amat10282012-10kdoc.htm,/Users/bao/equity_screener/sec_filing_text_cache/AMAT_2012.txt,found,
AMAT,Applied Materials Inc,6951,2014,10-K,2014-12-17,2014-10-26,0000006951-14-000037,amat10262014-10kdoc.htm,https://www.sec.gov/Archives/edgar/data/6951/000000695114000037/amat10262014-10kdoc.htm,/Users/bao/equity_screener/sec_filing_text_cache/AMAT_2014.txt,found,
AMAT,Applied Materials Inc,6951,2015,10-K,2015-12-09,2015-10-25,0000006951-15-000034,amat10252015-10xkdoc.htm,https://www.sec.gov/Archives/edgar/data/6951/000000695115000034/amat10252015-10xkdoc.htm,/Users/bao/equity_screener/sec_filing_text_cache/AMAT_2015.txt,found,
AMAT,Applied Materials Inc,6951,2017,10-K,2017-12-15,2017-10-29,0000006951-17-000038,amat1029201710-kq42017.htm,https://www.sec.gov/Archives/edgar/data/6951/000000695117000038/amat1029201710-kq42017.htm,/Users/bao/equity_screener/sec_filing_text_cache/AMAT_2017.txt,found,
AMAT,Applied Materials Inc,6951,2018,10-K,2018-12-13,2018-10-28,0000006951-18-000041,amat1028201810-kq42018.htm,https://www.sec.gov/Archives/edgar/data/6951/000000695118000041/amat1028201810-kq42018.htm,/Users/bao/equity_screener/sec_filing_text_cache/AMAT_2018.txt,found,
AMAT,Applied Materials Inc,6951,2019,10-K,2019-12-13,2019-10-27,0000006951-19-000046,amat-20191027.htm,https://www.sec.gov/Archives/edgar/data/6951/000000695119000046/amat-20191027.htm,/Users/bao/equity_screener/sec_filing_text_cache/AMAT_2019.txt,found,
AMAT,Applied Materials Inc,6951,2020,10-K,2020-12-11,2020-10-25,0000006951-20-000048,amat-20201025.htm,https://www.sec.gov/Archives/edgar/data/6951/000000695120000048/amat-20201025.htm,/Users/bao/equity_screener/sec_filing_text_cache/AMAT_2020.txt,found,
AMAT,Applied Materials Inc,6951,2021,10-K,2021-12-17,2021-10-31,0000006951-21-000043,amat-20211031.htm,https://www.sec.gov/Archives/edgar/data/6951/000000695121000043/amat-20211031.htm,/Users/bao/equity_screener/sec_filing_text_cache/AMAT_2021.txt,found,
AMAT,Applied Materials Inc,6951,2022,10-K,2022-12-16,2022-10-30,0000006951-22-000043,amat-20221030.htm,https://www.sec.gov/Archives/edgar/data/6951/000000695122000043/amat-20221030.htm,/Users/bao/equity_screener/sec_filing_text_cache/AMAT_2022.txt,found,
AMAT,Applied Materials Inc,6951,2023,10-K,2023-12-15,2023-10-29,0000006951-23-000041,amat-20231029.htm,https://www.sec.gov/Archives/edgar/data/6951/000000695123000041/amat-20231029.htm,/Users/bao/equity_screener/sec_filing_text_cache/AMAT_2023.txt,found,
AMAT,Applied Materials Inc,6951,2024,10-K,2024-12-13,2024-10-27,0000006951-24-000044,amat-20241027.htm,https://www.sec.gov/Archives/edgar/data/6951/000000695124000044/amat-20241027.htm,/Users/bao/equity_screener/sec_filing_text_cache/AMAT_2024.txt,found,
AMZN,Amazon COM Inc,1018724,2011,10-K,2012-02-01,2011-12-31,0001193125-12-032846,d269317d10k.htm,https://www.sec.gov/Archives/edgar/data/1018724/000119312512032846/d269317d10k.htm,/Users/bao/equity_screener/sec_filing_text_cache/AMZN_2011.txt,found,
AMZN,Amazon COM Inc,1018724,2012,10-K,2013-01-30,2012-12-31,0001193125-13-028520,d445434d10k.htm,https://www.sec.gov/Archives/edgar/data/1018724/000119312513028520/d445434d10k.htm,/Users/bao/equity_screener/sec_filing_text_cache/AMZN_2012.txt,found,
AMZN,Amazon COM Inc,1018724,2013,10-K,2014-01-31,2013-12-31,0001018724-14-000006,amzn-20131231x10k.htm,https://www.sec.gov/Archives/edgar/data/1018724/000101872414000006/amzn-20131231x10k.htm,/Users/bao/equity_screener/sec_filing_text_cache/AMZN_2013.txt,found,
AMZN,Amazon COM Inc,1018724,2014,10-K,2015-01-30,2014-12-31,0001018724-15-000006,amzn-20141231x10k.htm,https://www.sec.gov/Archives/edgar/data/1018724/000101872415000006/amzn-20141231x10k.htm,/Users/bao/equity_screener/sec_filing_text_cache/AMZN_2014.txt,found,
AMZN,Amazon COM Inc,1018724,2015,10-K,2016-01-29,2015-12-31,0001018724-16-000172,amzn-20151231x10k.htm,https://www.sec.gov/Archives/edgar/data/1018724/000101872416000172/amzn-20151231x10k.htm,/Users/bao/equity_screener/sec_filing_text_cache/AMZN_2015.txt,found,
AMZN,Amazon COM Inc,1018724,2017,10-K,2018-02-02,2017-12-31,0001018724-18-000005,amzn-20171231x10k.htm,https://www.sec.gov/Archives/edgar/data/1018724/000101872418000005/amzn-20171231x10k.htm,/Users/bao/equity_screener/sec_filing_text_cache/AMZN_2017.txt,found,
AMZN,Amazon COM Inc,1018724,2018,10-K,2019-02-01,2018-12-31,0001018724-19-000004,amzn-20181231x10k.htm,https://www.sec.gov/Archives/edgar/data/1018724/000101872419000004/amzn-20181231x10k.htm,/Users/bao/equity_screener/sec_filing_text_cache/AMZN_2018.txt,found,
AMZN,Amazon COM Inc,1018724,2019,10-K,2020-01-31,2019-12-31,0001018724-20-000004,amzn-20191231x10k.htm,https://www.sec.gov/Archives/edgar/data/1018724/000101872420000004/amzn-20191231x10k.htm,/Users/bao/equity_screener/sec_filing_text_cache/AMZN_2019.txt,found,
AMZN,Amazon COM Inc,1018724,2020,10-K,2021-02-03,2020-12-31,0001018724-21-000004,amzn-20201231.htm,https://www.sec.gov/Archives/edgar/data/1018724/000101872421000004/amzn-20201231.htm,/Users/bao/equity_screener/sec_filing_text_cache/AMZN_2020.txt,found,
AMZN,Amazon COM Inc,1018724,2021,10-K,2022-02-04,2021-12-31,0001018724-22-000005,amzn-20211231.htm,https://www.sec.gov/Archives/edgar/data/1018724/000101872422000005/amzn-20211231.htm,/Users/bao/equity_screener/sec_filing_text_cache/AMZN_2021.txt,found,
AMZN,Amazon COM Inc,1018724,2022,10-K,2023-02-03,2022-12-31,0001018724-23-000004,amzn-20221231.htm,https://www.sec.gov/Archives/edgar/data/1018724/000101872423000004/amzn-20221231.htm,/Users/bao/equity_screener/sec_filing_text_cache/AMZN_2022.txt,found,
AMZN,Amazon COM Inc,1018724,2023,10-K,2024-02-02,2023-12-31,0001018724-24-000008,amzn-20231231.htm,https://www.sec.gov/Archives/edgar/data/1018724/000101872424000008/amzn-20231231.htm,/Users/bao/equity_screener/sec_filing_text_cache/AMZN_2023.txt,found,
AMZN,Amazon COM Inc,1018724,2024,10-K,2025-02-07,2024-12-31,0001018724-25-000004,amzn-20241231.htm,https://www.sec.gov/Archives/edgar/data/1018724/000101872425000004/amzn-20241231.htm,/Users/bao/equity_screener/sec_filing_text_cache/AMZN_2024.txt,found,
CRM,Salesforce COM Inc,1108524,2010,10-K,2010-03-11,2010-01-31,0001193125-10-053838,d10k.htm,https://www.sec.gov/Archives/edgar/data/1108524/000119312510053838/d10k.htm,/Users/bao/equity_screener/sec_filing_text_cache/CRM_2010.txt,found,
CRM,Salesforce COM Inc,1108524,2011,10-K,2011-03-23,2011-01-31,0001193125-11-075314,d10k.htm,https://www.sec.gov/Archives/edgar/data/1108524/000119312511075314/d10k.htm,/Users/bao/equity_screener/sec_filing_text_cache/CRM_2011.txt,found,
CRM,Salesforce COM Inc,1108524,2012,10-K,2012-03-09,2012-01-31,0001193125-12-107281,d279348d10k.htm,https://www.sec.gov/Archives/edgar/data/1108524/000119312512107281/d279348d10k.htm,/Users/bao/equity_screener/sec_filing_text_cache/CRM_2012.txt,found,
CRM,Salesforce COM Inc,1108524,2013,10-K,2013-03-08,2013-01-31,0001193125-13-098852,d466584d10k.htm,https://www.sec.gov/Archives/edgar/data/1108524/000119312513098852/d466584d10k.htm,/Users/bao/equity_screener/sec_filing_text_cache/CRM_2013.txt,found,
CRM,Salesforce COM Inc,1108524,2014,10-K,2014-03-05,2014-01-31,0001193125-14-084762,d648028d10k.htm,https://www.sec.gov/Archives/edgar/data/1108524/000119312514084762/d648028d10k.htm,/Users/bao/equity_screener/sec_filing_text_cache/CRM_2014.txt,found,
CRM,Salesforce COM Inc,1108524,2015,10-K,2015-03-06,2015-01-31,0001108524-15-000008,crm-2015131x10k.htm,https://www.sec.gov/Archives/edgar/data/1108524/000110852415000008/crm-2015131x10k.htm,/Users/bao/equity_screener/sec_filing_text_cache/CRM_2015.txt,found,
CRM,Salesforce COM Inc,1108524,2017,10-K,2017-03-06,2017-01-31,0001108524-17-000006,crm-2017131x10k.htm,https://www.sec.gov/Archives/edgar/data/1108524/000110852417000006/crm-2017131x10k.htm,/Users/bao/equity_screener/sec_filing_text_cache/CRM_2017.txt,found,
CRM,Salesforce COM Inc,1108524,2018,10-K,2018-03-09,2018-01-31,0001108524-18-000011,crmq4fy1810-k.htm,https://www.sec.gov/Archives/edgar/data/1108524/000110852418000011/crmq4fy1810-k.htm,/Users/bao/equity_screener/sec_filing_text_cache/CRM_2018.txt,found,
CRM,Salesforce COM Inc,1108524,2019,10-K,2019-03-08,2019-01-31,0001108524-19-000009,crmq4fy1910-k.htm,https://www.sec.gov/Archives/edgar/data/1108524/000110852419000009/crmq4fy1910-k.htm,/Users/bao/equity_screener/sec_filing_text_cache/CRM_2019.txt,found,
CRM,Salesforce COM Inc,1108524,2020,10-K,2020-03-05,2020-01-31,0001108524-20-000014,crm-20200131.htm,https://www.sec.gov/Archives/edgar/data/1108524/000110852420000014/crm-20200131.htm,/Users/bao/equity_screener/sec_filing_text_cache/CRM_2020.txt,found,
CRM,Salesforce COM Inc,1108524,2021,10-K,2021-03-17,2021-01-31,0001108524-22-000008,crm-20210131.htm,https://www.sec.gov/Archives/edgar/data/1108524/000110852422000008/crm-20210131.htm,/Users/bao/equity_screener/sec_filing_text_cache/CRM_2021.txt,found,
CRM,Salesforce COM Inc,1108524,2022,10-K,2022-03-11,2022-01-31,0001108524-22-000013,crm-20220131.htm,https://www.sec.gov/Archives/edgar/data/1108524/000110852422000013/crm-20220131.htm,/Users/bao/equity_screener/sec_filing_text_cache/CRM_2022.txt,found,
CRM,Salesforce COM Inc,1108524,2023,10-K,2023-03-08,2023-01-31,0001108524-23-000011,crm-20230131.htm,https://www.sec.gov/Archives/edgar/data/1108524/000110852423000011/crm-20230131.htm,/Users/bao/equity_screener/sec_filing_text_cache/CRM_2023.txt,found,
CRM,Salesforce COM Inc,1108524,2024,10-K,2024-03-06,2024-01-31,0001108524-24-000005,crm-20240131.htm,https://www.sec.gov/Archives/edgar/data/1108524/000110852424000005/crm-20240131.htm,/Users/bao/equity_screener/sec_filing_text_cache/CRM_2024.txt,found,
CSCO,Cisco Systems Inc,858877,2011,10-K,2011-09-14,2011-07-30,0001193125-11-247394,d202951d10k.htm,https://www.sec.gov/Archives/edgar/data/858877/000119312511247394/d202951d10k.htm,/Users/bao/equity_screener/sec_filing_text_cache/CSCO_2011.txt,found,
CSCO,Cisco Systems Inc,858877,2012,10-K,2012-09-12,2012-07-28,0001193125-12-388590,d365054d10k.htm,https://www.sec.gov/Archives/edgar/data/858877/000119312512388590/d365054d10k.htm,/Users/bao/equity_screener/sec_filing_text_cache/CSCO_2012.txt,found,
CSCO,Cisco Systems Inc,858877,2013,10-K,2013-09-10,2013-07-27,0000858877-13-000049,csco-2013727x10k.htm,https://www.sec.gov/Archives/edgar/data/858877/000085887713000049/csco-2013727x10k.htm,/Users/bao/equity_screener/sec_filing_text_cache/CSCO_2013.txt,found,
CSCO,Cisco Systems Inc,858877,2014,10-K,2014-09-09,2014-07-26,0000858877-14-000029,csco-2014726x10k.htm,https://www.sec.gov/Archives/edgar/data/858877/000085887714000029/csco-2014726x10k.htm,/Users/bao/equity_screener/sec_filing_text_cache/CSCO_2014.txt,found,
CSCO,Cisco Systems Inc,858877,2015,10-K,2015-09-08,2015-07-25,0000858877-15-000070,csco-2015725x10k.htm,https://www.sec.gov/Archives/edgar/data/858877/000085887715000070/csco-2015725x10k.htm,/Users/bao/equity_screener/sec_filing_text_cache/CSCO_2015.txt,found,
CSCO,Cisco Systems Inc,858877,2017,10-K,2017-09-07,2017-07-29,0000858877-17-000016,csco-2017729x10k.htm,https://www.sec.gov/Archives/edgar/data/858877/000085887717000016/csco-2017729x10k.htm,/Users/bao/equity_screener/sec_filing_text_cache/CSCO_2017.txt,found,
CSCO,Cisco Systems Inc,858877,2018,10-K,2018-09-06,2018-07-28,0000858877-18-000011,csco-2018728x10k.htm,https://www.sec.gov/Archives/edgar/data/858877/000085887718000011/csco-2018728x10k.htm,/Users/bao/equity_screener/sec_filing_text_cache/CSCO_2018.txt,found,
CSCO,Cisco Systems Inc,858877,2019,10-K,2019-09-05,2019-07-27,0000858877-19-000012,csco-2019727x10k.htm,https://www.sec.gov/Archives/edgar/data/858877/000085887719000012/csco-2019727x10k.htm,/Users/bao/equity_screener/sec_filing_text_cache/CSCO_2019.txt,found,
CSCO,Cisco Systems Inc,858877,2020,10-K,2020-09-03,2020-07-25,0000858877-20-000010,csco-2020725x10k.htm,https://www.sec.gov/Archives/edgar/data/858877/000085887720000010/csco-2020725x10k.htm,/Users/bao/equity_screener/sec_filing_text_cache/CSCO_2020.txt,found,
CSCO,Cisco Systems Inc,858877,2021,10-K,2021-09-09,2021-07-31,0000858877-21-000013,csco-20210731.htm,https://www.sec.gov/Archives/edgar/data/858877/000085887721000013/csco-20210731.htm,/Users/bao/equity_screener/sec_filing_text_cache/CSCO_2021.txt,found,
CSCO,Cisco Systems Inc,858877,2022,10-K,2022-09-08,2022-07-30,0000858877-22-000013,csco-20220730.htm,https://www.sec.gov/Archives/edgar/data/858877/000085887722000013/csco-20220730.htm,/Users/bao/equity_screener/sec_filing_text_cache/CSCO_2022.txt,found,
CSCO,Cisco Systems Inc,858877,2023,10-K,2023-09-07,2023-07-29,0000858877-23-000023,csco-20230729.htm,https://www.sec.gov/Archives/edgar/data/858877/000085887723000023/csco-20230729.htm,/Users/bao/equity_screener/sec_filing_text_cache/CSCO_2023.txt,found,
CSCO,Cisco Systems Inc,858877,2024,10-K,2024-09-05,2024-07-27,0000858877-24-000017,csco-20240727.htm,https://www.sec.gov/Archives/edgar/data/858877/000085887724000017/csco-20240727.htm,/Users/bao/equity_screener/sec_filing_text_cache/CSCO_2024.txt,found,
EA,Electronic Arts Inc,712515,2010,10-K,2010-05-28,2010-03-31,0000950130-10-001579,d10k.htm,https://www.sec.gov/Archives/edgar/data/712515/000095013010001579/d10k.htm,/Users/bao/equity_screener/sec_filing_text_cache/EA_2010.txt,found,
EA,Electronic Arts Inc,712515,2011,10-K,2011-05-24,2011-03-31,0001193125-11-149262,d10k.htm,https://www.sec.gov/Archives/edgar/data/712515/000119312511149262/d10k.htm,/Users/bao/equity_screener/sec_filing_text_cache/EA_2011.txt,found,
EA,Electronic Arts Inc,712515,2012,10-K,2012-05-25,2012-03-31,0001193125-12-249324,d318259d10k.htm,https://www.sec.gov/Archives/edgar/data/712515/000119312512249324/d318259d10k.htm,/Users/bao/equity_screener/sec_filing_text_cache/EA_2012.txt,found,
EA,Electronic Arts Inc,712515,2013,10-K,2013-05-22,2013-03-31,0000712515-13-000022,ea20130331-10kdoc.htm,https://www.sec.gov/Archives/edgar/data/712515/000071251513000022/ea20130331-10kdoc.htm,/Users/bao/equity_screener/sec_filing_text_cache/EA_2013.txt,found,
EA,Electronic Arts Inc,712515,2014,10-K,2014-05-21,2014-03-31,0000712515-14-000024,ea3312014-q410kdoc.htm,https://www.sec.gov/Archives/edgar/data/712515/000071251514000024/ea3312014-q410kdoc.htm,/Users/bao/equity_screener/sec_filing_text_cache/EA_2014.txt,found,
EA,Electronic Arts Inc,712515,2015,10-K,2015-05-21,2015-03-31,0000712515-15-000033,ea3312015-q410kdoc.htm,https://www.sec.gov/Archives/edgar/data/712515/000071251515000033/ea3312015-q410kdoc.htm,/Users/bao/equity_screener/sec_filing_text_cache/EA_2015.txt,found,
EA,Electronic Arts Inc,712515,2017,10-K,2017-05-24,2017-03-31,0000712515-17-000035,ea3312017-q410kdoc.htm,https://www.sec.gov/Archives/edgar/data/712515/000071251517000035/ea3312017-q410kdoc.htm,/Users/bao/equity_screener/sec_filing_text_cache/EA_2017.txt,found,
EA,Electronic Arts Inc,712515,2018,10-K,2018-05-23,2018-03-31,0000712515-18-000024,ea3312018-q410kdoc.htm,https://www.sec.gov/Archives/edgar/data/712515/000071251518000024/ea3312018-q410kdoc.htm,/Users/bao/equity_screener/sec_filing_text_cache/EA_2018.txt,found,
EA,Electronic Arts Inc,712515,2019,10-K,2019-05-24,2019-03-31,0000712515-19-000019,ea3312019-q410kdoc.htm,https://www.sec.gov/Archives/edgar/data/712515/000071251519000019/ea3312019-q410kdoc.htm,/Users/bao/equity_screener/sec_filing_text_cache/EA_2019.txt,found,
EA,Electronic Arts Inc,712515,2020,10-K,2020-05-20,2020-03-31,0000712515-20-000019,ea-20200331.htm,https://www.sec.gov/Archives/edgar/data/712515/000071251520000019/ea-20200331.htm,/Users/bao/equity_screener/sec_filing_text_cache/EA_2020.txt,found,
EA,Electronic Arts Inc,712515,2021,10-K,2021-05-26,2021-03-31,0000712515-21-000064,ea-20210331.htm,https://www.sec.gov/Archives/edgar/data/712515/000071251521000064/ea-20210331.htm,/Users/bao/equity_screener/sec_filing_text_cache/EA_2021.txt,found,
EA,Electronic Arts Inc,712515,2022,10-K,2022-05-25,2022-03-31,0000712515-22-000011,ea-20220331.htm,https://www.sec.gov/Archives/edgar/data/712515/000071251522000011/ea-20220331.htm,/Users/bao/equity_screener/sec_filing_text_cache/EA_2022.txt,found,
EA,Electronic Arts Inc,712515,2023,10-K,2023-05-24,2023-03-31,0000712515-23-000028,ea-20230331.htm,https://www.sec.gov/Archives/edgar/data/712515/000071251523000028/ea-20230331.htm,/Users/bao/equity_screener/sec_filing_text_cache/EA_2023.txt,found,
EA,Electronic Arts Inc,712515,2024,10-K,2024-05-22,2024-03-31,0000712515-24-000023,ea-20240331.htm,https://www.sec.gov/Archives/edgar/data/712515/000071251524000023/ea-20240331.htm,/Users/bao/equity_screener/sec_filing_text_cache/EA_2024.txt,found,
EBAY,eBay Inc,1065088,2011,10-K,2012-01-31,2011-12-31,0001065088-12-000006,ebay2011q4_10k.htm,https://www.sec.gov/Archives/edgar/data/1065088/000106508812000006/ebay2011q4_10k.htm,/Users/bao/equity_screener/sec_filing_text_cache/EBAY_2011.txt,found,
EBAY,eBay Inc,1065088,2012,10-K,2013-02-01,2012-12-31,0001065088-13-000004,ebay2012_10k.htm,https://www.sec.gov/Archives/edgar/data/1065088/000106508813000004/ebay2012_10k.htm,/Users/bao/equity_screener/sec_filing_text_cache/EBAY_2012.txt,found,
EBAY,eBay Inc,1065088,2013,10-K,2014-01-31,2013-12-31,0001065088-14-000010,ebay201310-k.htm,https://www.sec.gov/Archives/edgar/data/1065088/000106508814000010/ebay201310-k.htm,/Users/bao/equity_screener/sec_filing_text_cache/EBAY_2013.txt,found,
EBAY,eBay Inc,1065088,2014,10-K,2015-02-06,2014-12-31,0001065088-15-000054,ebay201410-k.htm,https://www.sec.gov/Archives/edgar/data/1065088/000106508815000054/ebay201410-k.htm,/Users/bao/equity_screener/sec_filing_text_cache/EBAY_2014.txt,found,
EBAY,eBay Inc,1065088,2015,10-K,2016-02-01,2015-12-31,0001065088-16-000265,ebay201510-k.htm,https://www.sec.gov/Archives/edgar/data/1065088/000106508816000265/ebay201510-k.htm,/Users/bao/equity_screener/sec_filing_text_cache/EBAY_2015.txt,found,
EBAY,eBay Inc,1065088,2017,10-K,2018-02-05,2017-12-31,0001065088-18-000009,ebay201710-k.htm,https://www.sec.gov/Archives/edgar/data/1065088/000106508818000009/ebay201710-k.htm,/Users/bao/equity_screener/sec_filing_text_cache/EBAY_2017.txt,found,
EBAY,eBay Inc,1065088,2018,10-K,2019-01-30,2018-12-31,0001065088-19-000006,ebay201810-k.htm,https://www.sec.gov/Archives/edgar/data/1065088/000106508819000006/ebay201810-k.htm,/Users/bao/equity_screener/sec_filing_text_cache/EBAY_2018.txt,found,
EBAY,eBay Inc,1065088,2019,10-K,2020-01-31,2019-12-31,0001065088-20-000006,ebay201910-k.htm,https://www.sec.gov/Archives/edgar/data/1065088/000106508820000006/ebay201910-k.htm,/Users/bao/equity_screener/sec_filing_text_cache/EBAY_2019.txt,found,
EBAY,eBay Inc,1065088,2020,10-K,2021-02-04,2020-12-31,0001065088-21-000006,ebay-20201231.htm,https://www.sec.gov/Archives/edgar/data/1065088/000106508821000006/ebay-20201231.htm,/Users/bao/equity_screener/sec_filing_text_cache/EBAY_2020.txt,found,
EBAY,eBay Inc,1065088,2021,10-K,2022-02-24,2021-12-31,0001065088-22-000006,ebay-20211231.htm,https://www.sec.gov/Archives/edgar/data/1065088/000106508822000006/ebay-20211231.htm,/Users/bao/equity_screener/sec_filing_text_cache/EBAY_2021.txt,found,
EBAY,eBay Inc,1065088,2022,10-K,2023-02-23,2022-12-31,0001065088-23-000006,ebay-20221231.htm,https://www.sec.gov/Archives/edgar/data/1065088/000106508823000006/ebay-20221231.htm,/Users/bao/equity_screener/sec_filing_text_cache/EBAY_2022.txt,found,
EBAY,eBay Inc,1065088,2023,10-K,2024-02-28,2023-12-31,0001065088-24-000036,ebay-20231231.htm,https://www.sec.gov/Archives/edgar/data/1065088/000106508824000036/ebay-20231231.htm,/Users/bao/equity_screener/sec_filing_text_cache/EBAY_2023.txt,found,
EBAY,eBay Inc,1065088,2024,10-K,2025-02-27,2024-12-31,0001065088-25-000037,ebay-20241231.htm,https://www.sec.gov/Archives/edgar/data/1065088/000106508825000037/ebay-20241231.htm,/Users/bao/equity_screener/sec_filing_text_cache/EBAY_2024.txt,found,
GOOGL,Google Inc.,1288776,2011,10-K,2012-01-26,2011-12-31,0001193125-12-025336,d260164d10k.htm,https://www.sec.gov/Archives/edgar/data/1288776/000119312512025336/d260164d10k.htm,/Users/bao/equity_screener/sec_filing_text_cache/GOOGL_2011.txt,found,
GOOGL,Google Inc.,1288776,2012,10-K,2013-01-29,2012-12-31,0001193125-13-028362,d452134d10k.htm,https://www.sec.gov/Archives/edgar/data/1288776/000119312513028362/d452134d10k.htm,/Users/bao/equity_screener/sec_filing_text_cache/GOOGL_2012.txt,found,
GOOGL,Google Inc.,1288776,2013,10-K,2014-02-12,2013-12-31,0001288776-14-000020,goog2013123110-k.htm,https://www.sec.gov/Archives/edgar/data/1288776/000128877614000020/goog2013123110-k.htm,/Users/bao/equity_screener/sec_filing_text_cache/GOOGL_2013.txt,found,
GOOGL,Google Inc.,1288776,2015,10-K,2016-02-11,2015-12-31,0001652044-16-000012,goog10-k2015.htm,https://www.sec.gov/Archives/edgar/data/1288776/000165204416000012/goog10-k2015.htm,/Users/bao/equity_screener/sec_filing_text_cache/GOOGL_2015.txt,found,
GRMN,Garmin LTD,1121788,2011,10-K,2012-02-29,2011-12-31,0001144204-12-012007,v303209_10k.htm,https://www.sec.gov/Archives/edgar/data/1121788/000114420412012007/v303209_10k.htm,/Users/bao/equity_screener/sec_filing_text_cache/GRMN_2011.txt,found,
GRMN,Garmin LTD,1121788,2012,10-K,2013-02-27,2012-12-29,0001144204-13-011527,v332085_10k.htm,https://www.sec.gov/Archives/edgar/data/1121788/000114420413011527/v332085_10k.htm,/Users/bao/equity_screener/sec_filing_text_cache/GRMN_2012.txt,found,
GRMN,Garmin LTD,1121788,2013,10-K,2014-02-19,2013-12-28,0001144204-14-010483,v367065_10k.htm,https://www.sec.gov/Archives/edgar/data/1121788/000114420414010483/v367065_10k.htm,/Users/bao/equity_screener/sec_filing_text_cache/GRMN_2013.txt,found,
GRMN,Garmin LTD,1121788,2014,10-K,2015-02-18,2014-12-27,0001144204-15-010586,v400231_10k.htm,https://www.sec.gov/Archives/edgar/data/1121788/000114420415010586/v400231_10k.htm,/Users/bao/equity_screener/sec_filing_text_cache/GRMN_2014.txt,found,
GRMN,Garmin LTD,1121788,2015,10-K,2016-02-17,2015-12-26,0001615774-16-004243,s102606_10k.htm,https://www.sec.gov/Archives/edgar/data/1121788/000161577416004243/s102606_10k.htm,/Users/bao/equity_screener/sec_filing_text_cache/GRMN_2015.txt,found,
GRMN,Garmin LTD,1121788,2017,10-K,2018-02-21,2017-12-30,0001615774-18-001344,s109029_10k.htm,https://www.sec.gov/Archives/edgar/data/1121788/000161577418001344/s109029_10k.htm,/Users/bao/equity_screener/sec_filing_text_cache/GRMN_2017.txt,found,
GRMN,Garmin LTD,1121788,2018,10-K,2019-02-20,2018-12-29,0001615774-19-002739,s116041_10k.htm,https://www.sec.gov/Archives/edgar/data/1121788/000161577419002739/s116041_10k.htm,/Users/bao/equity_screener/sec_filing_text_cache/GRMN_2018.txt,found,
GRMN,Garmin LTD,1121788,2019,10-K,2020-02-19,2019-12-28,0001564590-20-005133,grmn-10k_20191228.htm,https://www.sec.gov/Archives/edgar/data/1121788/000156459020005133/grmn-10k_20191228.htm,/Users/bao/equity_screener/sec_filing_text_cache/GRMN_2019.txt,found,
GRMN,Garmin LTD,1121788,2020,10-K,2021-02-17,2020-12-26,0001564590-21-006192,grmn-10k_20201226.htm,https://www.sec.gov/Archives/edgar/data/1121788/000156459021006192/grmn-10k_20201226.htm,/Users/bao/equity_screener/sec_filing_text_cache/GRMN_2020.txt,found,
GRMN,Garmin LTD,1121788,2021,10-K,2022-02-16,2021-12-25,0000950170-22-001303,grmn-20211225.htm,https://www.sec.gov/Archives/edgar/data/1121788/000095017022001303/grmn-20211225.htm,/Users/bao/equity_screener/sec_filing_text_cache/GRMN_2021.txt,found,
GRMN,Garmin LTD,1121788,2022,10-K,2023-02-22,2022-12-31,0000950170-23-003566,grmn-20221231.htm,https://www.sec.gov/Archives/edgar/data/1121788/000095017023003566/grmn-20221231.htm,/Users/bao/equity_screener/sec_filing_text_cache/GRMN_2022.txt,found,
GRMN,Garmin LTD,1121788,2023,10-K,2024-02-21,2023-12-30,0000950170-24-017559,grmn-20231230.htm,https://www.sec.gov/Archives/edgar/data/1121788/000095017024017559/grmn-20231230.htm,/Users/bao/equity_screener/sec_filing_text_cache/GRMN_2023.txt,found,
GRMN,Garmin LTD,1121788,2024,10-K,2025-02-19,2024-12-28,0000950170-25-022760,grmn-20241228.htm,https://www.sec.gov/Archives/edgar/data/1121788/000095017025022760/grmn-20241228.htm,/Users/bao/equity_screener/sec_filing_text_cache/GRMN_2024.txt,found,
HPQ,HP Inc,47217,2011,10-K,2011-12-14,2011-10-31,0001047469-11-010094,a2206500z10-k.htm,https://www.sec.gov/Archives/edgar/data/47217/000104746911010094/a2206500z10-k.htm,/Users/bao/equity_screener/sec_filing_text_cache/HPQ_2011.txt,found,
HPQ,HP Inc,47217,2012,10-K,2012-12-27,2012-10-31,0001047469-12-011417,a2211959z10-k.htm,https://www.sec.gov/Archives/edgar/data/47217/000104746912011417/a2211959z10-k.htm,/Users/bao/equity_screener/sec_filing_text_cache/HPQ_2012.txt,found,
HPQ,HP Inc,47217,2013,10-K,2013-12-30,2013-10-31,0001047469-13-011417,a2217554z10-k.htm,https://www.sec.gov/Archives/edgar/data/47217/000104746913011417/a2217554z10-k.htm,/Users/bao/equity_screener/sec_filing_text_cache/HPQ_2013.txt,found,
HPQ,HP Inc,47217,2014,10-K,2014-12-18,2014-10-31,0001047469-14-009977,a2222365z10-k.htm,https://www.sec.gov/Archives/edgar/data/47217/000104746914009977/a2222365z10-k.htm,/Users/bao/equity_screener/sec_filing_text_cache/HPQ_2014.txt,found,
HPQ,HP Inc,47217,2015,10-K,2015-12-16,2015-10-31,0001047469-15-009251,a2226745z10-k.htm,https://www.sec.gov/Archives/edgar/data/47217/000104746915009251/a2226745z10-k.htm,/Users/bao/equity_screener/sec_filing_text_cache/HPQ_2015.txt,found,
HPQ,HP Inc,47217,2017,10-K,2017-12-14,2017-10-31,0000047217-17-000043,hp-103117x10k1.htm,https://www.sec.gov/Archives/edgar/data/47217/000004721717000043/hp-103117x10k1.htm,/Users/bao/equity_screener/sec_filing_text_cache/HPQ_2017.txt,found,
HPQ,HP Inc,47217,2018,10-K,2018-12-13,2018-10-31,0000047217-18-000052,hp-103118x10k.htm,https://www.sec.gov/Archives/edgar/data/47217/000004721718000052/hp-103118x10k.htm,/Users/bao/equity_screener/sec_filing_text_cache/HPQ_2018.txt,found,
HPQ,HP Inc,47217,2019,10-K,2019-12-12,2019-10-31,0000047217-19-000071,hp-103119x10k.htm,https://www.sec.gov/Archives/edgar/data/47217/000004721719000071/hp-103119x10k.htm,/Users/bao/equity_screener/sec_filing_text_cache/HPQ_2019.txt,found,
HPQ,HP Inc,47217,2020,10-K,2020-12-10,2020-10-31,0000047217-20-000045,hpq-20201031.htm,https://www.sec.gov/Archives/edgar/data/47217/000004721720000045/hpq-20201031.htm,/Users/bao/equity_screener/sec_filing_text_cache/HPQ_2020.txt,found,
HPQ,HP Inc,47217,2021,10-K,2021-12-09,2021-10-31,0000047217-21-000060,hpq-20211031.htm,https://www.sec.gov/Archives/edgar/data/47217/000004721721000060/hpq-20211031.htm,/Users/bao/equity_screener/sec_filing_text_cache/HPQ_2021.txt,found,
HPQ,HP Inc,47217,2022,10-K,2022-12-06,2022-10-31,0000047217-22-000068,hpq-20221031.htm,https://www.sec.gov/Archives/edgar/data/47217/000004721722000068/hpq-20221031.htm,/Users/bao/equity_screener/sec_filing_text_cache/HPQ_2022.txt,found,
HPQ,HP Inc,47217,2023,10-K,2023-12-18,2023-10-31,0000047217-23-000100,hpq-20231031.htm,https://www.sec.gov/Archives/edgar/data/47217/000004721723000100/hpq-20231031.htm,/Users/bao/equity_screener/sec_filing_text_cache/HPQ_2023.txt,found,
HPQ,HP Inc,47217,2024,10-K,2024-12-13,2024-10-31,0000047217-24-000080,hpq-20241031.htm,https://www.sec.gov/Archives/edgar/data/47217/000004721724000080/hpq-20241031.htm,/Users/bao/equity_screener/sec_filing_text_cache/HPQ_2024.txt,found,
INTC,Intel Corp,50863,2011,10-K,2012-02-23,2011-12-31,0001193125-12-075534,d302695d10k.htm,https://www.sec.gov/Archives/edgar/data/50863/000119312512075534/d302695d10k.htm,/Users/bao/equity_screener/sec_filing_text_cache/INTC_2011.txt,found,
INTC,Intel Corp,50863,2012,10-K,2013-02-19,2012-12-29,0001193125-13-065416,d424446d10k.htm,https://www.sec.gov/Archives/edgar/data/50863/000119312513065416/d424446d10k.htm,/Users/bao/equity_screener/sec_filing_text_cache/INTC_2012.txt,found,
INTC,Intel Corp,50863,2013,10-K,2014-02-14,2013-12-28,0000050863-14-000020,a10kdocument12282013.htm,https://www.sec.gov/Archives/edgar/data/50863/000005086314000020/a10kdocument12282013.htm,/Users/bao/equity_screener/sec_filing_text_cache/INTC_2013.txt,found,
INTC,Intel Corp,50863,2014,10-K,2015-02-13,2014-12-27,0000050863-15-000015,a10kdocument12272014.htm,https://www.sec.gov/Archives/edgar/data/50863/000005086315000015/a10kdocument12272014.htm,/Users/bao/equity_screener/sec_filing_text_cache/INTC_2014.txt,found,
INTC,Intel Corp,50863,2015,10-K,2016-02-12,2015-12-26,0000050863-16-000105,a10kdocument12262015q4.htm,https://www.sec.gov/Archives/edgar/data/50863/000005086316000105/a10kdocument12262015q4.htm,/Users/bao/equity_screener/sec_filing_text_cache/INTC_2015.txt,found,
INTC,Intel Corp,50863,2017,10-K,2018-02-16,2017-12-30,0000050863-18-000007,a12302017q4-10kdocument.htm,https://www.sec.gov/Archives/edgar/data/50863/000005086318000007/a12302017q4-10kdocument.htm,/Users/bao/equity_screener/sec_filing_text_cache/INTC_2017.txt,found,
INTC,Intel Corp,50863,2018,10-K,2019-02-01,2018-12-29,0000050863-19-000007,a12292018q4-10kdocument.htm,https://www.sec.gov/Archives/edgar/data/50863/000005086319000007/a12292018q4-10kdocument.htm,/Users/bao/equity_screener/sec_filing_text_cache/INTC_2018.txt,found,
INTC,Intel Corp,50863,2019,10-K,2020-01-24,2019-12-28,0000050863-20-000011,a12282019q4-10kdocument.htm,https://www.sec.gov/Archives/edgar/data/50863/000005086320000011/a12282019q4-10kdocument.htm,/Users/bao/equity_screener/sec_filing_text_cache/INTC_2019.txt,found,
INTC,Intel Corp,50863,2020,10-K,2021-01-22,2020-12-26,0000050863-21-000010,intc-20201226.htm,https://www.sec.gov/Archives/edgar/data/50863/000005086321000010/intc-20201226.htm,/Users/bao/equity_screener/sec_filing_text_cache/INTC_2020.txt,found,
INTC,Intel Corp,50863,2021,10-K,2022-01-27,2021-12-25,0000050863-22-000007,intc-20211225.htm,https://www.sec.gov/Archives/edgar/data/50863/000005086322000007/intc-20211225.htm,/Users/bao/equity_screener/sec_filing_text_cache/INTC_2021.txt,found,
INTC,Intel Corp,50863,2022,10-K,2023-01-27,2022-12-31,0000050863-23-000006,intc-20221231.htm,https://www.sec.gov/Archives/edgar/data/50863/000005086323000006/intc-20221231.htm,/Users/bao/equity_screener/sec_filing_text_cache/INTC_2022.txt,found,
INTC,Intel Corp,50863,2023,10-K,2024-01-26,2023-12-30,0000050863-24-000010,intc-20231230.htm,https://www.sec.gov/Archives/edgar/data/50863/000005086324000010/intc-20231230.htm,/Users/bao/equity_screener/sec_filing_text_cache/INTC_2023.txt,found,
INTC,Intel Corp,50863,2024,10-K,2025-01-31,2024-12-28,0000050863-25-000009,intc-20241228.htm,https://www.sec.gov/Archives/edgar/data/50863/000005086325000009/intc-20241228.htm,/Users/bao/equity_screener/sec_filing_text_cache/INTC_2024.txt,found,
INTU,Intuit Inc,896878,2011,10-K,2011-09-14,2011-07-31,0000896878-11-000093,intu-2011731x10k.htm,https://www.sec.gov/Archives/edgar/data/896878/000089687811000093/intu-2011731x10k.htm,/Users/bao/equity_screener/sec_filing_text_cache/INTU_2011.txt,found,
INTU,Intuit Inc,896878,2012,10-K,2012-09-13,2012-07-31,0000896878-12-000146,intu-2012731x10k.htm,https://www.sec.gov/Archives/edgar/data/896878/000089687812000146/intu-2012731x10k.htm,/Users/bao/equity_screener/sec_filing_text_cache/INTU_2012.txt,found,
INTU,Intuit Inc,896878,2013,10-K,2013-09-13,2013-07-31,0000896878-13-000149,fy13q410-kdocument.htm,https://www.sec.gov/Archives/edgar/data/896878/000089687813000149/fy13q410-kdocument.htm,/Users/bao/equity_screener/sec_filing_text_cache/INTU_2013.txt,found,
INTU,Intuit Inc,896878,2014,10-K,2014-09-12,2014-07-31,0000896878-14-000163,fy14q410-kdocument.htm,https://www.sec.gov/Archives/edgar/data/896878/000089687814000163/fy14q410-kdocument.htm,/Users/bao/equity_screener/sec_filing_text_cache/INTU_2014.txt,found,
INTU,Intuit Inc,896878,2015,10-K,2015-09-01,2015-07-31,0000896878-15-000116,fy15q410-kdocument.htm,https://www.sec.gov/Archives/edgar/data/896878/000089687815000116/fy15q410-kdocument.htm,/Users/bao/equity_screener/sec_filing_text_cache/INTU_2015.txt,found,
INTU,Intuit Inc,896878,2017,10-K,2017-09-01,2017-07-31,0000896878-17-000130,fy17q410-kdocument.htm,https://www.sec.gov/Archives/edgar/data/896878/000089687817000130/fy17q410-kdocument.htm,/Users/bao/equity_screener/sec_filing_text_cache/INTU_2017.txt,found,
INTU,Intuit Inc,896878,2018,10-K,2018-08-31,2018-07-31,0000896878-18-000171,fy18q410-kdocument.htm,https://www.sec.gov/Archives/edgar/data/896878/000089687818000171/fy18q410-kdocument.htm,/Users/bao/equity_screener/sec_filing_text_cache/INTU_2018.txt,found,
INTU,Intuit Inc,896878,2019,10-K,2019-08-30,2019-07-31,0000896878-19-000132,fy19q410-kdocument.htm,https://www.sec.gov/Archives/edgar/data/896878/000089687819000132/fy19q410-kdocument.htm,/Users/bao/equity_screener/sec_filing_text_cache/INTU_2019.txt,found,
INTU,Intuit Inc,896878,2020,10-K,2020-08-31,2020-07-31,0000896878-20-000148,fy20q410-kdocument.htm,https://www.sec.gov/Archives/edgar/data/896878/000089687820000148/fy20q410-kdocument.htm,/Users/bao/equity_screener/sec_filing_text_cache/INTU_2020.txt,found,
INTU,Intuit Inc,896878,2021,10-K,2021-09-08,2021-07-31,0000896878-21-000233,intu-20210731.htm,https://www.sec.gov/Archives/edgar/data/896878/000089687821000233/intu-20210731.htm,/Users/bao/equity_screener/sec_filing_text_cache/INTU_2021.txt,found,
INTU,Intuit Inc,896878,2022,10-K,2022-09-02,2022-07-31,0000896878-22-000028,intu-20220731.htm,https://www.sec.gov/Archives/edgar/data/896878/000089687822000028/intu-20220731.htm,/Users/bao/equity_screener/sec_filing_text_cache/INTU_2022.txt,found,
INTU,Intuit Inc,896878,2023,10-K,2023-09-01,2023-07-31,0000896878-23-000034,intu-20230731.htm,https://www.sec.gov/Archives/edgar/data/896878/000089687823000034/intu-20230731.htm,/Users/bao/equity_screener/sec_filing_text_cache/INTU_2023.txt,found,
INTU,Intuit Inc,896878,2024,10-K,2024-09-04,2024-07-31,0000896878-24-000039,intu-20240731.htm,https://www.sec.gov/Archives/edgar/data/896878/000089687824000039/intu-20240731.htm,/Users/bao/equity_screener/sec_filing_text_cache/INTU_2024.txt,found,
LOGI,Logitech International SA,1032975,2013,10-K,2013-05-30,2013-03-31,0001047469-13-006614,a2215431z10-k.htm,https://www.sec.gov/Archives/edgar/data/1032975/000104746913006614/a2215431z10-k.htm,/Users/bao/equity_screener/sec_filing_text_cache/LOGI_2013.txt,found,
LOGI,Logitech International SA,1032975,2017,10-K,2017-05-26,2017-03-31,0001032975-17-000016,logitech10-k2017.htm,https://www.sec.gov/Archives/edgar/data/1032975/000103297517000016/logitech10-k2017.htm,/Users/bao/equity_screener/sec_filing_text_cache/LOGI_2017.txt,found,
LOGI,Logitech International SA,1032975,2018,10-K,2018-05-21,2018-03-31,0001032975-18-000016,logitech10-k2018.htm,https://www.sec.gov/Archives/edgar/data/1032975/000103297518000016/logitech10-k2018.htm,/Users/bao/equity_screener/sec_filing_text_cache/LOGI_2018.txt,found,
LOGI,Logitech International SA,1032975,2019,10-K,2019-05-17,2019-03-31,0001032975-19-000027,logitech10-k2019.htm,https://www.sec.gov/Archives/edgar/data/1032975/000103297519000027/logitech10-k2019.htm,/Users/bao/equity_screener/sec_filing_text_cache/LOGI_2019.txt,found,
LOGI,Logitech International SA,1032975,2020,10-K,2020-05-27,2020-03-31,0001032975-20-000015,logitech10-k2020.htm,https://www.sec.gov/Archives/edgar/data/1032975/000103297520000015/logitech10-k2020.htm,/Users/bao/equity_screener/sec_filing_text_cache/LOGI_2020.txt,found,
LOGI,Logitech International SA,1032975,2021,10-K,2021-05-12,2021-03-31,0001032975-21-000017,logi-20210331.htm,https://www.sec.gov/Archives/edgar/data/1032975/000103297521000017/logi-20210331.htm,/Users/bao/equity_screener/sec_filing_text_cache/LOGI_2021.txt,found,
LOGI,Logitech International SA,1032975,2022,10-K,2022-05-18,2022-03-31,0001032975-22-000012,logi-20220331.htm,https://www.sec.gov/Archives/edgar/data/1032975/000103297522000012/logi-20220331.htm,/Users/bao/equity_screener/sec_filing_text_cache/LOGI_2022.txt,found,
LOGI,Logitech International SA,1032975,2023,10-K,2023-05-17,2023-03-31,0001032975-23-000021,logi-20230331.htm,https://www.sec.gov/Archives/edgar/data/1032975/000103297523000021/logi-20230331.htm,/Users/bao/equity_screener/sec_filing_text_cache/LOGI_2023.txt,found,
LOGI,Logitech International SA,1032975,2024,10-K,2024-05-16,2024-03-31,0001032975-24-000023,logi-20240331.htm,https://www.sec.gov/Archives/edgar/data/1032975/000103297524000023/logi-20240331.htm,/Users/bao/equity_screener/sec_filing_text_cache/LOGI_2024.txt,found,
LRCX,LAM Research Corp,707549,2010,10-K,2010-08-23,2010-06-27,0001193125-10-194304,d10k.htm,https://www.sec.gov/Archives/edgar/data/707549/000119312510194304/d10k.htm,/Users/bao/equity_screener/sec_filing_text_cache/LRCX_2010.txt,found,
LRCX,LAM Research Corp,707549,2011,10-K,2011-08-19,2011-06-26,0001193125-11-227691,d10k.htm,https://www.sec.gov/Archives/edgar/data/707549/000119312511227691/d10k.htm,/Users/bao/equity_screener/sec_filing_text_cache/LRCX_2011.txt,found,
LRCX,LAM Research Corp,707549,2012,10-K,2012-08-22,2012-06-24,0001193125-12-365446,d365655d10k.htm,https://www.sec.gov/Archives/edgar/data/707549/000119312512365446/d365655d10k.htm,/Users/bao/equity_screener/sec_filing_text_cache/LRCX_2012.txt,found,
LRCX,LAM Research Corp,707549,2013,10-K,2013-08-27,2013-06-30,0001193125-13-348269,d556924d10k.htm,https://www.sec.gov/Archives/edgar/data/707549/000119312513348269/d556924d10k.htm,/Users/bao/equity_screener/sec_filing_text_cache/LRCX_2013.txt,found,
LRCX,LAM Research Corp,707549,2014,10-K,2014-08-26,2014-06-29,0001193125-14-321759,d741932d10k.htm,https://www.sec.gov/Archives/edgar/data/707549/000119312514321759/d741932d10k.htm,/Users/bao/equity_screener/sec_filing_text_cache/LRCX_2014.txt,found,
LRCX,LAM Research Corp,707549,2015,10-K,2015-08-13,2015-06-28,0001193125-15-290023,d937085d10k.htm,https://www.sec.gov/Archives/edgar/data/707549/000119312515290023/d937085d10k.htm,/Users/bao/equity_screener/sec_filing_text_cache/LRCX_2015.txt,found,
LRCX,LAM Research Corp,707549,2017,10-K,2017-08-15,2017-06-25,0000707549-17-000100,lrcx_10kx2017xdocument.htm,https://www.sec.gov/Archives/edgar/data/707549/000070754917000100/lrcx_10kx2017xdocument.htm,/Users/bao/equity_screener/sec_filing_text_cache/LRCX_2017.txt,found,
LRCX,LAM Research Corp,707549,2018,10-K,2018-08-14,2018-06-24,0000707549-18-000115,lrcx_10kx2018xdocument.htm,https://www.sec.gov/Archives/edgar/data/707549/000070754918000115/lrcx_10kx2018xdocument.htm,/Users/bao/equity_screener/sec_filing_text_cache/LRCX_2018.txt,found,
LRCX,LAM Research Corp,707549,2019,10-K,2019-08-20,2019-06-30,0000707549-19-000124,lrcx10k2019document.htm,https://www.sec.gov/Archives/edgar/data/707549/000070754919000124/lrcx10k2019document.htm,/Users/bao/equity_screener/sec_filing_text_cache/LRCX_2019.txt,found,
LRCX,LAM Research Corp,707549,2020,10-K,2020-08-18,2020-06-28,0000707549-20-000138,lrcx10k2020document.htm,https://www.sec.gov/Archives/edgar/data/707549/000070754920000138/lrcx10k2020document.htm,/Users/bao/equity_screener/sec_filing_text_cache/LRCX_2020.txt,found,
LRCX,LAM Research Corp,707549,2021,10-K,2021-08-17,2021-06-27,0000707549-21-000136,lrcx-20210627.htm,https://www.sec.gov/Archives/edgar/data/707549/000070754921000136/lrcx-20210627.htm,/Users/bao/equity_screener/sec_filing_text_cache/LRCX_2021.txt,found,
LRCX,LAM Research Corp,707549,2022,10-K,2022-08-24,2022-06-26,0000707549-22-000107,lrcx-20220626.htm,https://www.sec.gov/Archives/edgar/data/707549/000070754922000107/lrcx-20220626.htm,/Users/bao/equity_screener/sec_filing_text_cache/LRCX_2022.txt,found,
LRCX,LAM Research Corp,707549,2023,10-K,2023-08-15,2023-06-25,0000707549-23-000102,lrcx-20230625.htm,https://www.sec.gov/Archives/edgar/data/707549/000070754923000102/lrcx-20230625.htm,/Users/bao/equity_screener/sec_filing_text_cache/LRCX_2023.txt,found,
LRCX,LAM Research Corp,707549,2024,10-K,2024-08-29,2024-06-30,0000707549-24-000106,lrcx-20240630.htm,https://www.sec.gov/Archives/edgar/data/707549/000070754924000106/lrcx-20240630.htm,/Users/bao/equity_screener/sec_filing_text_cache/LRCX_2024.txt,found,
META,Facebook Inc,1326801,2017,10-K,2018-02-01,2017-12-31,0001326801-18-000009,fb-12312017x10k.htm,https://www.sec.gov/Archives/edgar/data/1326801/000132680118000009/fb-12312017x10k.htm,/Users/bao/equity_screener/sec_filing_text_cache/META_2017.txt,found,
META,Facebook Inc,1326801,2018,10-K,2019-01-31,2018-12-31,0001326801-19-000009,fb-12312018x10k.htm,https://www.sec.gov/Archives/edgar/data/1326801/000132680119000009/fb-12312018x10k.htm,/Users/bao/equity_screener/sec_filing_text_cache/META_2018.txt,found,
META,Facebook Inc,1326801,2019,10-K,2020-01-30,2019-12-31,0001326801-20-000013,fb-12312019x10k.htm,https://www.sec.gov/Archives/edgar/data/1326801/000132680120000013/fb-12312019x10k.htm,/Users/bao/equity_screener/sec_filing_text_cache/META_2019.txt,found,
META,Facebook Inc,1326801,2020,10-K,2021-01-28,2020-12-31,0001326801-21-000014,fb-20201231.htm,https://www.sec.gov/Archives/edgar/data/1326801/000132680121000014/fb-20201231.htm,/Users/bao/equity_screener/sec_filing_text_cache/META_2020.txt,found,
META,Facebook Inc,1326801,2021,10-K,2022-02-03,2021-12-31,0001326801-22-000018,fb-20211231.htm,https://www.sec.gov/Archives/edgar/data/1326801/000132680122000018/fb-20211231.htm,/Users/bao/equity_screener/sec_filing_text_cache/META_2021.txt,found,
META,Facebook Inc,1326801,2022,10-K,2023-02-02,2022-12-31,0001326801-23-000013,meta-20221231.htm,https://www.sec.gov/Archives/edgar/data/1326801/000132680123000013/meta-20221231.htm,/Users/bao/equity_screener/sec_filing_text_cache/META_2022.txt,found,
META,Facebook Inc,1326801,2023,10-K,2024-02-02,2023-12-31,0001326801-24-000012,meta-20231231.htm,https://www.sec.gov/Archives/edgar/data/1326801/000132680124000012/meta-20231231.htm,/Users/bao/equity_screener/sec_filing_text_cache/META_2023.txt,found,
META,Facebook Inc,1326801,2024,10-K,2025-01-30,2024-12-31,0001326801-25-000017,meta-20241231.htm,https://www.sec.gov/Archives/edgar/data/1326801/000132680125000017/meta-20241231.htm,/Users/bao/equity_screener/sec_filing_text_cache/META_2024.txt,found,
MSFT,Microsoft Corp,789019,2010,10-K,2010-07-30,2010-06-30,0001193125-10-171791,d10k.htm,https://www.sec.gov/Archives/edgar/data/789019/000119312510171791/d10k.htm,/Users/bao/equity_screener/sec_filing_text_cache/MSFT_2010.txt,found,
MSFT,Microsoft Corp,789019,2011,10-K,2011-07-28,2011-06-30,0001193125-11-200680,d10k.htm,https://www.sec.gov/Archives/edgar/data/789019/000119312511200680/d10k.htm,/Users/bao/equity_screener/sec_filing_text_cache/MSFT_2011.txt,found,
MSFT,Microsoft Corp,789019,2012,10-K,2012-07-26,2012-06-30,0001193125-12-316848,d347676d10k.htm,https://www.sec.gov/Archives/edgar/data/789019/000119312512316848/d347676d10k.htm,/Users/bao/equity_screener/sec_filing_text_cache/MSFT_2012.txt,found,
MSFT,Microsoft Corp,789019,2013,10-K,2013-07-30,2013-06-30,0001193125-13-310206,d527745d10k.htm,https://www.sec.gov/Archives/edgar/data/789019/000119312513310206/d527745d10k.htm,/Users/bao/equity_screener/sec_filing_text_cache/MSFT_2013.txt,found,
MSFT,Microsoft Corp,789019,2014,10-K,2014-07-31,2014-06-30,0001193125-14-289961,d722626d10k.htm,https://www.sec.gov/Archives/edgar/data/789019/000119312514289961/d722626d10k.htm,/Users/bao/equity_screener/sec_filing_text_cache/MSFT_2014.txt,found,
MSFT,Microsoft Corp,789019,2015,10-K,2015-07-31,2015-06-30,0001193125-15-272806,d918813d10k.htm,https://www.sec.gov/Archives/edgar/data/789019/000119312515272806/d918813d10k.htm,/Users/bao/equity_screener/sec_filing_text_cache/MSFT_2015.txt,found,
MSFT,Microsoft Corp,789019,2017,10-K,2017-08-02,2017-06-30,0001564590-17-014900,msft-10k_20170630.htm,https://www.sec.gov/Archives/edgar/data/789019/000156459017014900/msft-10k_20170630.htm,/Users/bao/equity_screener/sec_filing_text_cache/MSFT_2017.txt,found,
MSFT,Microsoft Corp,789019,2018,10-K,2018-08-03,2018-06-30,0001564590-18-019062,msft-10k_20180630.htm,https://www.sec.gov/Archives/edgar/data/789019/000156459018019062/msft-10k_20180630.htm,/Users/bao/equity_screener/sec_filing_text_cache/MSFT_2018.txt,found,
MSFT,Microsoft Corp,789019,2019,10-K,2019-08-01,2019-06-30,0001564590-19-027952,msft-10k_20190630.htm,https://www.sec.gov/Archives/edgar/data/789019/000156459019027952/msft-10k_20190630.htm,/Users/bao/equity_screener/sec_filing_text_cache/MSFT_2019.txt,found,
MSFT,Microsoft Corp,789019,2020,10-K,2020-07-30,2020-06-30,0001564590-20-034944,msft-10k_20200630.htm,https://www.sec.gov/Archives/edgar/data/789019/000156459020034944/msft-10k_20200630.htm,/Users/bao/equity_screener/sec_filing_text_cache/MSFT_2020.txt,found,
MSFT,Microsoft Corp,789019,2021,10-K,2021-07-29,2021-06-30,0001564590-21-039151,msft-10k_20210630.htm,https://www.sec.gov/Archives/edgar/data/789019/000156459021039151/msft-10k_20210630.htm,/Users/bao/equity_screener/sec_filing_text_cache/MSFT_2021.txt,found,
MSFT,Microsoft Corp,789019,2022,10-K,2022-07-28,2022-06-30,0001564590-22-026876,msft-10k_20220630.htm,https://www.sec.gov/Archives/edgar/data/789019/000156459022026876/msft-10k_20220630.htm,/Users/bao/equity_screener/sec_filing_text_cache/MSFT_2022.txt,found,
MSFT,Microsoft Corp,789019,2023,10-K,2023-07-27,2023-06-30,0000950170-23-035122,msft-20230630.htm,https://www.sec.gov/Archives/edgar/data/789019/000095017023035122/msft-20230630.htm,/Users/bao/equity_screener/sec_filing_text_cache/MSFT_2023.txt,found,
MSFT,Microsoft Corp,789019,2024,10-K,2024-07-30,2024-06-30,0000950170-24-087843,msft-20240630.htm,https://www.sec.gov/Archives/edgar/data/789019/000095017024087843/msft-20240630.htm,/Users/bao/equity_screener/sec_filing_text_cache/MSFT_2024.txt,found,
MSI,Motorola Solutions Inc,68505,2011,10-K,2012-02-15,2011-12-31,0001193125-12-063569,d280303d10k.htm,https://www.sec.gov/Archives/edgar/data/68505/000119312512063569/d280303d10k.htm,/Users/bao/equity_screener/sec_filing_text_cache/MSI_2011.txt,found,
MSI,Motorola Solutions Inc,68505,2012,10-K,2013-02-12,2012-12-31,0001445305-13-000205,msi2012123110-k.htm,https://www.sec.gov/Archives/edgar/data/68505/000144530513000205/msi2012123110-k.htm,/Users/bao/equity_screener/sec_filing_text_cache/MSI_2012.txt,found,
MSI,Motorola Solutions Inc,68505,2013,10-K,2014-02-13,2013-12-31,0000068505-14-000005,msi201310-k.htm,https://www.sec.gov/Archives/edgar/data/68505/000006850514000005/msi201310-k.htm,/Users/bao/equity_screener/sec_filing_text_cache/MSI_2013.txt,found,
MSI,Motorola Solutions Inc,68505,2014,10-K,2015-02-13,2014-12-31,0000068505-15-000003,msi201410-k.htm,https://www.sec.gov/Archives/edgar/data/68505/000006850515000003/msi201410-k.htm,/Users/bao/equity_screener/sec_filing_text_cache/MSI_2014.txt,found,
MSI,Motorola Solutions Inc,68505,2015,10-K,2016-02-23,2015-12-31,0000068505-16-000017,msi201510-k.htm,https://www.sec.gov/Archives/edgar/data/68505/000006850516000017/msi201510-k.htm,/Users/bao/equity_screener/sec_filing_text_cache/MSI_2015.txt,found,
MSI,Motorola Solutions Inc,68505,2017,10-K,2018-02-16,2017-12-31,0000068505-18-000009,msi201710-k.htm,https://www.sec.gov/Archives/edgar/data/68505/000006850518000009/msi201710-k.htm,/Users/bao/equity_screener/sec_filing_text_cache/MSI_2017.txt,found,
MSI,Motorola Solutions Inc,68505,2018,10-K,2019-02-15,2018-12-31,0000068505-19-000006,msi201810-k.htm,https://www.sec.gov/Archives/edgar/data/68505/000006850519000006/msi201810-k.htm,/Users/bao/equity_screener/sec_filing_text_cache/MSI_2018.txt,found,
MSI,Motorola Solutions Inc,68505,2019,10-K,2020-02-14,2019-12-31,0000068505-20-000006,msi201910-k.htm,https://www.sec.gov/Archives/edgar/data/68505/000006850520000006/msi201910-k.htm,/Users/bao/equity_screener/sec_filing_text_cache/MSI_2019.txt,found,
MSI,Motorola Solutions Inc,68505,2020,10-K,2021-02-12,2020-12-31,0000068505-21-000008,msi-20201231.htm,https://www.sec.gov/Archives/edgar/data/68505/000006850521000008/msi-20201231.htm,/Users/bao/equity_screener/sec_filing_text_cache/MSI_2020.txt,found,
MSI,Motorola Solutions Inc,68505,2021,10-K,2022-02-16,2021-12-31,0000068505-22-000010,msi-20211231.htm,https://www.sec.gov/Archives/edgar/data/68505/000006850522000010/msi-20211231.htm,/Users/bao/equity_screener/sec_filing_text_cache/MSI_2021.txt,found,
MSI,Motorola Solutions Inc,68505,2022,10-K,2023-02-16,2022-12-31,0000068505-23-000015,msi-20221231.htm,https://www.sec.gov/Archives/edgar/data/68505/000006850523000015/msi-20221231.htm,/Users/bao/equity_screener/sec_filing_text_cache/MSI_2022.txt,found,
MSI,Motorola Solutions Inc,68505,2023,10-K,2024-02-15,2023-12-31,0000068505-24-000008,msi-20231231.htm,https://www.sec.gov/Archives/edgar/data/68505/000006850524000008/msi-20231231.htm,/Users/bao/equity_screener/sec_filing_text_cache/MSI_2023.txt,found,
MSI,Motorola Solutions Inc,68505,2024,10-K,2025-02-14,2024-12-31,0000068505-25-000012,msi-20241231.htm,https://www.sec.gov/Archives/edgar/data/68505/000006850525000012/msi-20241231.htm,/Users/bao/equity_screener/sec_filing_text_cache/MSI_2024.txt,found,
MU,Micron Technology Inc,723125,2011,10-K,2011-10-25,2011-09-01,0000723125-11-000189,mu-912011x10k.htm,https://www.sec.gov/Archives/edgar/data/723125/000072312511000189/mu-912011x10k.htm,/Users/bao/equity_screener/sec_filing_text_cache/MU_2011.txt,found,
MU,Micron Technology Inc,723125,2012,10-K,2012-10-29,2012-08-30,0000723125-12-000156,a2012q4.htm,https://www.sec.gov/Archives/edgar/data/723125/000072312512000156/a2012q4.htm,/Users/bao/equity_screener/sec_filing_text_cache/MU_2012.txt,found,
MU,Micron Technology Inc,723125,2013,10-K,2013-10-28,2013-08-29,0000723125-13-000228,a2013q4.htm,https://www.sec.gov/Archives/edgar/data/723125/000072312513000228/a2013q4.htm,/Users/bao/equity_screener/sec_filing_text_cache/MU_2013.txt,found,
MU,Micron Technology Inc,723125,2014,10-K,2014-10-27,2014-08-28,0000723125-14-000195,a2014q4.htm,https://www.sec.gov/Archives/edgar/data/723125/000072312514000195/a2014q4.htm,/Users/bao/equity_screener/sec_filing_text_cache/MU_2014.txt,found,
MU,Micron Technology Inc,723125,2015,10-K,2015-10-27,2015-09-03,0000723125-15-000112,a2015q4.htm,https://www.sec.gov/Archives/edgar/data/723125/000072312515000112/a2015q4.htm,/Users/bao/equity_screener/sec_filing_text_cache/MU_2015.txt,found,
MU,Micron Technology Inc,723125,2017,10-K,2017-10-26,2017-08-31,0000723125-17-000131,a2017q4.htm,https://www.sec.gov/Archives/edgar/data/723125/000072312517000131/a2017q4.htm,/Users/bao/equity_screener/sec_filing_text_cache/MU_2017.txt,found,
MU,Micron Technology Inc,723125,2018,10-K,2018-10-15,2018-08-30,0000723125-18-000092,a2018q4.htm,https://www.sec.gov/Archives/edgar/data/723125/000072312518000092/a2018q4.htm,/Users/bao/equity_screener/sec_filing_text_cache/MU_2018.txt,found,
MU,Micron Technology Inc,723125,2019,10-K,2019-10-17,2019-08-29,0000723125-19-000094,a2019q4.htm,https://www.sec.gov/Archives/edgar/data/723125/000072312519000094/a2019q4.htm,/Users/bao/equity_screener/sec_filing_text_cache/MU_2019.txt,found,
MU,Micron Technology Inc,723125,2020,10-K,2020-10-19,2020-09-03,0000723125-20-000082,mu-20200903.htm,https://www.sec.gov/Archives/edgar/data/723125/000072312520000082/mu-20200903.htm,/Users/bao/equity_screener/sec_filing_text_cache/MU_2020.txt,found,
MU,Micron Technology Inc,723125,2021,10-K,2021-10-08,2021-09-02,0000723125-21-000065,mu-20210902.htm,https://www.sec.gov/Archives/edgar/data/723125/000072312521000065/mu-20210902.htm,/Users/bao/equity_screener/sec_filing_text_cache/MU_2021.txt,found,
MU,Micron Technology Inc,723125,2022,10-K,2022-10-07,2022-09-01,0000723125-22-000048,mu-20220901.htm,https://www.sec.gov/Archives/edgar/data/723125/000072312522000048/mu-20220901.htm,/Users/bao/equity_screener/sec_filing_text_cache/MU_2022.txt,found,
MU,Micron Technology Inc,723125,2023,10-K,2023-10-06,2023-08-31,0000723125-23-000054,mu-20230831.htm,https://www.sec.gov/Archives/edgar/data/723125/000072312523000054/mu-20230831.htm,/Users/bao/equity_screener/sec_filing_text_cache/MU_2023.txt,found,
MU,Micron Technology Inc,723125,2024,10-K,2024-10-04,2024-08-29,0000723125-24-000027,mu-20240829.htm,https://www.sec.gov/Archives/edgar/data/723125/000072312524000027/mu-20240829.htm,/Users/bao/equity_screener/sec_filing_text_cache/MU_2024.txt,found,
NFLX,Netflix Inc,1065280,2011,10-K,2012-02-10,2011-12-31,0001193125-12-053009,d260328d10k.htm,https://www.sec.gov/Archives/edgar/data/1065280/000119312512053009/d260328d10k.htm,/Users/bao/equity_screener/sec_filing_text_cache/NFLX_2011.txt,found,
NFLX,Netflix Inc,1065280,2012,10-K,2013-02-01,2012-12-31,0001065280-13-000008,nflx1231201210kdoc.htm,https://www.sec.gov/Archives/edgar/data/1065280/000106528013000008/nflx1231201210kdoc.htm,/Users/bao/equity_screener/sec_filing_text_cache/NFLX_2012.txt,found,
NFLX,Netflix Inc,1065280,2013,10-K,2014-02-03,2013-12-31,0001065280-14-000006,nflx10k2013.htm,https://www.sec.gov/Archives/edgar/data/1065280/000106528014000006/nflx10k2013.htm,/Users/bao/equity_screener/sec_filing_text_cache/NFLX_2013.txt,found,
NFLX,Netflix Inc,1065280,2014,10-K,2015-01-29,2014-12-31,0001065280-15-000006,nflx201410k.htm,https://www.sec.gov/Archives/edgar/data/1065280/000106528015000006/nflx201410k.htm,/Users/bao/equity_screener/sec_filing_text_cache/NFLX_2014.txt,found,
NFLX,Netflix Inc,1065280,2015,10-K,2016-01-28,2015-12-31,0001065280-16-000047,nflx201510k.htm,https://www.sec.gov/Archives/edgar/data/1065280/000106528016000047/nflx201510k.htm,/Users/bao/equity_screener/sec_filing_text_cache/NFLX_2015.txt,found,
NFLX,Netflix Inc,1065280,2017,10-K,2018-01-29,2017-12-31,0001065280-18-000069,q4nflx201710k.htm,https://www.sec.gov/Archives/edgar/data/1065280/000106528018000069/q4nflx201710k.htm,/Users/bao/equity_screener/sec_filing_text_cache/NFLX_2017.txt,found,
NFLX,Netflix Inc,1065280,2018,10-K,2019-01-29,2018-12-31,0001065280-19-000043,form10k_q418.htm,https://www.sec.gov/Archives/edgar/data/1065280/000106528019000043/form10k_q418.htm,/Users/bao/equity_screener/sec_filing_text_cache/NFLX_2018.txt,found,
NFLX,Netflix Inc,1065280,2019,10-K,2020-01-29,2019-12-31,0001065280-20-000040,form10kq419.htm,https://www.sec.gov/Archives/edgar/data/1065280/000106528020000040/form10kq419.htm,/Users/bao/equity_screener/sec_filing_text_cache/NFLX_2019.txt,found,
NFLX,Netflix Inc,1065280,2020,10-K,2021-01-28,2020-12-31,0001065280-21-000040,nflx-20201231.htm,https://www.sec.gov/Archives/edgar/data/1065280/000106528021000040/nflx-20201231.htm,/Users/bao/equity_screener/sec_filing_text_cache/NFLX_2020.txt,found,
NFLX,Netflix Inc,1065280,2021,10-K,2022-01-27,2021-12-31,0001065280-22-000036,nflx-20211231.htm,https://www.sec.gov/Archives/edgar/data/1065280/000106528022000036/nflx-20211231.htm,/Users/bao/equity_screener/sec_filing_text_cache/NFLX_2021.txt,found,
NFLX,Netflix Inc,1065280,2022,10-K,2023-01-26,2022-12-31,0001065280-23-000035,nflx-20221231.htm,https://www.sec.gov/Archives/edgar/data/1065280/000106528023000035/nflx-20221231.htm,/Users/bao/equity_screener/sec_filing_text_cache/NFLX_2022.txt,found,
NFLX,Netflix Inc,1065280,2023,10-K,2024-01-26,2023-12-31,0001065280-24-000030,nflx-20231231.htm,https://www.sec.gov/Archives/edgar/data/1065280/000106528024000030/nflx-20231231.htm,/Users/bao/equity_screener/sec_filing_text_cache/NFLX_2023.txt,found,
NFLX,Netflix Inc,1065280,2024,10-K,2025-01-27,2024-12-31,0001065280-25-000044,nflx-20241231.htm,https://www.sec.gov/Archives/edgar/data/1065280/000106528025000044/nflx-20241231.htm,/Users/bao/equity_screener/sec_filing_text_cache/NFLX_2024.txt,found,
NVDA,Nvidia Corp,1045810,2010,10-K,2010-03-18,2010-01-31,0001045810-10-000006,fy2010form10k.htm,https://www.sec.gov/Archives/edgar/data/1045810/000104581010000006/fy2010form10k.htm,/Users/bao/equity_screener/sec_filing_text_cache/NVDA_2010.txt,found,
NVDA,Nvidia Corp,1045810,2011,10-K,2011-03-16,2011-01-30,0001045810-11-000015,fy2011form10k.htm,https://www.sec.gov/Archives/edgar/data/1045810/000104581011000015/fy2011form10k.htm,/Users/bao/equity_screener/sec_filing_text_cache/NVDA_2011.txt,found,
NVDA,Nvidia Corp,1045810,2012,10-K,2012-03-13,2012-01-29,0001045810-12-000013,nvda-2012x10k.htm,https://www.sec.gov/Archives/edgar/data/1045810/000104581012000013/nvda-2012x10k.htm,/Users/bao/equity_screener/sec_filing_text_cache/NVDA_2012.txt,found,
NVDA,Nvidia Corp,1045810,2013,10-K,2013-03-12,2013-01-27,0001045810-13-000008,nvda-2013x10k.htm,https://www.sec.gov/Archives/edgar/data/1045810/000104581013000008/nvda-2013x10k.htm,/Users/bao/equity_screener/sec_filing_text_cache/NVDA_2013.txt,found,
NVDA,Nvidia Corp,1045810,2014,10-K,2014-03-13,2014-01-26,0001045810-14-000030,nvda-2014x10k.htm,https://www.sec.gov/Archives/edgar/data/1045810/000104581014000030/nvda-2014x10k.htm,/Users/bao/equity_screener/sec_filing_text_cache/NVDA_2014.txt,found,
NVDA,Nvidia Corp,1045810,2015,10-K,2015-03-12,2015-01-25,0001045810-15-000036,nvda-2015x10k.htm,https://www.sec.gov/Archives/edgar/data/1045810/000104581015000036/nvda-2015x10k.htm,/Users/bao/equity_screener/sec_filing_text_cache/NVDA_2015.txt,found,
NVDA,Nvidia Corp,1045810,2017,10-K,2017-03-01,2017-01-29,0001045810-17-000027,nvda-2017x10k.htm,https://www.sec.gov/Archives/edgar/data/1045810/000104581017000027/nvda-2017x10k.htm,/Users/bao/equity_screener/sec_filing_text_cache/NVDA_2017.txt,found,
NVDA,Nvidia Corp,1045810,2018,10-K,2018-02-28,2018-01-28,0001045810-18-000010,nvda-2018x10k.htm,https://www.sec.gov/Archives/edgar/data/1045810/000104581018000010/nvda-2018x10k.htm,/Users/bao/equity_screener/sec_filing_text_cache/NVDA_2018.txt,found,
NVDA,Nvidia Corp,1045810,2019,10-K,2019-02-21,2019-01-27,0001045810-19-000023,nvda-2019x10k.htm,https://www.sec.gov/Archives/edgar/data/1045810/000104581019000023/nvda-2019x10k.htm,/Users/bao/equity_screener/sec_filing_text_cache/NVDA_2019.txt,found,
NVDA,Nvidia Corp,1045810,2020,10-K,2020-02-20,2020-01-26,0001045810-20-000010,nvda-2020x10k.htm,https://www.sec.gov/Archives/edgar/data/1045810/000104581020000010/nvda-2020x10k.htm,/Users/bao/equity_screener/sec_filing_text_cache/NVDA_2020.txt,found,
NVDA,Nvidia Corp,1045810,2021,10-K,2021-02-26,2021-01-31,0001045810-21-000010,nvda-20210131.htm,https://www.sec.gov/Archives/edgar/data/1045810/000104581021000010/nvda-20210131.htm,/Users/bao/equity_screener/sec_filing_text_cache/NVDA_2021.txt,found,
NVDA,Nvidia Corp,1045810,2022,10-K,2022-03-18,2022-01-30,0001045810-22-000036,nvda-20220130.htm,https://www.sec.gov/Archives/edgar/data/1045810/000104581022000036/nvda-20220130.htm,/Users/bao/equity_screener/sec_filing_text_cache/NVDA_2022.txt,found,
NVDA,Nvidia Corp,1045810,2023,10-K,2023-02-24,2023-01-29,0001045810-23-000017,nvda-20230129.htm,https://www.sec.gov/Archives/edgar/data/1045810/000104581023000017/nvda-20230129.htm,/Users/bao/equity_screener/sec_filing_text_cache/NVDA_2023.txt,found,
NVDA,Nvidia Corp,1045810,2024,10-K,2024-02-21,2024-01-28,0001045810-24-000029,nvda-20240128.htm,https://www.sec.gov/Archives/edgar/data/1045810/000104581024000029/nvda-20240128.htm,/Users/bao/equity_screener/sec_filing_text_cache/NVDA_2024.txt,found,
ORCL,Oracle Corp,1341439,2010,10-K,2010-07-01,2010-05-31,0001193125-10-151896,d10k.htm,https://www.sec.gov/Archives/edgar/data/1341439/000119312510151896/d10k.htm,/Users/bao/equity_screener/sec_filing_text_cache/ORCL_2010.txt,found,
ORCL,Oracle Corp,1341439,2011,10-K,2011-06-28,2011-05-31,0001193125-11-174819,d10k.htm,https://www.sec.gov/Archives/edgar/data/1341439/000119312511174819/d10k.htm,/Users/bao/equity_screener/sec_filing_text_cache/ORCL_2011.txt,found,
ORCL,Oracle Corp,1341439,2012,10-K,2012-06-26,2012-05-31,0001193125-12-284007,d369484d10k.htm,https://www.sec.gov/Archives/edgar/data/1341439/000119312512284007/d369484d10k.htm,/Users/bao/equity_screener/sec_filing_text_cache/ORCL_2012.txt,found,
ORCL,Oracle Corp,1341439,2013,10-K,2013-06-26,2013-05-31,0001193125-13-272832,d531515d10k.htm,https://www.sec.gov/Archives/edgar/data/1341439/000119312513272832/d531515d10k.htm,/Users/bao/equity_screener/sec_filing_text_cache/ORCL_2013.txt,found,
ORCL,Oracle Corp,1341439,2014,10-K,2014-06-26,2014-05-31,0001193125-14-251351,d725622d10k.htm,https://www.sec.gov/Archives/edgar/data/1341439/000119312514251351/d725622d10k.htm,/Users/bao/equity_screener/sec_filing_text_cache/ORCL_2014.txt,found,
ORCL,Oracle Corp,1341439,2015,10-K,2015-06-25,2015-05-31,0001193125-15-235239,d920711d10k.htm,https://www.sec.gov/Archives/edgar/data/1341439/000119312515235239/d920711d10k.htm,/Users/bao/equity_screener/sec_filing_text_cache/ORCL_2015.txt,found,
ORCL,Oracle Corp,1341439,2017,10-K,2017-06-27,2017-05-31,0001193125-17-214833,d385998d10k.htm,https://www.sec.gov/Archives/edgar/data/1341439/000119312517214833/d385998d10k.htm,/Users/bao/equity_screener/sec_filing_text_cache/ORCL_2017.txt,found,
ORCL,Oracle Corp,1341439,2018,10-K,2018-06-22,2018-05-31,0001193125-18-201034,d568983d10k.htm,https://www.sec.gov/Archives/edgar/data/1341439/000119312518201034/d568983d10k.htm,/Users/bao/equity_screener/sec_filing_text_cache/ORCL_2018.txt,found,
ORCL,Oracle Corp,1341439,2019,10-K,2019-06-21,2019-05-31,0001564590-19-023119,orcl-10k_20190531.htm,https://www.sec.gov/Archives/edgar/data/1341439/000156459019023119/orcl-10k_20190531.htm,/Users/bao/equity_screener/sec_filing_text_cache/ORCL_2019.txt,found,
ORCL,Oracle Corp,1341439,2020,10-K,2020-06-22,2020-05-31,0001564590-20-030125,orcl-10k_20200531.htm,https://www.sec.gov/Archives/edgar/data/1341439/000156459020030125/orcl-10k_20200531.htm,/Users/bao/equity_screener/sec_filing_text_cache/ORCL_2020.txt,found,
ORCL,Oracle Corp,1341439,2021,10-K,2021-06-21,2021-05-31,0001564590-21-033616,orcl-10k_20210531.htm,https://www.sec.gov/Archives/edgar/data/1341439/000156459021033616/orcl-10k_20210531.htm,/Users/bao/equity_screener/sec_filing_text_cache/ORCL_2021.txt,found,
ORCL,Oracle Corp,1341439,2022,10-K,2022-06-21,2022-05-31,0001564590-22-023675,orcl-10k_20220531.htm,https://www.sec.gov/Archives/edgar/data/1341439/000156459022023675/orcl-10k_20220531.htm,/Users/bao/equity_screener/sec_filing_text_cache/ORCL_2022.txt,found,
ORCL,Oracle Corp,1341439,2023,10-K,2023-06-20,2023-05-31,0000950170-23-028914,orcl-20230531.htm,https://www.sec.gov/Archives/edgar/data/1341439/000095017023028914/orcl-20230531.htm,/Users/bao/equity_screener/sec_filing_text_cache/ORCL_2023.txt,found,
ORCL,Oracle Corp,1341439,2024,10-K,2024-06-20,2024-05-31,0000950170-24-075605,orcl-20240531.htm,https://www.sec.gov/Archives/edgar/data/1341439/000095017024075605/orcl-20240531.htm,/Users/bao/equity_screener/sec_filing_text_cache/ORCL_2024.txt,found,
QCOM,Qualcomm Inc/De,804328,2011,10-K,2011-11-02,2011-09-25,0001234452-11-000360,qcom10-k2011.htm,https://www.sec.gov/Archives/edgar/data/804328/000123445211000360/qcom10-k2011.htm,/Users/bao/equity_screener/sec_filing_text_cache/QCOM_2011.txt,found,
QCOM,Qualcomm Inc/De,804328,2012,10-K,2012-11-07,2012-09-30,0001234452-12-000371,qcom10-k2012.htm,https://www.sec.gov/Archives/edgar/data/804328/000123445212000371/qcom10-k2012.htm,/Users/bao/equity_screener/sec_filing_text_cache/QCOM_2012.txt,found,
QCOM,Qualcomm Inc/De,804328,2013,10-K,2013-11-06,2013-09-29,0001234452-13-000483,qcom10-k2013.htm,https://www.sec.gov/Archives/edgar/data/804328/000123445213000483/qcom10-k2013.htm,/Users/bao/equity_screener/sec_filing_text_cache/QCOM_2013.txt,found,
QCOM,Qualcomm Inc/De,804328,2014,10-K,2014-11-05,2014-09-28,0001234452-14-000320,qcom10-k2014.htm,https://www.sec.gov/Archives/edgar/data/804328/000123445214000320/qcom10-k2014.htm,/Users/bao/equity_screener/sec_filing_text_cache/QCOM_2014.txt,found,
QCOM,Qualcomm Inc/De,804328,2015,10-K,2015-11-04,2015-09-27,0001234452-15-000271,qcom10-k2015.htm,https://www.sec.gov/Archives/edgar/data/804328/000123445215000271/qcom10-k2015.htm,/Users/bao/equity_screener/sec_filing_text_cache/QCOM_2015.txt,found,
QCOM,Qualcomm Inc/De,804328,2017,10-K,2017-11-01,2017-09-24,0001234452-17-000190,qcom10-k2017.htm,https://www.sec.gov/Archives/edgar/data/804328/000123445217000190/qcom10-k2017.htm,/Users/bao/equity_screener/sec_filing_text_cache/QCOM_2017.txt,found,
QCOM,Qualcomm Inc/De,804328,2018,10-K,2018-11-07,2018-09-30,0001728949-18-000095,qcom10-k2018.htm,https://www.sec.gov/Archives/edgar/data/804328/000172894918000095/qcom10-k2018.htm,/Users/bao/equity_screener/sec_filing_text_cache/QCOM_2018.txt,found,
QCOM,Qualcomm Inc/De,804328,2019,10-K,2019-11-06,2019-09-29,0001728949-19-000072,qcom10-k2019.htm,https://www.sec.gov/Archives/edgar/data/804328/000172894919000072/qcom10-k2019.htm,/Users/bao/equity_screener/sec_filing_text_cache/QCOM_2019.txt,found,
QCOM,Qualcomm Inc/De,804328,2020,10-K,2020-11-04,2020-09-27,0001728949-20-000067,qcom-20200927.htm,https://www.sec.gov/Archives/edgar/data/804328/000172894920000067/qcom-20200927.htm,/Users/bao/equity_screener/sec_filing_text_cache/QCOM_2020.txt,found,
QCOM,Qualcomm Inc/De,804328,2021,10-K,2021-11-03,2021-09-26,0001728949-21-000076,qcom-20210926.htm,https://www.sec.gov/Archives/edgar/data/804328/000172894921000076/qcom-20210926.htm,/Users/bao/equity_screener/sec_filing_text_cache/QCOM_2021.txt,found,
QCOM,Qualcomm Inc/De,804328,2022,10-K,2022-11-02,2022-09-25,0000804328-22-000021,qcom-20220925.htm,https://www.sec.gov/Archives/edgar/data/804328/000080432822000021/qcom-20220925.htm,/Users/bao/equity_screener/sec_filing_text_cache/QCOM_2022.txt,found,
QCOM,Qualcomm Inc/De,804328,2023,10-K,2023-11-01,2023-09-24,0000804328-23-000055,qcom-20230924.htm,https://www.sec.gov/Archives/edgar/data/804328/000080432823000055/qcom-20230924.htm,/Users/bao/equity_screener/sec_filing_text_cache/QCOM_2023.txt,found,
QCOM,Qualcomm Inc/De,804328,2024,10-K,2024-11-06,2024-09-29,0000804328-24-000075,qcom-20240929.htm,https://www.sec.gov/Archives/edgar/data/804328/000080432824000075/qcom-20240929.htm,/Users/bao/equity_screener/sec_filing_text_cache/QCOM_2024.txt,found,
STX,Seagate Technology PLC,1137789,2011,10-K,2011-08-17,2011-07-01,0001047469-11-007483,a2205181z10-k.htm,https://www.sec.gov/Archives/edgar/data/1137789/000104746911007483/a2205181z10-k.htm,/Users/bao/equity_screener/sec_filing_text_cache/STX_2011.txt,found,
STX,Seagate Technology PLC,1137789,2012,10-K,2012-08-09,2012-06-29,0001047469-12-007998,a2210517z10-k.htm,https://www.sec.gov/Archives/edgar/data/1137789/000104746912007998/a2210517z10-k.htm,/Users/bao/equity_screener/sec_filing_text_cache/STX_2012.txt,found,
STX,Seagate Technology PLC,1137789,2013,10-K,2013-08-08,2013-06-28,0001047469-13-008213,a2216245z10-k.htm,https://www.sec.gov/Archives/edgar/data/1137789/000104746913008213/a2216245z10-k.htm,/Users/bao/equity_screener/sec_filing_text_cache/STX_2013.txt,found,
STX,Seagate Technology PLC,1137789,2014,10-K,2014-08-08,2014-06-27,0001047469-14-006770,a2221037z10-k.htm,https://www.sec.gov/Archives/edgar/data/1137789/000104746914006770/a2221037z10-k.htm,/Users/bao/equity_screener/sec_filing_text_cache/STX_2014.txt,found,
STX,Seagate Technology PLC,1137789,2015,10-K,2015-08-12,2015-07-03,0001047469-15-006787,a2225686z10-k.htm,https://www.sec.gov/Archives/edgar/data/1137789/000104746915006787/a2225686z10-k.htm,/Users/bao/equity_screener/sec_filing_text_cache/STX_2015.txt,found,
STX,Seagate Technology PLC,1137789,2016,10-K,2016-08-05,2016-07-01,0001047469-16-014732,a2229376z10-k.htm,https://www.sec.gov/Archives/edgar/data/1137789/000104746916014732/a2229376z10-k.htm,/Users/bao/equity_screener/sec_filing_text_cache/STX_2016.txt,found,
STX,Seagate Technology PLC,1137789,2017,10-K,2017-08-04,2017-06-30,0001193125-17-248796,d410656d10k.htm,https://www.sec.gov/Archives/edgar/data/1137789/000119312517248796/d410656d10k.htm,/Users/bao/equity_screener/sec_filing_text_cache/STX_2017.txt,found,
STX,Seagate Technology PLC,1137789,2018,10-K,2018-08-03,2018-06-29,0001193125-18-238271,d832608d10k.htm,https://www.sec.gov/Archives/edgar/data/1137789/000119312518238271/d832608d10k.htm,/Users/bao/equity_screener/sec_filing_text_cache/STX_2018.txt,found,
STX,Seagate Technology PLC,1137789,2019,10-K,2019-08-02,2019-06-28,0001193125-19-212028,d733907d10k.htm,https://www.sec.gov/Archives/edgar/data/1137789/000119312519212028/d733907d10k.htm,/Users/bao/equity_screener/sec_filing_text_cache/STX_2019.txt,found,
STX,Seagate Technology PLC,1137789,2020,10-K,2020-08-07,2020-07-03,0001137789-20-000057,stx-20200703.htm,https://www.sec.gov/Archives/edgar/data/1137789/000113778920000057/stx-20200703.htm,/Users/bao/equity_screener/sec_filing_text_cache/STX_2020.txt,found,
STX,Seagate Technology PLC,1137789,2021,10-K,2021-08-06,2021-07-02,0001137789-21-000049,stx-20210702.htm,https://www.sec.gov/Archives/edgar/data/1137789/000113778921000049/stx-20210702.htm,/Users/bao/equity_screener/sec_filing_text_cache/STX_2021.txt,found,
STX,Seagate Technology PLC,1137789,2022,10-K,2022-08-05,2022-07-01,0001137789-22-000055,stx-20220701.htm,https://www.sec.gov/Archives/edgar/data/1137789/000113778922000055/stx-20220701.htm,/Users/bao/equity_screener/sec_filing_text_cache/STX_2022.txt,found,
STX,Seagate Technology PLC,1137789,2023,10-K,2023-08-04,2023-06-30,0001137789-23-000049,stx-20230630.htm,https://www.sec.gov/Archives/edgar/data/1137789/000113778923000049/stx-20230630.htm,/Users/bao/equity_screener/sec_filing_text_cache/STX_2023.txt,found,
STX,Seagate Technology PLC,1137789,2024,10-K,2024-08-02,2024-06-28,0001137789-24-000068,stx-20240628.htm,https://www.sec.gov/Archives/edgar/data/1137789/000113778924000068/stx-20240628.htm,/Users/bao/equity_screener/sec_filing_text_cache/STX_2024.txt,found,
TSLA,Tesla Motors Inc,1318605,2011,10-K,2012-02-27,2011-12-31,0001193125-12-081990,d279413d10k.htm,https://www.sec.gov/Archives/edgar/data/1318605/000119312512081990/d279413d10k.htm,/Users/bao/equity_screener/sec_filing_text_cache/TSLA_2011.txt,found,
TSLA,Tesla Motors Inc,1318605,2012,10-K,2013-03-07,2012-12-31,0001193125-13-096241,d452995d10k.htm,https://www.sec.gov/Archives/edgar/data/1318605/000119312513096241/d452995d10k.htm,/Users/bao/equity_screener/sec_filing_text_cache/TSLA_2012.txt,found,
TSLA,Tesla Motors Inc,1318605,2013,10-K,2014-02-26,2013-12-31,0001193125-14-069681,d668062d10k.htm,https://www.sec.gov/Archives/edgar/data/1318605/000119312514069681/d668062d10k.htm,/Users/bao/equity_screener/sec_filing_text_cache/TSLA_2013.txt,found,
TSLA,Tesla Motors Inc,1318605,2014,10-K,2015-02-26,2014-12-31,0001564590-15-001031,tsla-10k_20141231.htm,https://www.sec.gov/Archives/edgar/data/1318605/000156459015001031/tsla-10k_20141231.htm,/Users/bao/equity_screener/sec_filing_text_cache/TSLA_2014.txt,found,
TSLA,Tesla Motors Inc,1318605,2015,10-K,2016-02-24,2015-12-31,0001564590-16-013195,tsla-10k_20151231.htm,https://www.sec.gov/Archives/edgar/data/1318605/000156459016013195/tsla-10k_20151231.htm,/Users/bao/equity_screener/sec_filing_text_cache/TSLA_2015.txt,found,
TSLA,Tesla Motors Inc,1318605,2017,10-K,2018-02-23,2017-12-31,0001564590-18-002956,tsla-10k_20171231.htm,https://www.sec.gov/Archives/edgar/data/1318605/000156459018002956/tsla-10k_20171231.htm,/Users/bao/equity_screener/sec_filing_text_cache/TSLA_2017.txt,found,
TSLA,Tesla Motors Inc,1318605,2018,10-K,2019-02-19,2018-12-31,0001564590-19-003165,tsla-10k_20181231.htm,https://www.sec.gov/Archives/edgar/data/1318605/000156459019003165/tsla-10k_20181231.htm,/Users/bao/equity_screener/sec_filing_text_cache/TSLA_2018.txt,found,
TSLA,Tesla Motors Inc,1318605,2019,10-K,2020-02-13,2019-12-31,0001564590-20-004475,tsla-10k_20191231.htm,https://www.sec.gov/Archives/edgar/data/1318605/000156459020004475/tsla-10k_20191231.htm,/Users/bao/equity_screener/sec_filing_text_cache/TSLA_2019.txt,found,
TSLA,Tesla Motors Inc,1318605,2020,10-K,2021-02-08,2020-12-31,0001564590-21-004599,tsla-10k_20201231.htm,https://www.sec.gov/Archives/edgar/data/1318605/000156459021004599/tsla-10k_20201231.htm,/Users/bao/equity_screener/sec_filing_text_cache/TSLA_2020.txt,found,
TSLA,Tesla Motors Inc,1318605,2021,10-K,2022-02-07,2021-12-31,0000950170-22-000796,tsla-20211231.htm,https://www.sec.gov/Archives/edgar/data/1318605/000095017022000796/tsla-20211231.htm,/Users/bao/equity_screener/sec_filing_text_cache/TSLA_2021.txt,found,
TSLA,Tesla Motors Inc,1318605,2022,10-K,2023-01-31,2022-12-31,0000950170-23-001409,tsla-20221231.htm,https://www.sec.gov/Archives/edgar/data/1318605/000095017023001409/tsla-20221231.htm,/Users/bao/equity_screener/sec_filing_text_cache/TSLA_2022.txt,found,
TSLA,Tesla Motors Inc,1318605,2023,10-K,2024-01-29,2023-12-31,0001628280-24-002390,tsla-20231231.htm,https://www.sec.gov/Archives/edgar/data/1318605/000162828024002390/tsla-20231231.htm,/Users/bao/equity_screener/sec_filing_text_cache/TSLA_2023.txt,found,
TSLA,Tesla Motors Inc,1318605,2024,10-K,2025-01-30,2024-12-31,0001628280-25-003063,tsla-20241231.htm,https://www.sec.gov/Archives/edgar/data/1318605/000162828025003063/tsla-20241231.htm,/Users/bao/equity_screener/sec_filing_text_cache/TSLA_2024.txt,found,
TXN,Texas Instruments Inc,97476,2017,10-K,2018-02-22,2017-12-31,0001564590-18-002832,txn-10k_20171231.htm,https://www.sec.gov/Archives/edgar/data/97476/000156459018002832/txn-10k_20171231.htm,/Users/bao/equity_screener/sec_filing_text_cache/TXN_2017.txt,found,
TXN,Texas Instruments Inc,97476,2018,10-K,2019-02-22,2018-12-31,0001564590-19-003839,txn-10k_20181231.htm,https://www.sec.gov/Archives/edgar/data/97476/000156459019003839/txn-10k_20181231.htm,/Users/bao/equity_screener/sec_filing_text_cache/TXN_2018.txt,found,
TXN,Texas Instruments Inc,97476,2019,10-K,2020-02-20,2019-12-31,0000097476-20-000009,txn-20191231.htm,https://www.sec.gov/Archives/edgar/data/97476/000009747620000009/txn-20191231.htm,/Users/bao/equity_screener/sec_filing_text_cache/TXN_2019.txt,found,
TXN,Texas Instruments Inc,97476,2020,10-K,2021-02-05,2020-12-31,0000097476-21-000006,txn-20201231.htm,https://www.sec.gov/Archives/edgar/data/97476/000009747621000006/txn-20201231.htm,/Users/bao/equity_screener/sec_filing_text_cache/TXN_2020.txt,found,
TXN,Texas Instruments Inc,97476,2021,10-K,2022-02-04,2021-12-31,0000097476-22-000009,txn-20211231.htm,https://www.sec.gov/Archives/edgar/data/97476/000009747622000009/txn-20211231.htm,/Users/bao/equity_screener/sec_filing_text_cache/TXN_2021.txt,found,
TXN,Texas Instruments Inc,97476,2022,10-K,2023-02-03,2022-12-31,0000097476-23-000007,txn-20221231.htm,https://www.sec.gov/Archives/edgar/data/97476/000009747623000007/txn-20221231.htm,/Users/bao/equity_screener/sec_filing_text_cache/TXN_2022.txt,found,
TXN,Texas Instruments Inc,97476,2023,10-K,2024-02-02,2023-12-31,0000097476-24-000007,txn-20231231.htm,https://www.sec.gov/Archives/edgar/data/97476/000009747624000007/txn-20231231.htm,/Users/bao/equity_screener/sec_filing_text_cache/TXN_2023.txt,found,
TXN,Texas Instruments Inc,97476,2024,10-K,2025-02-14,2024-12-31,0000097476-25-000007,txn-20241231.htm,https://www.sec.gov/Archives/edgar/data/97476/000009747625000007/txn-20241231.htm,/Users/bao/equity_screener/sec_filing_text_cache/TXN_2024.txt,found,
WDC,Western Digital Corp,106040,2011,10-K,2011-08-12,2011-07-01,0000950123-11-076255,a59422e10vk.htm,https://www.sec.gov/Archives/edgar/data/106040/000095012311076255/a59422e10vk.htm,/Users/bao/equity_screener/sec_filing_text_cache/WDC_2011.txt,found,
WDC,Western Digital Corp,106040,2012,10-K,2012-08-20,2012-06-29,0001193125-12-361018,d356205d10k.htm,https://www.sec.gov/Archives/edgar/data/106040/000119312512361018/d356205d10k.htm,/Users/bao/equity_screener/sec_filing_text_cache/WDC_2012.txt,found,
WDC,Western Digital Corp,106040,2013,10-K,2013-08-19,2013-06-28,0001193125-13-338607,d547947d10k.htm,https://www.sec.gov/Archives/edgar/data/106040/000119312513338607/d547947d10k.htm,/Users/bao/equity_screener/sec_filing_text_cache/WDC_2013.txt,found,
WDC,Western Digital Corp,106040,2014,10-K,2014-08-15,2014-06-27,0000106040-14-000015,wdc6271410k.htm,https://www.sec.gov/Archives/edgar/data/106040/000010604014000015/wdc6271410k.htm,/Users/bao/equity_screener/sec_filing_text_cache/WDC_2014.txt,found,
WDC,Western Digital Corp,106040,2015,10-K,2015-08-21,2015-07-03,0000106040-15-000010,wdc731510k.htm,https://www.sec.gov/Archives/edgar/data/106040/000010604015000010/wdc731510k.htm,/Users/bao/equity_screener/sec_filing_text_cache/WDC_2015.txt,found,
WDC,Western Digital Corp,106040,2017,10-K,2017-08-29,2017-06-30,0000106040-17-000027,wdc-2017q410xkxdoc.htm,https://www.sec.gov/Archives/edgar/data/106040/000010604017000027/wdc-2017q410xkxdoc.htm,/Users/bao/equity_screener/sec_filing_text_cache/WDC_2017.txt,found,
WDC,Western Digital Corp,106040,2018,10-K,2018-08-24,2018-06-29,0000106040-18-000029,wdc-2018q410xkdoc.htm,https://www.sec.gov/Archives/edgar/data/106040/000010604018000029/wdc-2018q410xkdoc.htm,/Users/bao/equity_screener/sec_filing_text_cache/WDC_2018.txt,found,
WDC,Western Digital Corp,106040,2019,10-K,2019-08-27,2019-06-28,0000106040-19-000058,wdc-2019q410xkdoc.htm,https://www.sec.gov/Archives/edgar/data/106040/000010604019000058/wdc-2019q410xkdoc.htm,/Users/bao/equity_screener/sec_filing_text_cache/WDC_2019.txt,found,
WDC,Western Digital Corp,106040,2020,10-K,2020-08-28,2020-07-03,0000106040-20-000049,wdc-20200703.htm,https://www.sec.gov/Archives/edgar/data/106040/000010604020000049/wdc-20200703.htm,/Users/bao/equity_screener/sec_filing_text_cache/WDC_2020.txt,found,
WDC,Western Digital Corp,106040,2021,10-K,2021-08-27,2021-07-02,0000106040-21-000040,wdc-20210702.htm,https://www.sec.gov/Archives/edgar/data/106040/000010604021000040/wdc-20210702.htm,/Users/bao/equity_screener/sec_filing_text_cache/WDC_2021.txt,found,
WDC,Western Digital Corp,106040,2022,10-K,2022-08-25,2022-07-01,0000106040-22-000055,wdc-20220701.htm,https://www.sec.gov/Archives/edgar/data/106040/000010604022000055/wdc-20220701.htm,/Users/bao/equity_screener/sec_filing_text_cache/WDC_2022.txt,found,
WDC,Western Digital Corp,106040,2023,10-K,2023-08-22,2023-06-30,0000106040-23-000024,wdc-20230630.htm,https://www.sec.gov/Archives/edgar/data/106040/000010604023000024/wdc-20230630.htm,/Users/bao/equity_screener/sec_filing_text_cache/WDC_2023.txt,found,
WDC,Western Digital Corp,106040,2024,10-K,2024-08-20,2024-06-28,0000106040-24-000031,wdc-20240628.htm,https://www.sec.gov/Archives/edgar/data/106040/000010604024000031/wdc-20240628.htm,/Users/bao/equity_screener/sec_filing_text_cache/WDC_2024.txt,found,
