ticker,company_name,cik,latest_10q_filing_date,latest_10q_period,latest_10q_form_type,latest_10q_total_words,latest_10q_risk_word_count,latest_10q_risk_score,latest_10q_risk_words_per_1000,latest_10q_debt_liquidity_mentions,latest_10q_legal_regulatory_mentions,latest_10q_uncertainty_mentions,latest_10q_cost_cyber_mentions,latest_10q_data_quality_flag,latest_10q_warning_text
AAPL,Apple Inc,320193,2026-05-01,2026-03-28,10-Q,12216,98,68.4,8.02,20,76,10,31,ok,
ABBV,AbbVie Inc,1551152,2026-05-08,2026-03-31,10-Q,640,8,62.7,12.5,0,4,1,0,ok,
ABT,Abbott Laboratories,1800,2026-04-29,2026-03-31,10-Q,406,6,52.0,14.78,0,5,0,0,ok,
ADBE,Adobe Systems Inc,796343,2026-06-15,2026-05-29,10-Q,12220,26,40.2,2.13,39,19,9,2,ok,
ADI,Analog Devices Inc,6281,2026-05-20,2026-05-02,10-Q,730,5,29.0,6.85,0,0,0,0,ok,
ADSK,Autodesk Inc,769397,2026-05-29,2026-04-30,10-Q,12133,30,44.7,2.47,56,11,8,8,ok,
AKAM,Akamai Technologies Inc,1086222,2026-05-08,2026-03-31,10-Q,12046,38,41.4,3.15,39,5,7,21,ok,
AMAT,Applied Materials Inc,6951,2026-05-21,2026-04-26,10-Q,12873,44,45.3,3.42,31,9,12,27,ok,
AMD,Advanced Micro Devices,2488,2026-05-06,2026-03-28,10-Q,10514,16,36.8,1.52,51,7,10,1,ok,
AMGN,Amgen Inc,318154,2026-05-01,2026-03-31,10-Q,12235,22,43.3,1.8,57,20,8,1,ok,
AMT,American Tower Corp,1053507,2026-07-28,2026-06-30,10-Q,12314,12,30.9,0.97,108,4,4,0,ok,
AMZN,Amazon COM Inc,1018724,2026-04-30,2026-03-31,10-Q,12026,46,55.4,3.83,49,20,8,3,ok,
ATVI,Activision Blizzard Inc,718877,2023-07-31,2023-06-30,10-Q,13110,51,48.0,3.89,24,28,6,6,ok,
AVGO,Broadcom Inc,1730168,2026-06-09,2026-05-03,10-Q,12468,56,68.5,4.49,68,25,9,14,ok,
AXP,American Express Co,4962,2026-04-23,2026-03-31,10-Q,12245,76,87.8,6.21,125,62,40,8,ok,
BA,Boeing Co,12927,2026-04-22,2026-03-31,10-Q,12000,37,43.5,3.08,33,17,5,18,ok,
BAC,Bank of America Corp,70858,2026-05-01,2026-03-31,10-Q,11591,133,76.5,11.47,100,44,1,9,ok,
BIIB,Biogen Inc,875045,2026-04-29,2026-03-31,10-Q,11904,52,60.9,4.37,39,20,9,21,ok,
BKNG,Booking Holdings Inc,1075531,2026-04-28,2026-03-31,10-Q,12333,26,43.6,2.11,49,41,5,4,ok,
BLK,BlackRock Inc,2012383,2026-08-06,2026-06-30,10-Q,12670,20,38.6,1.58,117,13,1,2,ok,
BMY,Bristol-Myers Squibb Co,14272,2026-04-30,2026-03-31,10-Q,12384,24,54.7,1.94,50,45,17,17,ok,
C,Citigroup Inc,831001,2026-05-07,2026-03-31,10-Q,5860,77,63.0,13.14,47,5,0,3,ok,
CAT,Caterpillar Inc,18230,2026-05-06,2026-03-31,10-Q,12148,50,57.8,4.12,59,5,10,21,ok,
CB,Chubb Ltd,896159,2026-04-28,2026-03-31,10-Q,12452,67,46.3,5.38,52,3,6,1,ok,
CDNS,Cadence Design Systems Inc,813672,2026-05-01,2026-03-31,10-Q,11995,27,44.8,2.25,68,17,0,13,ok,
CHTR,Charter Communications Inc,1091667,2026-04-24,2026-03-31,10-Q,12024,20,35.0,1.66,81,8,4,1,ok,
CL,Colgate-Palmolive Co,21665,2026-05-01,2026-03-31,10-Q,346,3,30.9,8.67,0,0,0,0,ok,
CMCSA,Comcast Corp,1166691,2026-04-23,2026-03-31,10-Q,12041,39,28.0,3.24,28,7,4,0,ok,
CME,CME Group Inc,1156375,2026-04-24,2026-03-31,10-Q,12258,72,61.8,5.87,63,16,3,16,ok,
COF,Capital One Financial Corp,927628,2026-05-07,2026-03-31,10-Q,12066,21,30.8,1.74,69,8,0,3,ok,
COP,ConocoPhillips,1163165,2026-04-30,2026-03-31,10-Q,12057,45,61.5,3.73,42,25,9,28,ok,
COST,Costco Wholesale Corp,909832,2026-06-03,2026-05-10,10-Q,11431,27,45.3,2.36,39,26,3,18,ok,
CRM,Salesforce COM Inc,1108524,2026-05-28,2026-04-30,10-Q,12147,25,33.7,2.06,37,5,17,4,ok,
CSCO,Cisco Systems Inc,858877,2026-05-19,2026-04-25,10-Q,12602,40,45.8,3.17,54,12,8,5,ok,
CTSH,Cognizant Technology Solutions,1058290,2026-04-29,2026-03-31,10-Q,12399,49,48.9,3.95,31,17,12,1,ok,
CVS,CVS Health Corp,64803,2026-05-06,2026-03-31,10-Q,12093,26,46.8,2.15,38,90,9,1,ok,
CVX,Chevron Corp,93410,2026-05-07,2026-03-31,10-Q,12118,44,66.8,3.63,50,33,17,22,ok,
DDOG,Datadog Inc,1561550,2026-08-06,2026-06-30,10-Q,12132,29,28.1,2.39,26,5,7,5,ok,
DE,Deere & Company,315189,2026-05-28,2026-05-03,10-Q,11,0,,0.0,0,0,0,0,too_short,text too short (11 words)
DIS,Walt Disney Co,1744489,2026-08-05,2026-06-27,10-Q,270,3,57.1,11.11,0,1,0,1,ok,
DUK,Duke Energy Corp,1326160,2026-05-05,2026-03-31,10-Q,12327,28,51.3,2.27,63,48,3,10,ok,
EA,Electronic Arts Inc,712515,2026-02-03,2025-12-31,10-Q,12572,22,36.0,1.75,58,11,8,3,ok,
EBAY,eBay Inc,1065088,2026-04-29,2026-03-31,10-Q,12325,58,59.9,4.71,72,12,8,4,ok,
EQIX,Equinix Inc,1101239,2026-04-29,2026-03-31,10-Q,12640,99,69.8,7.83,61,18,14,4,ok,
FDX,FedEx Corp,1048911,2026-03-19,2026-02-28,10-Q,12144,37,51.6,3.05,53,15,6,22,ok,
FTNT,Fortinet Inc,1262039,2026-05-08,2026-03-31,10-Q,11947,84,62.5,7.03,32,27,6,20,ok,
GE,GE Aerospace,40545,2026-07-16,2026-06-30,10-Q,191,6,49.8,31.41,1,0,0,0,ok,
GILD,Gilead Sciences Inc,882095,2026-08-06,2026-06-30,10-Q,1508,12,86.0,7.96,16,12,4,0,ok,
GOOGL,Alphabet Inc.,1652044,2026-07-23,2026-06-30,10-Q,465,6,49.6,12.9,0,2,0,0,ok,
GRMN,Garmin LTD,1121788,2026-04-29,2026-03-28,10-Q,10002,53,44.8,5.3,18,6,8,4,ok,
GS,Goldman Sachs Group Inc,886982,2026-05-01,2026-03-31,10-Q,5592,18,42.4,3.22,40,0,0,6,ok,
HCA,HCA Healthcare Inc,860730,2026-04-29,2026-03-31,10-Q,11520,54,62.5,4.69,82,11,7,10,ok,
HD,Home Depot Inc,354950,2026-05-27,2026-05-03,10-Q,8601,26,57.3,3.02,76,9,4,15,ok,
HON,Honeywell International Inc,773840,2026-04-23,2026-03-31,10-Q,11973,25,44.5,2.09,41,13,22,11,ok,
HPQ,HP Inc,47217,2026-05-28,2026-04-30,10-Q,12491,50,64.9,4.0,70,20,7,20,ok,
ICE,Intercontinental Exchange Inc,1571949,2026-04-30,2026-03-31,10-Q,12543,42,60.7,3.35,98,18,8,6,ok,
INTC,Intel Corp,50863,2026-04-24,2026-03-28,10-Q,148,1,48.4,6.76,1,0,0,0,ok,
INTU,Intuit Inc,896878,2026-05-20,2026-04-30,10-Q,12524,26,38.5,2.08,111,4,5,2,ok,
ISRG,Intuitive Surgical Inc,1035267,2026-04-22,2026-03-31,10-Q,12101,57,58.1,4.71,19,40,9,19,ok,
JNJ,Johnson & Johnson,200406,2026-04-22,2026-03-29,10-Q,12154,36,53.6,2.96,35,50,14,5,ok,
JNPR,Juniper Networks Inc,1043604,2025-05-09,2025-03-31,10-Q,12219,44,59.6,3.6,56,25,7,16,ok,
JPM,JPMorgan Chase & Co,19617,2026-05-01,2026-03-31,10-Q,12461,71,45.4,5.7,59,5,2,0,ok,
KLAC,KLA Corp,319201,2026-04-30,2026-03-31,10-Q,12256,16,48.4,1.31,63,19,51,2,ok,
KO,Coca-Cola Co,21344,2026-04-30,2026-04-03,10-Q,12523,41,64.3,3.27,74,19,12,18,ok,
LMT,Lockheed Martin Corp,936468,2026-04-23,2026-03-29,10-Q,12168,73,62.5,6.0,21,21,13,26,ok,
LOGI,Logitech International SA,1032975,2026-01-28,2025-12-31,10-Q,12139,57,50.0,4.7,15,10,14,20,ok,
LOW,Lowe's Companies Inc,60667,2026-05-28,2026-05-01,10-Q,9571,26,48.1,2.72,84,1,4,14,ok,
LRCX,LAM Research Corp,707549,2026-04-23,2026-03-29,10-Q,12087,75,54.5,6.21,42,13,5,7,ok,
MA,Mastercard Inc,1141391,2026-04-30,2026-03-31,10-Q,660,14,63.1,21.21,1,6,0,3,ok,
MCD,McDonald's Corp,63908,2026-05-07,2026-03-31,10-Q,659,3,24.0,4.55,0,0,0,0,ok,
MCHP,Microchip Technology Inc,827054,2026-02-05,2025-12-31,10-Q,12486,33,62.9,2.64,149,15,24,5,ok,
MDLZ,Mondelez International Inc,1103982,2026-07-28,2026-06-30,10-Q,12447,45,52.8,3.62,41,23,4,38,ok,
META,Facebook Inc,1326801,2026-04-30,2026-03-31,10-Q,12519,44,41.9,3.51,14,110,3,1,ok,
MMM,3M Co,66740,2026-04-21,2026-03-31,10-Q,12127,26,45.0,2.14,34,86,7,5,ok,
MPWR,Monolithic Power Systems Inc,1280452,2026-05-04,2026-03-31,10-Q,10807,53,49.1,4.9,12,15,6,14,ok,
MRK,Merck & Co Inc,310158,2026-05-04,2026-03-31,10-Q,139,6,52.9,43.17,0,2,0,0,ok,
MRVL,Marvell Technology Inc,1835632,2026-08-28,2026-08-01,10-Q,12248,50,62.9,4.08,56,13,12,26,ok,
MS,Morgan Stanley,895421,2026-05-05,2026-03-31,10-Q,11841,66,60.3,5.57,112,13,0,3,ok,
MSFT,Microsoft Corp,789019,2026-04-29,2026-03-31,10-Q,8409,29,43.5,3.45,33,1,15,0,ok,
MSI,Motorola Solutions Inc,68505,2026-05-07,2026-04-04,10-Q,12506,34,32.0,2.72,32,11,3,11,ok,
MU,Micron Technology Inc,723125,2026-06-25,2026-05-28,10-Q,12765,27,35.1,2.12,39,15,7,6,ok,
NEE,NextEra Energy Inc,753308,2026-04-23,2026-03-31,10-Q,12295,110,87.0,8.95,79,31,20,31,ok,
NFLX,Netflix Inc,1065280,2026-04-17,2026-03-31,10-Q,11711,13,31.3,1.11,61,12,2,1,ok,
NKE,Nike Inc,320187,2026-04-01,2026-02-28,10-Q,12732,37,32.0,2.91,30,7,7,8,ok,
NOC,Northrop Grumman Corp,1133421,2026-04-21,2026-03-31,10-Q,12279,46,58.0,3.75,33,25,13,19,ok,
NOW,ServiceNow Inc,1373715,2026-04-23,2026-03-31,10-Q,12372,23,31.7,1.86,47,11,5,5,ok,
NVDA,Nvidia Corp,1045810,2026-05-20,2026-04-26,10-Q,12010,46,61.0,3.83,57,24,7,11,ok,
OKTA,Okta Inc,1660134,2026-05-29,2026-04-30,10-Q,10051,36,35.4,3.58,22,5,4,13,ok,
ON,ON Semiconductor Corp,1097864,2026-08-03,2026-07-03,10-Q,12482,76,51.3,6.09,21,58,1,2,ok,
ORCL,Oracle Corp,1341439,2026-03-11,2026-02-28,10-Q,12266,12,32.5,0.98,43,13,3,26,ok,
OXY,Occidental Petroleum Corp,797468,2026-05-05,2026-03-31,10-Q,12408,49,64.6,3.95,54,19,11,23,ok,
PANW,Palo Alto Networks Inc,1327567,2026-06-03,2026-04-30,10-Q,12736,36,35.9,2.83,44,12,3,7,ok,
PEP,PepsiCo Inc,77476,2026-07-09,2026-06-13,10-Q,12461,74,69.6,5.94,45,15,34,64,ok,
PFE,Pfizer Inc,78003,2026-05-05,2026-03-29,10-Q,11914,46,71.3,3.86,63,34,17,12,ok,
PG,Procter & Gamble Co,80424,2026-04-24,2026-03-31,10-Q,12414,75,60.4,6.04,43,11,9,63,ok,
PLD,Prologis Inc,1045609,2026-04-30,2026-03-31,10-Q,12244,30,33.9,2.45,81,1,2,0,ok,
PM,Philip Morris International Inc,1413329,2026-04-24,2026-03-31,10-Q,12229,47,54.3,3.84,29,25,10,12,ok,
PYPL,PayPal Holdings Inc,1633917,2026-05-05,2026-03-31,10-Q,12528,22,37.4,1.76,86,5,8,1,ok,
QCOM,Qualcomm Inc/De,804328,2026-04-29,2026-03-29,10-Q,12302,90,64.5,7.32,35,24,13,8,ok,
REGN,Regeneron Pharmaceuticals Inc,872589,2026-04-29,2026-03-31,10-Q,11964,39,39.6,3.26,14,83,0,3,ok,
SBUX,Starbucks Corp,829224,2026-04-28,2026-03-29,10-Q,12322,26,56.7,2.11,100,9,18,32,ok,
SCHW,Charles Schwab Corp,316709,2026-08-07,2026-06-30,10-Q,12824,61,55.2,4.76,69,25,0,0,ok,
SLB,Schlumberger Ltd,87347,2026-04-29,2026-03-31,10-Q,8380,70,64.6,8.35,66,7,1,11,ok,
SNDK,Sandisk Corp,2023554,2026-05-01,2026-04-03,10-Q,12443,21,27.8,1.69,36,4,13,2,ok,
SNPS,Synopsys Inc,883241,2026-05-27,2026-04-30,10-Q,12091,19,31.5,1.57,71,4,1,8,ok,
SO,Southern Co,92122,2026-04-30,2026-03-31,10-Q,12275,20,35.2,1.63,22,49,5,10,ok,
STX,Seagate Technology PLC,1137789,2026-04-29,2026-04-03,10-Q,12833,39,56.9,3.04,77,19,8,9,ok,
SWKS,Skyworks Solutions Inc,4127,2026-05-05,2026-04-03,10-Q,10719,32,59.1,2.99,45,21,17,10,ok,
SYMC,Symantec Corp,849399,2026-02-06,2026-01-02,10-Q,12496,27,45.0,2.16,48,15,11,12,ok,
T,AT&T Inc,732717,2026-04-27,2026-03-31,10-Q,519,3,26.9,5.78,0,0,0,0,ok,
TGT,Target Corp,27419,2026-05-29,2026-05-02,10-Q,8250,21,52.4,2.55,63,11,1,15,ok,
TMO,Thermo Fisher Scientific Inc,97745,2026-05-01,2026-03-28,10-Q,11944,31,56.3,2.6,51,18,13,25,ok,
TMUS,T-Mobile US Inc,1283699,2026-04-28,2026-03-31,10-Q,12219,22,43.0,1.8,93,7,11,1,ok,
TSLA,Tesla Motors Inc,1318605,2026-04-23,2026-03-31,10-Q,12378,46,63.5,3.72,50,40,13,12,ok,
TXN,Texas Instruments Inc,97476,2026-04-24,2026-03-31,10-Q,1118,10,67.2,8.94,1,4,1,3,ok,
UNH,UnitedHealth Group Inc,731766,2026-05-05,2026-03-31,10-Q,10893,58,74.6,5.32,86,31,5,18,ok,
UPS,United Parcel Service Inc,1090727,2026-05-06,2026-03-31,10-Q,12264,32,54.9,2.61,50,14,21,28,ok,
V,Visa Inc,1403161,2026-04-29,2026-03-31,10-Q,12625,33,44.4,2.61,38,82,7,0,ok,
VMW,VMware Inc,1124610,2023-09-07,2023-08-04,10-Q,12515,15,27.5,1.2,37,17,6,1,ok,
VRTX,Vertex Pharmaceuticals Inc,875320,2026-05-05,2026-03-31,10-Q,11796,16,30.3,1.36,29,14,9,4,ok,
VZ,Verizon Communications Inc,732712,2026-05-01,2026-03-31,10-Q,12121,27,49.6,2.23,109,2,18,2,ok,
WDAY,Workday Inc,1327811,2026-05-22,2026-04-30,10-Q,12315,40,56.4,3.25,73,5,11,31,ok,
WDC,Western Digital Corp,106040,2026-05-01,2026-04-03,10-Q,12633,49,43.9,3.88,33,16,5,6,ok,
WFC,Wells Fargo & Co,72971,2026-04-29,2026-03-31,10-Q,12187,98,64.1,8.04,118,12,2,1,ok,
WMT,Walmart Inc,104169,2026-05-29,2026-04-30,10-Q,12386,20,57.5,1.61,71,44,14,16,ok,
XLNX,Xilinx Inc,743988,2022-01-27,2022-01-01,10-Q,12470,52,57.2,4.17,48,22,10,1,ok,
XOM,Exxon Mobil Corp,34088,2026-05-04,2026-03-31,10-Q,4095,15,49.0,3.66,14,5,2,5,ok,
ZS,Zscaler Inc,1713683,2026-05-26,2026-04-30,10-Q,12246,51,42.6,4.16,27,12,3,15,ok,
