company_id,ticker,year,market_cap,data_quality_flag
789019,MSFT,2010,177555885452.2705,ok
789019,MSFT,2011,169639207029.34265,ok
789019,MSFT,2012,178341411392.2119,ok
789019,MSFT,2013,254592907035.82764,ok
789019,MSFT,2014,316413669342.041,ok
789019,MSFT,2015,377622197753.90625,ok
789019,MSFT,2016,,missing_shares
1288776,GOOGL,2010,,missing_shares
1288776,GOOGL,2011,208005255635.28094,ok
1288776,GOOGL,2012,231368935883.4105,ok
1288776,GOOGL,2013,373062257936.7408,ok
1288776,GOOGL,2014,,missing_shares
1288776,GOOGL,2015,530063393497.0093,ok
1288776,GOOGL,2016,,missing_shares
1018724,AMZN,2010,,missing_shares
1018724,AMZN,2011,78760497570.03784,ok
1018724,AMZN,2012,113894979515.07568,ok
1018724,AMZN,2013,183044617424.01123,ok
1018724,AMZN,2014,144312749290.4663,ok
1018724,AMZN,2015,318344175338.7451,ok
1018724,AMZN,2016,,missing_shares
1326801,META,2010,,missing_price
1326801,META,2011,,missing_price
1326801,META,2012,,missing_shares
1326801,META,2013,,missing_shares
1326801,META,2014,,missing_shares
1326801,META,2015,,missing_shares
1326801,META,2016,,missing_shares
1045810,NVDA,2010,8299842663.741419,ok
1045810,NVDA,2011,7769836869.281373,ok
1045810,NVDA,2012,6968806095.987474,ok
1045810,NVDA,2013,8569381696.917545,ok
1045810,NVDA,2014,10473354155.28655,ok
1045810,NVDA,2015,17312679424.28589,ok
1045810,NVDA,2016,,missing_shares
1341439,ORCL,2010,128344271598.81592,ok
1341439,ORCL,2011,102525603160.85815,ok
1341439,ORCL,2012,127200874252.31934,ok
1341439,ORCL,2013,142176060241.69922,ok
1341439,ORCL,2014,164568626502.99072,ok
1341439,ORCL,2015,128936440629.9591,ok
1341439,ORCL,2016,,missing_shares
1065280,NFLX,2010,,missing_shares
1065280,NFLX,2011,3838569549.1425543,ok
1065280,NFLX,2012,5129356542.953664,ok
1065280,NFLX,2013,21945508084.73034,ok
1065280,NFLX,2014,20638656748.459698,ok
1065280,NFLX,2015,48947826351.82648,ok
1065280,NFLX,2016,,missing_shares
1318605,TSLA,2010,,missing_shares
1318605,TSLA,2011,2985385579.584628,ok
1318605,TSLA,2012,3868437283.924384,ok
1318605,TSLA,2013,18516579071.928974,ok
1318605,TSLA,2014,27954180893.421677,ok
1318605,TSLA,2015,31543316034.793858,ok
1318605,TSLA,2016,,missing_shares
796343,ADBE,2010,,missing_shares
796343,ADBE,2011,13895836025.009155,ok
796343,ADBE,2012,18618893910.79712,ok
796343,ADBE,2013,29716109210.063934,ok
796343,ADBE,2014,36167085281.79932,ok
796343,ADBE,2015,46764178675.354,ok
796343,ADBE,2016,,missing_shares
804328,QCOM,2010,,missing_shares
804328,QCOM,2011,62942511547.08862,ok
804328,QCOM,2012,73100945503.23486,ok
804328,QCOM,2013,88694979400.63477,ok
804328,QCOM,2014,89835365154.26636,ok
804328,QCOM,2015,56902363952.63672,ok
804328,QCOM,2016,,missing_shares
97476,TXN,2010,,missing_shares
97476,TXN,2011,,missing_shares
97476,TXN,2012,,missing_shares
97476,TXN,2013,,missing_shares
97476,TXN,2014,,missing_shares
97476,TXN,2015,,missing_shares
97476,TXN,2016,,missing_shares
1108524,CRM,2010,17247206388.387222,ok
1108524,CRM,2011,13667277815.431114,ok
1108524,CRM,2012,24192417429.48532,ok
1108524,CRM,2013,33101125911.540985,ok
1108524,CRM,2014,37930629833.96912,ok
1108524,CRM,2015,51706286511.405945,ok
1108524,CRM,2016,,missing_shares
1121788,GRMN,2010,,missing_shares
1121788,GRMN,2011,4883893133.573862,ok
1121788,GRMN,2012,5237197145.59824,ok
1121788,GRMN,2013,6207381826.441498,ok
1121788,GRMN,2014,7224952885.227203,ok
1121788,GRMN,2015,5252868167.110443,ok
1121788,GRMN,2016,,missing_shares
1032975,LOGI,2010,,missing_shares
1032975,LOGI,2011,,missing_shares
1032975,LOGI,2012,,missing_shares
1032975,LOGI,2013,1860168731.2660215,ok
1032975,LOGI,2014,,missing_shares
1032975,LOGI,2015,,missing_shares
1032975,LOGI,2016,,missing_shares
47217,HPQ,2010,,missing_shares
47217,HPQ,2011,32386345823.621754,ok
47217,HPQ,2012,18071459885.89382,ok
47217,HPQ,2013,35474646155.3421,ok
47217,HPQ,2014,49982059825.96207,ok
47217,HPQ,2015,14766076240.53955,ok
47217,HPQ,2016,,missing_shares
1000180,SNDK,2010,,missing_price
1000180,SNDK,2011,,missing_price
1000180,SNDK,2012,,missing_price
1000180,SNDK,2013,,missing_price
1000180,SNDK,2014,,missing_price
1000180,SNDK,2015,,missing_price
1000180,SNDK,2016,,missing_price
50863,INTC,2010,,missing_shares
50863,INTC,2011,83796930313.11035,ok
50863,INTC,2012,72903254150.39062,ok
50863,INTC,2013,95889016529.08324,ok
50863,INTC,2014,132197334327.69775,ok
50863,INTC,2015,128644390296.93604,ok
50863,INTC,2016,,missing_shares
858877,CSCO,2010,,missing_shares
858877,CSCO,2011,63954817485.809326,ok
858877,CSCO,2012,69577888200.75989,ok
858877,CSCO,2013,82610887282.37152,ok
858877,CSCO,2014,100189700864.79189,ok
858877,CSCO,2015,100376133642.19666,ok
858877,CSCO,2016,,missing_shares
723125,MU,2010,,missing_shares
723125,MU,2011,6038243290.3289795,ok
723125,MU,2012,6292765780.830383,ok
723125,MU,2013,22154326633.45337,ok
723125,MU,2014,36637368553.16162,ok
723125,MU,2015,14970110752.105713,ok
723125,MU,2016,,missing_shares
6951,AMAT,2010,,missing_shares
6951,AMAT,2011,11275872993.469238,ok
6951,AMAT,2012,11388031900.405884,ok
6951,AMAT,2013,,missing_shares
6951,AMAT,2014,26466010133.743286,ok
6951,AMAT,2015,19230875015.25879,ok
6951,AMAT,2016,,missing_shares
6281,ADI,2010,,missing_shares
6281,ADI,2011,7744719616.001766,ok
6281,ADI,2012,9429536903.967148,ok
6281,ADI,2013,12141462078.882248,ok
6281,ADI,2014,13625789480.532389,ok
6281,ADI,2015,13992128442.874542,ok
6281,ADI,2016,,missing_shares
743988,XLNX,2010,,missing_price
743988,XLNX,2011,,missing_price
743988,XLNX,2012,,missing_price
743988,XLNX,2013,,missing_price
743988,XLNX,2014,,missing_price
743988,XLNX,2015,,missing_price
743988,XLNX,2016,,missing_price
106040,WDC,2010,,missing_shares
106040,WDC,2011,5762872513.057709,ok
106040,WDC,2012,8406034465.484619,ok
106040,WDC,2013,16311676707.881927,ok
106040,WDC,2014,21582111193.17627,ok
106040,WDC,2015,11766653462.56256,ok
106040,WDC,2016,,missing_shares
1137789,STX,2010,,missing_shares
1137789,STX,2011,3728756998.6426306,ok
1137789,STX,2012,6705145394.620171,ok
1137789,STX,2013,11702760320.39769,ok
1137789,STX,2014,13018508314.56961,ok
1137789,STX,2015,7248340819.920959,ok
1137789,STX,2016,7655138042.463079,ok
707549,LRCX,2010,5432632902.8606415,ok
707549,LRCX,2011,5866541352.081299,ok
707549,LRCX,2012,4995980346.708298,ok
707549,LRCX,2013,7505055985.212326,ok
707549,LRCX,2014,10734997142.305374,ok
707549,LRCX,2015,10992061410.131454,ok
707549,LRCX,2016,,missing_shares
896878,INTU,2010,,missing_shares
896878,INTU,2011,13928889865.756989,ok
896878,INTU,2012,15641785357.521055,ok
896878,INTU,2013,20581211288.223267,ok
896878,INTU,2014,23899913848.495483,ok
896878,INTU,2015,24654392988.235474,ok
896878,INTU,2016,,missing_shares
849399,SYMC,2010,,missing_price
849399,SYMC,2011,,missing_price
849399,SYMC,2012,,missing_price
849399,SYMC,2013,,missing_price
849399,SYMC,2014,,missing_price
849399,SYMC,2015,,missing_price
849399,SYMC,2016,,missing_price
769397,ADSK,2010,8671400173.187256,ok
769397,ADSK,2011,6854579.982757568,ok
769397,ADSK,2012,7904259658.813477,ok
769397,ADSK,2013,11407543930.81665,ok
769397,ADSK,2014,13633620311.73706,ok
769397,ADSK,2015,13672692068.481443,ok
769397,ADSK,2016,,missing_shares
1124610,VMW,2010,,missing_price
1124610,VMW,2011,,missing_price
1124610,VMW,2012,,missing_price
1124610,VMW,2013,,missing_price
1124610,VMW,2014,,missing_price
1124610,VMW,2015,,missing_price
1124610,VMW,2016,,missing_price
712515,EA,2010,5293398138.999939,ok
712515,EA,2011,6397254638.671875,ok
712515,EA,2012,4255493400.5737305,ok
712515,EA,2013,6923571300.506592,ok
712515,EA,2014,14145579414.367676,ok
712515,EA,2015,20073635620.117188,ok
712515,EA,2016,,missing_shares
718877,ATVI,2010,,missing_price
718877,ATVI,2011,,missing_price
718877,ATVI,2012,,missing_price
718877,ATVI,2013,,missing_price
718877,ATVI,2014,,missing_price
718877,ATVI,2015,,missing_price
718877,ATVI,2016,,missing_price
1065088,EBAY,2010,,missing_shares
1065088,EBAY,2011,34514210375.44979,ok
1065088,EBAY,2012,58374670665.06958,ok
1065088,EBAY,2013,62804290987.24365,ok
1065088,EBAY,2014,60760213920.043945,ok
1065088,EBAY,2015,28779850646.972656,ok
1065088,EBAY,2016,,missing_shares
68505,MSI,2010,,missing_shares
68505,MSI,2011,11568205207.824709,ok
68505,MSI,2012,12282344478.607178,ok
68505,MSI,2013,13988027509.689331,ok
68505,MSI,2014,12243418589.019775,ok
68505,MSI,2015,10121018492.889404,ok
68505,MSI,2016,,missing_shares
1043604,JNPR,2010,,missing_price
1043604,JNPR,2011,,missing_price
1043604,JNPR,2012,,missing_price
1043604,JNPR,2013,,missing_price
1043604,JNPR,2014,,missing_price
1043604,JNPR,2015,,missing_price
1043604,JNPR,2016,,missing_price
1086222,AKAM,2010,,missing_shares
1086222,AKAM,2011,5729849046.039551,ok
1086222,AKAM,2012,7273094893.612495,ok
1086222,AKAM,2013,8425437291.778503,ok
1086222,AKAM,2014,11225805801.640924,ok
1086222,AKAM,2015,9326677275.31303,ok
1086222,AKAM,2016,,missing_shares
