ticker,year,market_cap,price_used,shares_used,data_source,data_quality_flag
IBM,2017,100381366185.78574,106.80172178649904,939885280.0,yfinance+yfinance_fast_info,ok
IBM,2018,77737338493.7188,82.70939033508301,939885280.0,yfinance+yfinance_fast_info,ok
IBM,2019,96064734913.37476,102.20900035095217,939885280.0,yfinance+yfinance_fast_info,ok
IBM,2020,94947894028.75536,101.02072673034668,939885280.0,yfinance+yfinance_fast_info,ok
IBM,2021,105888533187.83812,112.66112518310548,939885280.0,yfinance+yfinance_fast_info,ok
IBM,2022,117151868496.86646,124.64485931396484,939885280.0,yfinance+yfinance_fast_info,ok
IBM,2023,142748117300.38086,151.87823486328125,939885280.0,yfinance+yfinance_fast_info,ok
IBM,2024,198805972592.3462,211.5215301513672,939885280.0,yfinance+yfinance_fast_info,ok
AAPL,2017,812428645887.5732,158.2351531982422,5134312000.0,yfinance+sec_facts,ok
AAPL,2018,710414450456.8176,149.7059783935547,4745398000.0,yfinance+sec_facts,ok
AAPL,2019,1256916113205.4138,282.8811950683594,4443265000.0,yfinance+sec_facts,ok
AAPL,2020,2192006406421.448,128.92788696289062,17001802000.0,yfinance+sec_facts,ok
AAPL,2021,2848134096781.128,173.5989990234375,16406397000.0,yfinance+sec_facts,ok
AAPL,2022,2032446555848.877,127.7615966796875,15908118000.0,yfinance+sec_facts,ok
AAPL,2023,2960855873948.4863,190.3750457763672,15552752000.0,yfinance+sec_facts,ok
AAPL,2024,3761273493856.064,248.83021545410156,15115823000.0,yfinance+sec_facts,ok
MSFT,2017,603274357761.5577,78.32449340820312,7702243979.0,yfinance+sec_facts,ok
MSFT,2018,725507830119.0659,94.61231994628906,7668217316.0,yfinance+sec_facts,ok
MSFT,2019,1138205758390.2495,149.0693817138672,7635409400.0,yfinance+sec_facts,ok
MSFT,2020,1607933870303.2576,212.47457885742188,7567652935.0,yfinance+sec_facts,ok
MSFT,2021,2434634873911.5293,323.9747314453125,7514891248.0,yfinance+sec_facts,ok
MSFT,2022,1739043234720.0146,233.18161010742188,7457891872.0,yfinance+sec_facts,ok
MSFT,2023,2740638674741.9014,368.8729248046875,7429763722.0,yfinance+sec_facts,ok
MSFT,2024,3096294427410.83,416.5583801269531,7433038381.0,yfinance+sec_facts,ok
AMZN,2017,566148820507.0718,1169.469985961914,484107183.0,yfinance+sec_facts,ok
AMZN,2018,737772035273.5581,1501.9700622558594,491202890.0,yfinance+sec_facts,ok
AMZN,2019,919874033825.9546,1847.8399658203125,497810444.0,yfinance+sec_facts,ok
AMZN,2020,1640075083995.619,3256.929931640625,503564743.0,yfinance+sec_facts,ok
AMZN,2021,1696660221589.859,3334.339904785156,508844410.0,yfinance+sec_facts,ok
AMZN,2022,860769819588.0,84.0,10247259757.0,yfinance+sec_facts,ok
AMZN,2023,1578258738714.3577,151.94000244140625,10387381291.0,yfinance+sec_facts,ok
AMZN,2024,2325035836066.9395,219.38999938964844,10597729352.0,yfinance+sec_facts,ok
META,2017,444030915403.71936,174.9239044189453,2538423304.0,yfinance+yfinance_fast_info,ok
META,2018,329865156879.9501,129.94883728027344,2538423304.0,yfinance+yfinance_fast_info,ok
META,2019,516475911393.3468,203.46327209472656,2538423304.0,yfinance+yfinance_fast_info,ok
META,2020,687359604349.1318,270.7821044921875,2538423304.0,yfinance+yfinance_fast_info,ok
META,2021,846366244896.0325,333.4220275878906,2538423304.0,yfinance+yfinance_fast_info,ok
META,2022,302814657480.77686,119.29241943359376,2538423304.0,yfinance+yfinance_fast_info,ok
META,2023,890678650241.3108,350.8786926269531,2538423304.0,yfinance+yfinance_fast_info,ok
META,2024,1478962046803.354,582.6301879882812,2538423304.0,yfinance+yfinance_fast_info,ok
NVDA,2017,112501180219.23912,191.12308502197263,588632086.0,yfinance+sec_facts,ok
NVDA,2018,79949844082.88498,132.22801208496094,604636210.0,yfinance+sec_facts,ok
NVDA,2019,141784764289.85596,233.9682579040527,606000000.0,yfinance+sec_facts,ok
NVDA,2020,318301960144.04297,520.1012420654297,612000000.0,yfinance+sec_facts,ok
NVDA,2021,181773970031.73828,293.18382263183594,620000000.0,yfinance+sec_facts,ok
NVDA,2022,365998188686.37085,145.816011428833,2510000000.0,yfinance+sec_facts,ok
NVDA,2023,1221022956848.1443,494.3412780761719,2470000000.0,yfinance+sec_facts,ok
NVDA,2024,335224342346.1914,134.08973693847656,2500000000.0,yfinance+sec_facts,ok
TSLA,2017,52593222406.03097,311.3499927520752,168919941.0,yfinance+sec_facts,ok
TSLA,2018,57481710412.38387,332.7999973297119,172721487.0,yfinance+sec_facts,ok
TSLA,2019,75860624274.01823,418.3299922943115,181341586.0,yfinance+sec_facts,ok
TSLA,2020,677339805763.9336,705.6699829101562,959853504.0,yfinance+sec_facts,ok
TSLA,2021,1092190203431.1232,1056.780029296875,1033507611.0,yfinance+sec_facts,ok
TSLA,2022,389754171674.78754,123.18000030517578,3164102701.0,yfinance+sec_facts,ok
TSLA,2023,791356708712.3074,248.47999572753903,3184790415.0,yfinance+sec_facts,ok
TSLA,2024,1298958228442.8428,403.8399963378906,3216517037.0,yfinance+sec_facts,ok
ORCL,2017,171821804515.45715,41.53614044189453,4136682000.0,yfinance+sec_facts,ok
ORCL,2018,160451219854.08783,40.30268096923828,3981155000.0,yfinance+sec_facts,ok
ORCL,2019,160448078707.16858,48.09855651855469,3335819000.0,yfinance+sec_facts,ok
ORCL,2020,183393234151.13068,59.76286697387695,3068682000.0,yfinance+sec_facts,ok
ORCL,2021,228410935729.98047,81.80907440185547,2792000000.0,yfinance+sec_facts,ok
ORCL,2022,207886267640.68604,78.00827026367188,2664926000.0,yfinance+sec_facts,ok
ORCL,2023,277248680520.607,102.14525604248048,2714259000.0,yfinance+sec_facts,ok
ORCL,2024,450369700736.3891,163.4225616455078,2755860000.0,yfinance+sec_facts,ok
NFLX,2017,83300742865.5043,191.95999145507812,433948461.0,yfinance+sec_facts,ok
NFLX,2018,116859983737.38329,267.66000747680664,436598597.0,yfinance+sec_facts,ok
NFLX,2019,141984660587.35873,323.56998443603516,438806649.0,yfinance+sec_facts,ok
NFLX,2020,239486762725.34537,540.7300186157227,442895261.0,yfinance+sec_facts,ok
NFLX,2021,267461131877.8046,602.4399948120117,443963107.0,yfinance+sec_facts,ok
NFLX,2022,131323861180.28792,294.88000869750977,445346776.0,yfinance+sec_facts,ok
NFLX,2023,210701985069.3103,486.879997253418,432759584.0,yfinance+sec_facts,ok
NFLX,2024,381268474559.0973,891.3200378417969,427757100.0,yfinance+sec_facts,ok
ADBE,2017,86144224122.28151,175.24000549316406,491578529.0,yfinance+sec_facts,ok
ADBE,2018,110343113688.75848,226.2400054931641,487725915.0,yfinance+sec_facts,ok
ADBE,2019,159011615687.67242,329.80999755859375,482130975.0,yfinance+sec_facts,ok
ADBE,2020,239407441662.5977,500.1199951171875,478700000.0,yfinance+sec_facts,ok
ADBE,2021,267482200848.38867,567.0599975585938,471700000.0,yfinance+sec_facts,ok
ADBE,2022,154063433441.1621,336.5299987792969,457800000.0,yfinance+sec_facts,ok
ADBE,2023,269663188964.84375,596.5999755859375,452000000.0,yfinance+sec_facts,ok
ADBE,2024,193569200811.7676,444.6799926757813,435300000.0,yfinance+sec_facts,ok
AMD,2017,9962452504.69966,10.279999732971191,969110191.0,yfinance+sec_facts,ok
AMD,2018,18557816441.341385,18.459999084472656,1005298882.0,yfinance+sec_facts,ok
AMD,2019,53640678754.864746,45.86000061035156,1169661536.0,yfinance+sec_facts,ok
AMD,2020,111086488516.43002,91.70999908447266,1211280009.0,yfinance+sec_facts,ok
AMD,2021,172579755105.83282,143.89999389648438,1199303422.0,yfinance+sec_facts,ok
AMD,2022,104369609405.76675,64.7699966430664,1611388217.0,yfinance+sec_facts,ok
AMD,2023,238183144148.99817,147.41000366210938,1615786841.0,yfinance+sec_facts,ok
AMD,2024,195737534513.5719,120.79000091552734,1620477962.0,yfinance+sec_facts,ok
AVGO,2017,963704271722.3138,202.5618553161621,4757580198.0,yfinance+yfinance_fast_info,ok
AVGO,2018,85485563045.8818,209.8985290527344,407270901.0,yfinance+sec_facts,ok
AVGO,2019,107752986287.14156,270.87751388549805,397792289.0,yfinance+sec_facts,ok
AVGO,2020,159613503803.49023,392.44739532470703,406713118.0,yfinance+sec_facts,ok
AVGO,2021,253554518309.7107,614.1208648681641,412873968.0,yfinance+sec_facts,ok
AVGO,2022,222578346084.65424,532.6291656494141,417886140.0,yfinance+sec_facts,ok
AVGO,2023,509123905682.8812,1087.544937133789,468140569.0,yfinance+sec_facts,ok
AVGO,2024,1073031851396.8376,228.9204864501953,4687356156.0,yfinance+sec_facts,ok
CSCO,2017,147182712455.5568,29.722137451171875,4951955851.0,yfinance+sec_facts,ok
CSCO,2018,158385609180.48352,34.64756774902344,4571334136.0,yfinance+sec_facts,ok
CSCO,2019,167405819498.88962,39.43330383300781,4245290230.0,yfinance+sec_facts,ok
CSCO,2020,161117712923.18304,38.058475494384766,4233425297.0,yfinance+sec_facts,ok
CSCO,2021,233976962833.54037,55.47454071044922,4217735917.0,yfinance+sec_facts,ok
CSCO,2022,176735518671.05258,43.0134391784668,4108844167.0,yfinance+sec_facts,ok
CSCO,2023,190626730812.82855,47.011940002441406,4054857783.0,yfinance+sec_facts,ok
CSCO,2024,227002498775.0311,56.882381439208984,3990734794.0,yfinance+sec_facts,ok
INTC,2017,180890288681.03027,38.75113296508789,4668000000.0,yfinance+sec_facts,ok
INTC,2018,181629092559.81445,40.388946533203125,4497000000.0,yfinance+sec_facts,ok
INTC,2019,225796506271.3623,52.79319763183594,4277000000.0,yfinance+sec_facts,ok
INTC,2020,182991587558.7463,45.03853988647461,4063000000.0,yfinance+sec_facts,ok
INTC,2021,194497135833.74023,47.764522552490234,4072000000.0,yfinance+sec_facts,ok
INTC,2022,105435006231.30798,25.48586082458496,4137000000.0,yfinance+sec_facts,ok
INTC,2023,209649198593.13965,49.58590316772461,4228000000.0,yfinance+sec_facts,ok
INTC,2024,86816496696.47217,20.049999237060547,4330000000.0,yfinance+sec_facts,ok
MU,2017,46242809543.871,40.09763717651367,1153255224.0,yfinance+sec_facts,ok
MU,2018,35095110201.85089,30.94110107421875,1134255375.0,yfinance+sec_facts,ok
MU,2019,58056919381.7551,52.442867279052734,1107050823.0,yfinance+sec_facts,ok
MU,2020,81611196140.15201,73.3108139038086,1113221799.0,yfinance+sec_facts,ok
MU,2021,101859621763.9021,91.0579833984375,1118623738.0,yfinance+sec_facts,ok
MU,2022,53527061085.44092,49.23529052734375,1087168584.0,yfinance+sec_facts,ok
MU,2023,92949507643.46558,84.65081024169922,1098034471.0,yfinance+sec_facts,ok
MU,2024,92953615702.4719,83.83695983886719,1108742682.0,yfinance+sec_facts,ok
QCOM,2017,75877741352.23071,51.47168731689453,1474164639.0,yfinance+sec_facts,ok
QCOM,2018,57657265455.86629,47.56562042236328,1212162586.0,yfinance+sec_facts,ok
QCOM,2019,87315127038.88797,76.46846771240234,1141844863.0,yfinance+sec_facts,ok
QCOM,2020,153151855041.5039,135.41278076171875,1131000000.0,yfinance+sec_facts,ok
QCOM,2021,185412089843.75,165.5465087890625,1120000000.0,yfinance+sec_facts,ok
QCOM,2022,113977054084.77785,101.67444610595705,1121000000.0,yfinance+sec_facts,ok
QCOM,2023,152854287048.33984,137.33538818359375,1113000000.0,yfinance+sec_facts,ok
QCOM,2024,165259673416.1377,148.7485809326172,1111000000.0,yfinance+sec_facts,ok
TXN,2017,81153537128.44467,82.49092102050781,983787502.0,yfinance+sec_facts,ok
TXN,2018,71866080946.42789,76.57672882080078,938484603.0,yfinance+sec_facts,ok
TXN,2019,99816884240.51048,106.87311553955078,933975619.0,yfinance+sec_facts,ok
TXN,2020,129526657022.95464,140.7532501220703,920239191.0,yfinance+sec_facts,ok
TXN,2021,152781171772.35577,165.42868041992188,923547062.0,yfinance+sec_facts,ok
TXN,2022,135134924761.90506,149.12167358398438,906205795.0,yfinance+sec_facts,ok
TXN,2023,144284734569.28702,158.67886352539062,909287673.0,yfinance+sec_facts,ok
TXN,2024,163426284801.03198,179.5236358642578,910332971.0,yfinance+sec_facts,ok
AMAT,2017,49188785970.14912,46.56526565551758,1056340714.0,yfinance+sec_facts,ok
AMAT,2018,29049358513.11866,30.303749084472656,958606093.0,yfinance+sec_facts,ok
AMAT,2019,52660394049.419106,57.53322219848633,915304098.0,yfinance+sec_facts,ok
AMAT,2020,75377916319.00821,82.43932342529297,914344189.0,yfinance+sec_facts,ok
AMAT,2021,134511152383.6958,151.38902282714844,888513248.0,yfinance+sec_facts,ok
AMAT,2022,79816478862.09982,94.55363464355467,844139722.0,yfinance+sec_facts,ok
AMAT,2023,131993964112.77878,158.82467651367188,831067105.0,yfinance+sec_facts,ok
AMAT,2024,130692358859.62836,160.61795043945312,813684638.0,yfinance+sec_facts,ok
ADI,2017,28133833232.802887,76.31877899169922,368635788.0,yfinance+sec_facts,ok
ADI,2018,27787069840.071236,75.06781768798828,370159553.0,yfinance+sec_facts,ok
ADI,2019,39068762918.24837,106.07795715332033,368302369.0,yfinance+sec_facts,ok
ADI,2020,49726958475.82347,134.5845489501953,369484899.0,yfinance+sec_facts,ok
ADI,2021,85523249843.3584,162.79888916015625,525330672.0,yfinance+sec_facts,ok
ADI,2022,78839883599.85329,154.8017120361328,509295941.0,yfinance+sec_facts,ok
ADI,2023,94764952075.76176,190.95762634277344,496261678.0,yfinance+sec_facts,ok
ADI,2024,103126284822.3786,207.79153442382812,496296854.0,yfinance+sec_facts,ok
LRCX,2017,26634951581.44741,163.9531135559082,162454686.0,yfinance+sec_facts,ok
LRCX,2018,19531611440.190887,123.94728660583496,157579984.0,yfinance+sec_facts,ok
LRCX,2019,39292433271.40114,271.85787200927734,144532998.0,yfinance+sec_facts,ok
LRCX,2020,64997955755.384445,446.3372039794922,145625225.0,yfinance+sec_facts,ok
LRCX,2021,97359461494.33762,685.8537292480469,141953681.0,yfinance+sec_facts,ok
LRCX,2022,55692745736.58508,406.552619934082,136987792.0,yfinance+sec_facts,ok
LRCX,2023,101620072461.82253,766.876220703125,132511701.0,yfinance+sec_facts,ok
LRCX,2024,9278152499.908447,71.43854522705078,129876000.0,yfinance+sec_facts,ok
KLAC,2017,14532177857.018852,92.65582084655762,156840420.0,yfinance+sec_facts,ok
KLAC,2018,12659290844.02855,81.08354568481445,156126508.0,yfinance+sec_facts,ok
KLAC,2019,26341011527.186394,165.40048599243164,159255950.0,yfinance+sec_facts,ok
KLAC,2020,38040936883.46298,244.6969223022461,155461444.0,yfinance+sec_facts,ok
KLAC,2021,62806478692.91618,411.20628356933594,152737157.0,yfinance+sec_facts,ok
KLAC,2022,51780670314.61914,365.1572036743164,141803776.0,yfinance+sec_facts,ok
KLAC,2023,77906607541.85532,569.8256683349609,136720074.0,yfinance+sec_facts,ok
KLAC,2024,83770124788.08151,623.1735992431641,134425022.0,yfinance+sec_facts,ok
MCHP,2017,17187951664.33525,74.92637634277344,229397877.0,yfinance+sec_facts,ok
MCHP,2018,14668310651.822727,62.40859603881836,235036703.0,yfinance+sec_facts,ok
MCHP,2019,21979835309.545624,92.38077545166016,237926508.0,yfinance+sec_facts,ok
MCHP,2020,30308831736.42247,123.54185485839844,245332497.0,yfinance+sec_facts,ok
MCHP,2021,21540750800.919624,78.75055694580078,273531409.0,yfinance+sec_facts,ok
MCHP,2022,35817783702.88544,64.59458923339844,554501300.0,yfinance+sec_facts,ok
MCHP,2023,46114493702.31583,84.55416870117188,545384035.0,yfinance+sec_facts,ok
MCHP,2024,29525434455.416702,54.99386215209961,536885996.0,yfinance+sec_facts,ok
SWKS,2017,14229476980.0309,77.67623138427734,183189590.0,yfinance+sec_facts,ok
SWKS,2018,9887102622.693825,55.69194793701172,177531995.0,yfinance+sec_facts,ok
SWKS,2019,17446123441.96868,102.5306625366211,170155181.0,yfinance+sec_facts,ok
SWKS,2020,21702222107.33737,131.60836791992188,164900017.0,yfinance+sec_facts,ok
SWKS,2021,22536213344.311615,135.19703674316406,166691622.0,yfinance+sec_facts,ok
SWKS,2022,12907255943.962784,81.19093322753906,158974105.0,yfinance+sec_facts,ok
SWKS,2023,16462277588.802605,102.74417877197266,160225891.0,yfinance+sec_facts,ok
SWKS,2024,13400170050.223434,83.3649673461914,160741022.0,yfinance+sec_facts,ok
CRM,2017,71097704467.77344,100.491455078125,707500000.0,yfinance+sec_facts,ok
CRM,2018,98489639511.1084,134.64065551757812,731500000.0,yfinance+sec_facts,ok
CRM,2019,123262930892.94434,159.8740997314453,771000000.0,yfinance+sec_facts,ok
CRM,2020,201464688583.374,218.74559020996097,921000000.0,yfinance+sec_facts,ok
CRM,2021,230073335403.4424,249.8081817626953,921000000.0,yfinance+sec_facts,ok
CRM,2022,129031777496.33788,130.3351287841797,990000000.0,yfinance+sec_facts,ok
CRM,2023,258664978027.34375,258.66497802734375,1000000000.0,yfinance+sec_facts,ok
CRM,2024,320565462646.4844,330.4798583984375,970000000.0,yfinance+sec_facts,ok
INTU,2017,37701109996.81641,147.86285400390625,254973504.0,yfinance+sec_facts,ok
INTU,2018,48138221690.547485,186.09780883789065,258671620.0,yfinance+sec_facts,ok
INTU,2019,64909779276.304504,249.58230590820312,260073642.0,yfinance+sec_facts,ok
INTU,2020,95479804149.47864,364.6950988769531,261807204.0,yfinance+sec_facts,ok
INTU,2021,169576069945.60345,620.9486694335938,273091929.0,yfinance+sec_facts,ok
INTU,2022,106556551710.21252,378.0345458984375,281869879.0,yfinance+sec_facts,ok
INTU,2023,171377533888.80963,611.4959106445312,280259493.0,yfinance+sec_facts,ok
INTU,2024,173379232248.29102,618.5664672851562,280292000.0,yfinance+sec_facts,ok
ADSK,2017,23151629168.827087,104.83000183105467,220849268.0,yfinance+sec_facts,ok
ADSK,2018,28079146465.07675,128.61000061035156,218327862.0,yfinance+sec_facts,ok
ADSK,2019,40275932201.29028,183.4600067138672,219535216.0,yfinance+sec_facts,ok
ADSK,2020,67113731195.06836,305.3399963378906,219800000.0,yfinance+sec_facts,ok
ADSK,2021,61747157685.974,281.19000244140625,219592294.0,yfinance+sec_facts,ok
ADSK,2022,40608340040.30591,186.8699951171875,217307974.0,yfinance+sec_facts,ok
ADSK,2023,52295291365.309296,243.47999572753903,214782702.0,yfinance+sec_facts,ok
ADSK,2024,63679665161.0108,295.57000732421875,215446979.0,yfinance+sec_facts,ok
NOW,2017,22779132226.94397,130.38999557495117,174700000.0,yfinance+sec_facts,ok
NOW,2018,32138025550.842285,178.0500030517578,180500000.0,yfinance+sec_facts,ok
NOW,2019,53584336666.10718,282.3200035095215,189800000.0,yfinance+sec_facts,ok
NOW,2020,107939321563.7207,550.4299926757812,196100000.0,yfinance+sec_facts,ok
NOW,2021,129822006225.58594,649.1100311279297,200000000.0,yfinance+sec_facts,ok
NOW,2022,78818809318.54248,388.2699966430664,203000000.0,yfinance+sec_facts,ok
NOW,2023,144830454254.1504,706.4900207519531,205000000.0,yfinance+sec_facts,ok
NOW,2024,218384722137.45117,1060.1200103759766,206000000.0,yfinance+sec_facts,ok
PANW,2017,13311632812.735336,144.94000625610352,91842364.0,yfinance+sec_facts,ok
PANW,2018,17671559081.587486,188.3499984741211,93822985.0,yfinance+sec_facts,ok
PANW,2019,22429049239.97864,231.25000762939453,96990480.0,yfinance+sec_facts,ok
PANW,2020,34250104895.83841,355.38999938964844,96373294.0,yfinance+sec_facts,ok
PANW,2021,54231828425.11157,556.760009765625,97406113.0,yfinance+sec_facts,ok
PANW,2022,13917430919.812744,139.5399932861328,99737936.0,yfinance+sec_facts,ok
PANW,2023,90998378334.3296,294.8800048828125,308594604.0,yfinance+sec_facts,ok
PANW,2024,59246178186.03516,181.9600067138672,325600000.0,yfinance+sec_facts,ok
FTNT,2017,7340975610.964255,43.6899995803833,168024163.0,yfinance+sec_facts,ok
FTNT,2018,12017729826.061165,70.43000221252441,170633671.0,yfinance+sec_facts,ok
FTNT,2019,18417671102.114048,106.75999641418456,172514722.0,yfinance+sec_facts,ok
FTNT,2020,24238746688.600357,148.52999687194824,163190919.0,yfinance+sec_facts,ok
FTNT,2021,57797069083.93593,359.39998626708984,160815446.0,yfinance+sec_facts,ok
FTNT,2022,38333000390.653915,48.88999938964844,784066289.0,yfinance+sec_facts,ok
FTNT,2023,44660200455.00574,58.529998779296875,763030948.0,yfinance+sec_facts,ok
FTNT,2024,72652671959.15486,94.4800033569336,768974062.0,yfinance+sec_facts,ok
WDAY,2017,20653219566.345215,101.73999786376952,203000000.0,yfinance+sec_facts,ok
WDAY,2018,33852158447.265625,159.67999267578125,212000000.0,yfinance+sec_facts,ok
WDAY,2019,40614787867.84675,164.4499969482422,246973479.0,yfinance+yfinance_fast_info,ok
WDAY,2020,59177315453.93065,239.61000061035156,246973479.0,yfinance+yfinance_fast_info,ok
WDAY,2021,67468213184.332214,273.17999267578125,246973479.0,yfinance+yfinance_fast_info,ok
WDAY,2022,41326072693.29195,167.3300018310547,246973479.0,yfinance+yfinance_fast_info,ok
WDAY,2023,68179498009.777405,276.05999755859375,246973479.0,yfinance+yfinance_fast_info,ok
WDAY,2024,63726566484.8887,258.0299987792969,246973479.0,yfinance+yfinance_fast_info,ok
CDNS,2017,11829581493.675232,41.81999969482422,282869000.0,yfinance+sec_facts,ok
CDNS,2018,12191139671.649933,43.47999954223633,280385000.0,yfinance+sec_facts,ok
CDNS,2019,19432452651.000977,69.36000061035156,280168000.0,yfinance+sec_facts,ok
CDNS,2020,38060420776.7334,136.42999267578125,278974000.0,yfinance+sec_facts,ok
CDNS,2021,51681565292.72461,186.3500061035156,277336000.0,yfinance+sec_facts,ok
CDNS,2022,43845081433.410645,160.63999938964844,272940000.0,yfinance+sec_facts,ok
CDNS,2023,74149735100.70801,272.3699951171875,272239000.0,yfinance+sec_facts,ok
CDNS,2024,82358487337.76855,300.4599914550781,274108000.0,yfinance+sec_facts,ok
SNPS,2017,12676352231.193344,85.23999786376953,148713662.0,yfinance+sec_facts,ok
SNPS,2018,12595144291.481476,84.23999786376953,149515012.0,yfinance+sec_facts,ok
SNPS,2019,20954454419.004013,139.1999969482422,150534877.0,yfinance+sec_facts,ok
SNPS,2020,39672143027.82202,259.239990234375,153032497.0,yfinance+sec_facts,ok
SNPS,2021,56542026816.0,368.5,153438336.0,yfinance+sec_facts,ok
SNPS,2022,48665287174.653015,319.2900085449219,152417194.0,yfinance+sec_facts,ok
SNPS,2023,78259559269.30115,514.9099731445312,151986878.0,yfinance+sec_facts,ok
SNPS,2024,75026193742.30725,485.3599853515625,154578449.0,yfinance+sec_facts,ok
CTSH,2017,36817014968.82573,62.60850524902344,588051333.0,yfinance+sec_facts,ok
CTSH,2018,32526747027.244473,56.55849075317383,575099275.0,yfinance+sec_facts,ok
CTSH,2019,30697433164.770294,55.95216369628906,548637106.0,yfinance+sec_facts,ok
CTSH,2020,39761505259.00571,74.93486022949219,530614258.0,yfinance+sec_facts,ok
CTSH,2021,43094718888.46649,82.15797424316406,524534828.0,yfinance+sec_facts,ok
CTSH,2022,27389683253.497307,53.77964401245117,509294618.0,yfinance+sec_facts,ok
CTSH,2023,35978472246.4259,72.26885223388672,497842032.0,yfinance+sec_facts,ok
CTSH,2024,36980400304.432846,74.76595306396484,494615514.0,yfinance+sec_facts,ok
OKTA,2017,4451206723.733597,25.61000061035156,173807365.0,yfinance+yfinance_fast_info,ok
OKTA,2018,11088909754.395504,63.79999923706055,173807365.0,yfinance+yfinance_fast_info,ok
OKTA,2019,20052156177.426186,115.37000274658205,173807365.0,yfinance+yfinance_fast_info,ok
OKTA,2020,44192259670.14763,254.2599945068359,173807365.0,yfinance+yfinance_fast_info,ok
OKTA,2021,38962396693.79921,224.1699981689453,173807365.0,yfinance+yfinance_fast_info,ok
OKTA,2022,11876257568.70079,68.33000183105469,173807365.0,yfinance+yfinance_fast_info,ok
OKTA,2023,15734780541.282806,90.52999877929688,173807365.0,yfinance+yfinance_fast_info,ok
OKTA,2024,13696020892.417984,78.80000305175781,173807365.0,yfinance+yfinance_fast_info,ok
ZS,2017,,,,yfinance,missing_price
ZS,2018,4696304396.064423,39.209999084472656,119773132.0,yfinance+sec_facts,ok
ZS,2019,5926654059.0,46.5,127454926.0,yfinance+sec_facts,ok
ZS,2020,26542723856.90544,199.7100067138672,132906329.0,yfinance+sec_facts,ok
ZS,2021,44580030911.8201,321.3299865722656,138735981.0,yfinance+sec_facts,ok
ZS,2022,16007573625.480774,111.9000015258789,143052488.0,yfinance+sec_facts,ok
ZS,2023,32606712986.58124,221.55999755859375,147168773.0,yfinance+sec_facts,ok
ZS,2024,27510722360.485077,180.41000366210935,152490005.0,yfinance+sec_facts,ok
MPWR,2017,4418516982.161545,104.8725814819336,42132242.0,yfinance+sec_facts,ok
MPWR,2018,4702608318.42041,109.57704162597656,42916000.0,yfinance+sec_facts,ok
MPWR,2019,7565646917.480469,169.625732421875,44602000.0,yfinance+sec_facts,ok
MPWR,2020,16056663744.232178,351.9577331542969,45621000.0,yfinance+sec_facts,ok
MPWR,2021,22178306606.87256,476.8605346679687,46509000.0,yfinance+sec_facts,ok
MPWR,2022,16291486577.301023,344.3924865722656,47305000.0,yfinance+sec_facts,ok
MPWR,2023,30127722770.1416,619.1348876953125,48661000.0,yfinance+sec_facts,ok
MPWR,2024,27990397249.26758,584.7657470703125,47866000.0,yfinance+sec_facts,ok
EBAY,2017,33785992604.04665,33.38274002075195,1012079673.0,yfinance+sec_facts,ok
EBAY,2018,22715736415.24781,24.829185485839844,914880451.0,yfinance+sec_facts,ok
EBAY,2019,22724023668.279408,32.42336654663086,700853307.0,yfinance+sec_facts,ok
EBAY,2020,31142941427.97918,45.76844024658203,680445767.0,yfinance+sec_facts,ok
EBAY,2021,34286689522.56403,61.24349594116211,559842135.0,yfinance+sec_facts,ok
EBAY,2022,20807181818.175507,38.91106414794922,534736900.0,yfinance+sec_facts,ok
EBAY,2023,21027984977.722168,41.8884162902832,502000000.0,yfinance+sec_facts,ok
EBAY,2024,27957740890.50293,60.64585876464844,461000000.0,yfinance+sec_facts,ok
EA,2017,31609319954.28566,101.95622253417967,310028355.0,yfinance+sec_facts,ok
EA,2018,23496892248.784058,76.57878112792969,306832936.0,yfinance+sec_facts,ok
EA,2019,31014408823.746437,104.33385467529295,297261219.0,yfinance+sec_facts,ok
EA,2020,40284437661.75934,139.54335021972656,288687620.0,yfinance+sec_facts,ok
EA,2021,36864747576.5144,128.81161499023438,286191176.0,yfinance+sec_facts,ok
EA,2022,33585921452.89406,119.9953155517578,279893605.0,yfinance+sec_facts,ok
EA,2023,36869608513.790405,135.19606018066406,272712152.0,yfinance+sec_facts,ok
EA,2024,38712234415.22151,145.3278045654297,266378719.0,yfinance+sec_facts,ok
AKAM,2017,11058854444.068563,65.04000091552734,170031585.0,yfinance+sec_facts,ok
AKAM,2018,9969019615.611008,61.08000183105469,163212497.0,yfinance+sec_facts,ok
AKAM,2019,13983354363.0382,86.37999725341797,161881857.0,yfinance+sec_facts,ok
AKAM,2020,17136495798.623886,104.98999786376952,163220270.0,yfinance+sec_facts,ok
AKAM,2021,18766972765.041748,117.04000091552734,160346656.0,yfinance+sec_facts,ok
AKAM,2022,13174049911.115875,84.30000305175781,156275794.0,yfinance+sec_facts,ok
AKAM,2023,17933610773.78311,118.3499984741211,151530300.0,yfinance+sec_facts,ok
AKAM,2024,14377872547.766356,95.6500015258789,150317536.0,yfinance+sec_facts,ok
GRMN,2017,9649620266.481216,48.716407775878906,198077418.0,yfinance+sec_facts,ok
GRMN,2018,10598778504.263536,53.508262634277344,198077418.0,yfinance+sec_facts,ok
GRMN,2019,16134457470.152962,84.61209869384766,190687357.0,yfinance+sec_facts,ok
GRMN,2020,20400785985.681747,106.49182891845705,191571374.0,yfinance+sec_facts,ok
GRMN,2021,23795166600.06592,123.42718505859376,192787080.0,yfinance+sec_facts,ok
GRMN,2022,16487094222.846724,86.15770721435547,191359482.0,yfinance+sec_facts,ok
GRMN,2023,23647385143.64247,123.30641174316406,191777417.0,yfinance+sec_facts,ok
GRMN,2024,38731256283.29277,201.3019561767578,192403775.0,yfinance+sec_facts,ok
MSI,2017,12970906048.285675,80.41104125976562,161307525.0,yfinance+sec_facts,ok
MSI,2018,17082554077.781616,104.24372863769533,163871288.0,yfinance+sec_facts,ok
MSI,2019,25284144808.001953,148.225341796875,170579096.0,yfinance+sec_facts,ok
MSI,2020,26896802666.111694,159.12603759765625,169028294.0,yfinance+sec_facts,ok
MSI,2021,43335713553.73746,257.6300354003906,168209089.0,yfinance+sec_facts,ok
MSI,2022,41445790528.27911,247.80731201171875,167250071.0,yfinance+sec_facts,ok
MSI,2023,50653721813.950775,304.8986511230469,166132981.0,yfinance+sec_facts,ok
MSI,2024,75900691283.72021,454.6668090820313,166936952.0,yfinance+sec_facts,ok
T,2017,128886916711.66994,20.984519165039064,6142000000.0,yfinance+sec_facts,ok
T,2018,121110796053.21886,16.624680309295655,7285000000.0,yfinance+sec_facts,ok
T,2019,177059098526.18402,24.684505813598633,7172884070.0,yfinance+sec_facts,ok
T,2020,141452427098.98572,19.834144412994387,7131763496.0,yfinance+sec_facts,ok
T,2021,133313120089.634,18.66374379730225,7142892741.0,yfinance+sec_facts,ok
T,2022,107007333532.93098,15.00831413269043,7129870323.0,yfinance+sec_facts,ok
T,2023,104419507434.4067,14.59842586517334,7152792253.0,yfinance+sec_facts,ok
T,2024,151003004500.40625,21.0363826751709,7178183000.0,yfinance+sec_facts,ok
VZ,2017,133710596029.00777,32.77633285522461,4079486153.0,yfinance+sec_facts,ok
VZ,2018,150680018942.89655,36.46620178222656,4132045883.0,yfinance+sec_facts,ok
VZ,2019,171687239921.49106,41.51182174682617,4135863778.0,yfinance+sec_facts,ok
VZ,2020,171557218052.38358,41.457481384277344,4138148588.0,yfinance+sec_facts,ok
VZ,2021,160893781266.35992,38.327903747558594,4197823662.0,yfinance+sec_facts,ok
VZ,2022,128743368943.87192,30.654037475585938,4199882937.0,yfinance+sec_facts,ok
VZ,2023,132374695963.20451,31.485755920410156,4204272443.0,yfinance+sec_facts,ok
VZ,2024,149965644998.70404,35.62379837036133,4209703958.0,yfinance+sec_facts,ok
CMCSA,2017,112571515833.1255,31.512965656280517,3572228557.0,yfinance+yfinance_fast_info,ok
CMCSA,2018,98262789373.14354,27.50741947364807,3572228557.0,yfinance+yfinance_fast_info,ok
CMCSA,2019,131713905154.07286,36.8716343460083,3572228557.0,yfinance+yfinance_fast_info,ok
CMCSA,2020,156916629810.5164,43.92681691741943,3572228557.0,yfinance+yfinance_fast_info,ok
CMCSA,2021,153430437557.42307,42.95090168762207,3572228557.0,yfinance+yfinance_fast_info,ok
CMCSA,2022,109429572088.09515,30.633418422698973,3572228557.0,yfinance+yfinance_fast_info,ok
CMCSA,2023,141248219161.53497,39.54064442062378,3572228557.0,yfinance+yfinance_fast_info,ok
CMCSA,2024,124523944424.08755,34.85889618682861,3572228557.0,yfinance+yfinance_fast_info,ok
TMUS,2017,51893059461.91409,60.73422622680664,854428593.0,yfinance+sec_facts,ok
TMUS,2018,51718846721.759735,60.82985305786133,850221464.0,yfinance+sec_facts,ok
TMUS,2019,64263595481.0865,74.99256896972656,856932845.0,yfinance+sec_facts,ok
TMUS,2020,160267358079.0183,128.9562530517578,1242804085.0,yfinance+sec_facts,ok
TMUS,2021,138559992445.54904,110.91099548339844,1249289954.0,yfinance+sec_facts,ok
TMUS,2022,163252412194.04373,133.8811492919922,1219383110.0,yfinance+sec_facts,ok
TMUS,2023,182768026274.31677,153.99192810058594,1186867575.0,yfinance+sec_facts,ok
TMUS,2024,245625652852.84204,215.13180541992188,1141744952.0,yfinance+sec_facts,ok
CHTR,2017,47430283978.84186,335.9599914550781,141178370.0,yfinance+yfinance_fast_info,ok
CHTR,2018,40231600271.23688,284.9700012207031,141178370.0,yfinance+yfinance_fast_info,ok
CHTR,2019,68482801823.89435,485.0799865722656,141178370.0,yfinance+yfinance_fast_info,ok
CHTR,2020,93396548950.13124,661.5499877929688,141178370.0,yfinance+yfinance_fast_info,ok
CHTR,2021,92044057752.81494,651.969970703125,141178370.0,yfinance+yfinance_fast_info,ok
CHTR,2022,47873586128.68439,339.1000061035156,141178370.0,yfinance+yfinance_fast_info,ok
CHTR,2023,54873207817.578735,388.6799926757813,141178370.0,yfinance+yfinance_fast_info,ok
CHTR,2024,48391708333.8681,342.7699890136719,141178370.0,yfinance+yfinance_fast_info,ok
JPM,2017,290741545416.22943,84.71592712402344,3431958491.0,yfinance+sec_facts,ok
JPM,2018,259007403897.72693,79.10454559326172,3274241726.0,yfinance+sec_facts,ok
JPM,2019,358078289114.4465,116.48699188232422,3073976616.0,yfinance+sec_facts,ok
JPM,2020,335786839765.317,110.0396957397461,3051506436.0,yfinance+sec_facts,ok
JPM,2021,415079487423.87463,140.57106018066406,2952808970.0,yfinance+sec_facts,ok
JPM,2022,361447450206.6344,122.80115509033205,2943355459.0,yfinance+sec_facts,ok
JPM,2023,462043435160.11206,160.4110565185547,2880371498.0,yfinance+sec_facts,ok
JPM,2024,647170353013.0511,231.4541473388672,2796106099.0,yfinance+sec_facts,ok
BAC,2017,247883406915.4468,24.198646545410156,10243688896.0,yfinance+sec_facts,ok
BAC,2018,198677590397.3257,20.569679260253903,9658759764.0,yfinance+sec_facts,ok
BAC,2019,262474445400.53223,30.070863723754883,8728530308.0,yfinance+sec_facts,ok
BAC,2020,229407325739.89975,26.572731018066406,8633185862.0,yfinance+sec_facts,ok
BAC,2021,320816529317.02954,39.75519561767578,8069801301.0,yfinance+sec_facts,ok
BAC,2022,242390987542.2992,30.284339904785156,8003839222.0,yfinance+sec_facts,ok
BAC,2023,249924217370.34644,31.745851516723633,7872657542.0,yfinance+sec_facts,ok
BAC,2024,323144594321.2854,42.49287414550781,7604677274.0,yfinance+sec_facts,ok
V,2017,204297807895.17975,107.42656707763672,1901743800.0,yfinance+yfinance_fast_info,ok
V,2018,237981591814.4394,125.13861846923828,1901743800.0,yfinance+yfinance_fast_info,ok
V,2019,341091894053.0731,179.35743713378906,1901743800.0,yfinance+yfinance_fast_info,ok
V,2020,399501162148.1598,210.0709686279297,1901743800.0,yfinance+yfinance_fast_info,ok
V,2021,398243044408.4015,209.4094085693359,1901743800.0,yfinance+yfinance_fast_info,ok
V,2022,384683950048.23303,202.2795867919922,1901743800.0,yfinance+yfinance_fast_info,ok
V,2023,485886545224.6765,255.49526977539065,1901743800.0,yfinance+yfinance_fast_info,ok
V,2024,594328250517.0044,312.51751708984375,1901743800.0,yfinance+yfinance_fast_info,ok
MA,2017,127274580910.55605,144.0435791015625,883583855.0,yfinance+yfinance_fast_info,ok
MA,2018,159491429402.92627,180.5051422119141,883583855.0,yfinance+yfinance_fast_info,ok
MA,2019,253843384116.6208,287.28839111328125,883583855.0,yfinance+yfinance_fast_info,ok
MA,2020,305085099723.2547,345.28143310546875,883583855.0,yfinance+yfinance_fast_info,ok
MA,2021,308625771880.4961,349.2886047363281,883583855.0,yfinance+yfinance_fast_info,ok
MA,2022,300420910570.69995,340.0027160644531,883583855.0,yfinance+yfinance_fast_info,ok
MA,2023,370731108919.2056,419.57659912109375,883583855.0,yfinance+yfinance_fast_info,ok
MA,2024,460352797141.5796,521.00634765625,883583855.0,yfinance+yfinance_fast_info,ok
AXP,2017,76032005792.58653,88.38065338134766,860278838.0,yfinance+sec_facts,ok
AXP,2018,72584462384.69728,86.06492614746094,843368671.0,yfinance+sec_facts,ok
AXP,2019,92157829297.35536,114.0509796142578,808040664.0,yfinance+sec_facts,ok
AXP,2020,90829112648.45306,112.74870300292967,805588980.0,yfinance+sec_facts,ok
AXP,2021,117195544744.381,154.3356475830078,759354994.0,yfinance+sec_facts,ok
AXP,2022,105073296162.94226,141.19097900390625,744192702.0,yfinance+sec_facts,ok
AXP,2023,131506306508.95592,181.6712188720703,723869787.0,yfinance+sec_facts,ok
AXP,2024,204616357892.47348,291.2555236816406,702532111.0,yfinance+sec_facts,ok
C,2017,144825965712.61523,56.35107421875,2570065748.0,yfinance+sec_facts,ok
C,2018,94763479344.18332,40.29875564575195,2351523709.0,yfinance+sec_facts,ok
C,2019,133971825580.1,63.59965133666992,2106486793.0,yfinance+sec_facts,ok
C,2020,106594629304.85156,51.0677490234375,2087317952.0,yfinance+sec_facts,ok
C,2021,102101642525.69817,51.54319763183594,1980894613.0,yfinance+sec_facts,ok
C,2022,78051557431.44221,40.15591812133789,1943712436.0,yfinance+sec_facts,ok
C,2023,91322536025.98306,47.778656005859375,1911366783.0,yfinance+sec_facts,ok
C,2024,127793943755.6519,67.81391906738281,1884479551.0,yfinance+sec_facts,ok
WFC,2017,234347509143.42163,48.04414367675781,4877753899.0,yfinance+sec_facts,ok
WFC,2018,170860358034.8128,37.55649948120117,4549421815.0,yfinance+sec_facts,ok
WFC,2019,186991948923.08496,45.60904693603515,4099887226.0,yfinance+sec_facts,ok
WFC,2020,110024051926.72173,26.61374282836914,4134106677.0,yfinance+sec_facts,ok
WFC,2021,163594742789.6715,42.886959075927734,3814556833.0,yfinance+sec_facts,ok
WFC,2022,143308619619.32764,37.77375411987305,3793867540.0,yfinance+sec_facts,ok
WFC,2023,166128173423.0406,46.43767929077149,3577443489.0,yfinance+sec_facts,ok
WFC,2024,223665826997.23407,68.02102661132812,3288186582.0,yfinance+sec_facts,ok
COF,2017,41825479018.15075,86.00984954833984,486287085.0,yfinance+sec_facts,ok
COF,2018,31080738537.129944,66.42877197265625,467880673.0,yfinance+sec_facts,ok
COF,2019,42092517846.83786,92.08143615722656,457122734.0,yfinance+sec_facts,ok
COF,2020,41163370838.09097,89.63431549072266,459236740.0,yfinance+sec_facts,ok
COF,2021,55365245645.08447,133.842041015625,413661098.0,yfinance+sec_facts,ok
COF,2022,33360578736.382553,87.54225158691406,381079743.0,yfinance+sec_facts,ok
COF,2023,48035987276.10901,126.33993530273438,380212220.0,yfinance+sec_facts,ok
COF,2024,66600230043.20697,174.65353393554688,381327698.0,yfinance+sec_facts,ok
ICE,2017,36834815138.825485,63.25807189941406,582294307.0,yfinance+sec_facts,ok
ICE,2018,38877978271.09485,68.38717651367188,568498076.0,yfinance+sec_facts,ok
ICE,2019,47110752128.78467,85.1219482421875,553450116.0,yfinance+sec_facts,ok
ICE,2020,60317880498.3764,107.38324737548828,561706616.0,yfinance+sec_facts,ok
ICE,2021,72364401653.423,128.79612731933594,561852310.0,yfinance+sec_facts,ok
ICE,2022,54764578418.33093,97.99491119384766,558851248.0,yfinance+sec_facts,ok
ICE,2023,71333645709.72214,124.57492065429688,572616425.0,yfinance+sec_facts,ok
ICE,2024,84072166568.06863,146.3231964111328,574564858.0,yfinance+sec_facts,ok
CME,2017,38957104924.03354,107.81802368164062,361322751.0,yfinance+yfinance_fast_info,ok
CME,2018,51479962868.69939,142.4763946533203,361322751.0,yfinance+yfinance_fast_info,ok
CME,2019,56456095428.900055,156.24838256835938,361322751.0,yfinance+yfinance_fast_info,ok
CME,2020,52874586207.87868,146.33616638183594,361322751.0,yfinance+yfinance_fast_info,ok
CME,2021,68456596764.66783,189.46107482910156,361322751.0,yfinance+yfinance_fast_info,ok
CME,2022,52788054216.65332,146.0966796875,361322751.0,yfinance+yfinance_fast_info,ok
CME,2023,69320913247.65074,191.85316467285156,361322751.0,yfinance+yfinance_fast_info,ok
CME,2024,80003983624.56075,221.4197235107422,361322751.0,yfinance+yfinance_fast_info,ok
CB,2017,58725636788.25662,126.53898620605467,464091254.0,yfinance+sec_facts,ok
CB,2018,52415111052.347206,114.3483657836914,458380937.0,yfinance+sec_facts,ok
CB,2019,63528019647.40723,140.577392578125,451907796.0,yfinance+sec_facts,ok
CB,2020,64184068370.06497,142.5600128173828,450224906.0,yfinance+sec_facts,ok
CB,2021,77684983747.16776,182.2610321044922,426229254.0,yfinance+sec_facts,ok
CB,2022,87402676563.31055,211.36962890625,413506316.0,yfinance+sec_facts,ok
CB,2023,89363830340.29724,220.23880004882812,405758796.0,yfinance+sec_facts,ok
CB,2024,109250777696.76184,272.8458557128906,400412084.0,yfinance+sec_facts,ok
JNJ,2017,296510054034.8638,110.51842498779295,2682901553.0,yfinance+sec_facts,ok
JNJ,2018,279222578552.741,104.84718322753906,2663138579.0,yfinance+sec_facts,ok
JNJ,2019,321049766438.77783,121.85340881347656,2634721257.0,yfinance+sec_facts,ok
JNJ,2020,354983403680.64624,135.04246520996094,2628679824.0,yfinance+sec_facts,ok
JNJ,2021,395675329865.1162,150.48876953125,2629268158.0,yfinance+sec_facts,ok
JNJ,2022,415332204287.8142,159.48023986816406,2604286303.0,yfinance+sec_facts,ok
JNJ,2023,351196946018.017,145.79945373535156,2408767228.0,yfinance+sec_facts,ok
JNJ,2024,334139511850.4044,138.7843475341797,2407616693.0,yfinance+sec_facts,ok
UNH,2017,185197373197.16177,191.38624572753903,967662919.0,yfinance+sec_facts,ok
UNH,2018,210314543686.19797,219.1830139160156,959538515.0,yfinance+sec_facts,ok
UNH,2019,249499836996.11905,263.0263977050781,948573372.0,yfinance+sec_facts,ok
UNH,2020,301481161621.7428,318.9198913574219,945319404.0,yfinance+sec_facts,ok
UNH,2021,435714837287.3405,463.0834655761719,940899146.0,yfinance+sec_facts,ok
UNH,2022,461949577311.9173,495.2042236328125,932846602.0,yfinance+sec_facts,ok
UNH,2023,460176230405.2804,499.1422119140625,921934109.0,yfinance+sec_facts,ok
UNH,2024,445566460231.8964,487.1110229492187,914712333.0,yfinance+sec_facts,ok
ABBV,2017,106564775115.5886,67.10743713378906,1587972655.0,yfinance+sec_facts,ok
ABBV,2018,98042298167.63223,66.46559143066406,1475083514.0,yfinance+sec_facts,ok
ABBV,2019,99756406765.60548,67.44140625,1479156683.0,yfinance+sec_facts,ok
ABBV,2020,152104196195.26404,86.1349868774414,1765881690.0,yfinance+sec_facts,ok
ABBV,2021,201753206702.58905,114.06517028808594,1768753829.0,yfinance+sec_facts,ok
ABBV,2022,250280891527.84485,141.4495849609375,1769399971.0,yfinance+sec_facts,ok
ABBV,2023,249280156529.42337,141.11741638183594,1766473359.0,yfinance+sec_facts,ok
ABBV,2024,296104363690.88586,167.7307891845703,1765354859.0,yfinance+sec_facts,ok
PFE,2017,146203581721.07324,24.56020552062988,5952864751.0,yfinance+sec_facts,ok
PFE,2018,170194928666.3925,30.655784038543704,5551804790.0,yfinance+sec_facts,ok
PFE,2019,158319155891.60007,28.538114276885988,5547639005.0,yfinance+sec_facts,ok
PFE,2020,155655446470.10764,27.90709686279297,5577629491.0,yfinance+sec_facts,ok
PFE,2021,261596750420.4905,46.5197639465332,5623346471.0,yfinance+sec_facts,ok
PFE,2022,234191799942.14325,41.678001403808594,5619074621.0,yfinance+sec_facts,ok
PFE,2023,138232820918.2318,24.479944229125977,5646778425.0,yfinance+sec_facts,ok
PFE,2024,135660318101.83849,23.937210083007812,5667340414.0,yfinance+sec_facts,ok
MRK,2017,116791541977.92468,43.317244049072265,2696190502.0,yfinance+sec_facts,ok
MRK,2018,156484312563.03104,60.62415985107422,2581220308.0,yfinance+sec_facts,ok
MRK,2019,188003587363.06265,74.12605096435547,2536268760.0,yfinance+sec_facts,ok
MRK,2020,174048801357.0421,68.78541027832031,2530315668.0,yfinance+sec_facts,ok
MRK,2021,168819056560.93765,66.78672790527344,2527733606.0,yfinance+sec_facts,ok
MRK,2022,253335460577.277,99.79367065429688,2538592467.0,yfinance+sec_facts,ok
MRK,2023,255294181309.084,100.80145263671876,2532643872.0,yfinance+sec_facts,ok
MRK,2024,238688261733.86353,94.49122619628906,2526036240.0,yfinance+sec_facts,ok
TMO,2017,74545915505.95734,185.53726196289065,401784066.0,yfinance+sec_facts,ok
TMO,2018,87510994052.62212,219.3237762451172,399003681.0,yfinance+sec_facts,ok
TMO,2019,127316262680.86374,319.2256774902344,398828389.0,yfinance+sec_facts,ok
TMO,2020,180668339740.7166,458.7897033691406,393793362.0,yfinance+sec_facts,ok
TMO,2021,257617305859.89136,658.5447998046875,391191770.0,yfinance+sec_facts,ok
TMO,2022,209949437120.03552,544.7147216796875,385430077.0,yfinance+sec_facts,ok
TMO,2023,200736378881.63428,526.4356689453125,381312268.0,yfinance+sec_facts,ok
TMO,2024,195182165238.9474,517.3661499023438,377261182.0,yfinance+sec_facts,ok
ABT,2017,85013686135.94344,48.68123245239258,1746333892.0,yfinance+sec_facts,ok
ABT,2018,110357093801.18909,62.82889938354492,1756470269.0,yfinance+sec_facts,ok
ABT,2019,135258216951.036,76.7016372680664,1763433243.0,yfinance+sec_facts,ok
ABT,2020,173980707246.0136,98.2093276977539,1771529358.0,yfinance+sec_facts,ok
ABT,2021,226062572079.96585,128.19100952148438,1763482267.0,yfinance+sec_facts,ok
ABT,2022,176712092871.69156,101.6786880493164,1737946233.0,yfinance+sec_facts,ok
ABT,2023,180419675892.3183,103.97724151611328,1735184289.0,yfinance+sec_facts,ok
ABT,2024,189008754405.98383,108.98126220703124,1734323411.0,yfinance+sec_facts,ok
AMGN,2017,96805837937.42862,134.34764099121094,720562246.0,yfinance+sec_facts,ok
AMGN,2018,96336665014.06572,154.81289672851562,622278034.0,yfinance+sec_facts,ok
AMGN,2019,116512172014.77824,197.54293823242188,589806819.0,yfinance+sec_facts,ok
AMGN,2020,111824822193.08688,193.61380004882812,577566383.0,yfinance+sec_facts,ok
AMGN,2021,108791330993.91235,195.3062744140625,557029370.0,yfinance+sec_facts,ok
AMGN,2022,125597133021.01093,235.21109008789065,533976238.0,yfinance+sec_facts,ok
AMGN,2023,143026382369.55704,266.8806457519531,535918901.0,yfinance+sec_facts,ok
AMGN,2024,133660698203.37056,248.80764770507812,537204943.0,yfinance+sec_facts,ok
VRTX,2017,38048252877.20337,149.86000061035156,253891984.0,yfinance+sec_facts,ok
VRTX,2018,42364904792.6364,165.7100067138672,255656889.0,yfinance+sec_facts,ok
VRTX,2019,56766857646.125046,218.9499969482422,259268593.0,yfinance+sec_facts,ok
VRTX,2020,61438960101.07782,236.33999633789065,259960062.0,yfinance+sec_facts,ok
VRTX,2021,55905042897.41281,219.6000061035156,254576691.0,yfinance+sec_facts,ok
VRTX,2022,74242866018.14767,288.7799987792969,257091441.0,yfinance+sec_facts,ok
VRTX,2023,105102871036.0459,406.8900146484375,258307816.0,yfinance+sec_facts,ok
VRTX,2024,103409283380.94196,402.7000122070313,256789869.0,yfinance+sec_facts,ok
REGN,2017,39092404359.53613,372.8802490234375,104839032.0,yfinance+yfinance_fast_info,ok
REGN,2018,38836612862.66821,370.4403991699219,104839032.0,yfinance+yfinance_fast_info,ok
REGN,2019,39042489999.84888,372.4041442871094,104839032.0,yfinance+yfinance_fast_info,ok
REGN,2020,50233883896.448,479.1524963378906,104839032.0,yfinance+yfinance_fast_info,ok
REGN,2021,65665598791.45166,626.3468627929688,104839032.0,yfinance+yfinance_fast_info,ok
REGN,2022,75020690714.77588,715.5797729492188,104839032.0,yfinance+yfinance_fast_info,ok
REGN,2023,91324785502.91748,871.0952758789062,104839032.0,yfinance+yfinance_fast_info,ok
REGN,2024,74068238603.19727,706.494873046875,104839032.0,yfinance+yfinance_fast_info,ok
BMY,2017,72749728190.10875,44.561134338378906,1632582502.0,yfinance+sec_facts,ok
BMY,2018,63371770073.33017,38.814666748046875,1632675877.0,yfinance+sec_facts,ok
BMY,2019,111929921245.06236,49.58112335205078,2257510796.0,yfinance+sec_facts,ok
BMY,2020,111540072307.84558,49.78411483764648,2240475153.0,yfinance+sec_facts,ok
BMY,2021,111640145467.85316,51.21782302856445,2179712820.0,yfinance+sec_facts,ok
BMY,2022,127898332386.96188,60.93948745727539,2098775978.0,yfinance+sec_facts,ok
BMY,2023,91012681363.88402,45.00691223144531,2022193411.0,yfinance+sec_facts,ok
BMY,2024,105768831981.97546,52.12053680419922,2029312023.0,yfinance+sec_facts,ok
ISRG,2017,40982216323.92627,364.94000244140625,112298504.0,yfinance+sec_facts,ok
ISRG,2018,54830881060.20511,478.9199981689453,114488602.0,yfinance+sec_facts,ok
ISRG,2019,68563968672.46564,591.1500091552734,115984044.0,yfinance+sec_facts,ok
ISRG,2020,96305343904.77284,818.1000366210938,117718298.0,yfinance+sec_facts,ok
ISRG,2021,128537425971.30743,359.29998779296875,357744031.0,yfinance+sec_facts,ok
ISRG,2022,92975903461.25888,265.3500061035156,350389679.0,yfinance+sec_facts,ok
ISRG,2023,118860647980.65662,337.3599853515625,352325863.0,yfinance+sec_facts,ok
ISRG,2024,186160676766.14087,521.9600219726562,356656964.0,yfinance+sec_facts,ok
HCA,2017,28470893529.11377,81.3677978515625,349903700.0,yfinance+sec_facts,ok
HCA,2018,39940927843.901825,116.65784454345705,342376700.0,yfinance+sec_facts,ok
HCA,2019,47472851293.9682,140.27488708496094,338427300.0,yfinance+sec_facts,ok
HCA,2020,53349257018.05115,156.94766235351562,339917500.0,yfinance+sec_facts,ok
HCA,2021,75086609014.89258,247.3208465576172,303600000.0,yfinance+sec_facts,ok
HCA,2022,64635089560.9375,233.36798095703125,276966400.0,yfinance+sec_facts,ok
HCA,2023,70265143526.11389,265.6540222167969,264498700.0,yfinance+sec_facts,ok
HCA,2024,73727274599.42017,296.87811279296875,248341900.0,yfinance+sec_facts,ok
BIIB,2017,67397526428.55139,318.57000732421875,211562686.0,yfinance+sec_facts,ok
BIIB,2018,59193609922.6333,300.9200134277344,196708784.0,yfinance+sec_facts,ok
BIIB,2019,51650015896.35434,296.7300109863281,174064011.0,yfinance+sec_facts,ok
BIIB,2020,37300927185.63835,244.86000061035156,152335731.0,yfinance+sec_facts,ok
BIIB,2021,35259313027.46309,239.9199981689453,146962793.0,yfinance+sec_facts,ok
BIIB,2022,40010967030.434875,276.9200134277344,144485646.0,yfinance+sec_facts,ok
BIIB,2023,37615012101.47858,258.7699890136719,145360798.0,yfinance+sec_facts,ok
BIIB,2024,22383655098.019485,152.9199981689453,146374937.0,yfinance+sec_facts,ok
HD,2017,178064058334.98843,153.8656768798828,1157269522.0,yfinance+sec_facts,ok
HD,2018,157461267203.172,142.6404266357422,1103903507.0,yfinance+sec_facts,ok
HD,2019,200150220836.4702,186.23101806640625,1074741592.0,yfinance+sec_facts,ok
HD,2020,249730162408.04608,231.8607940673828,1077069383.0,yfinance+sec_facts,ok
HD,2021,382165683966.0802,369.8318176269531,1033349933.0,yfinance+sec_facts,ok
HD,2022,292872398987.0786,288.556884765625,1014955506.0,yfinance+sec_facts,ok
HD,2023,322480367397.48175,325.40386962890625,991015773.0,yfinance+sec_facts,ok
HD,2024,371967456108.86865,374.20062255859375,994032168.0,yfinance+sec_facts,ok
WMT,2017,262479466266.28848,86.54094314575195,3033009079.0,yfinance+sec_facts,ok
WMT,2018,246592298551.21777,83.57086944580078,2950696818.0,yfinance+sec_facts,ok
WMT,2019,312159441313.6465,108.77832412719728,2869684230.0,yfinance+sec_facts,ok
WMT,2020,379944450788.9866,134.14804458618164,2832277220.0,yfinance+sec_facts,ok
WMT,2021,385352537652.0723,136.7918815612793,2817071695.0,yfinance+sec_facts,ok
WMT,2022,374675091786.868,136.15737533569336,2751779629.0,yfinance+sec_facts,ok
WMT,2023,414312570569.194,153.69638442993164,2695655933.0,yfinance+sec_facts,ok
WMT,2024,718294146491.955,89.13996124267578,8058048674.0,yfinance+sec_facts,ok
COST,2017,72666311850.83112,166.28842163085938,436989606.0,yfinance+sec_facts,ok
COST,2018,80592595726.80823,183.9138641357422,438208376.0,yfinance+sec_facts,ok
COST,2019,117812122888.80003,267.9637451171875,439656950.0,yfinance+sec_facts,ok
COST,2020,156855540242.48035,355.4976806640625,441228027.0,yfinance+sec_facts,ok
COST,2021,238461538830.64313,539.7208862304688,441823811.0,yfinance+sec_facts,ok
COST,2022,193375990445.34988,436.9050598144531,442604145.0,yfinance+sec_facts,ok
COST,2023,288226517395.85913,651.0054321289062,442740572.0,yfinance+sec_facts,ok
COST,2024,402732183639.8886,908.9511108398438,443073537.0,yfinance+sec_facts,ok
NKE,2017,82462469778.26837,55.58647918701172,1483498703.0,yfinance+yfinance_fast_info,ok
NKE,2018,98846272825.53088,66.63050842285156,1483498703.0,yfinance+yfinance_fast_info,ok
NKE,2019,136500816019.39996,92.01276397705078,1483498703.0,yfinance+yfinance_fast_info,ok
NKE,2020,192427207275.0346,129.7117462158203,1483498703.0,yfinance+yfinance_fast_info,ok
NKE,2021,228408887013.7072,153.9663543701172,1483498703.0,yfinance+yfinance_fast_info,ok
NKE,2022,162076398399.20618,109.2528076171875,1483498703.0,yfinance+yfinance_fast_info,ok
NKE,2023,152329608645.68,102.68267059326172,1483498703.0,yfinance+yfinance_fast_info,ok
NKE,2024,107990312003.58504,72.79434204101562,1483498703.0,yfinance+yfinance_fast_info,ok
MCD,2017,111959936656.44836,140.9191131591797,794497880.0,yfinance+sec_facts,ok
MCD,2018,114080476813.53778,149.06297302246094,765317332.0,yfinance+sec_facts,ok
MCD,2019,126643351657.6889,169.88922119140625,745446655.0,yfinance+sec_facts,ok
MCD,2020,140973715417.08685,189.0812530517578,745572145.0,yfinance+sec_facts,ok
MCD,2021,179667432096.8949,241.62335205078125,743584718.0,yfinance+sec_facts,ok
MCD,2022,177644887308.63638,242.8511657714844,731496951.0,yfinance+sec_facts,ok
MCD,2023,201762401298.12305,279.42938232421875,722051488.0,yfinance+sec_facts,ok
MCD,2024,199914198096.99792,279.8111572265625,714461139.0,yfinance+sec_facts,ok
SBUX,2017,67788101734.92432,47.6441535949707,1422800000.0,yfinance+sec_facts,ok
SBUX,2018,67817433263.39722,54.6650276184082,1240600000.0,yfinance+sec_facts,ok
SBUX,2019,89792617919.92188,76.031005859375,1181000000.0,yfinance+sec_facts,ok
SBUX,2020,110822703958.12988,94.42166137695312,1173700000.0,yfinance+sec_facts,ok
SBUX,2021,123122100198.36426,104.9455337524414,1173200000.0,yfinance+sec_facts,ok
SBUX,2022,104584710635.37598,91.11753845214844,1147800000.0,yfinance+sec_facts,ok
SBUX,2023,102345841323.85254,90.03768920898438,1136700000.0,yfinance+sec_facts,ok
SBUX,2024,99554234918.21288,87.80581665039062,1133800000.0,yfinance+sec_facts,ok
LOW,2017,65607884517.0211,79.45091247558594,825766281.0,yfinance+sec_facts,ok
LOW,2018,64006251359.19254,80.41767120361328,795922717.0,yfinance+sec_facts,ok
LOW,2019,80281057909.7818,106.33975982666016,754948648.0,yfinance+sec_facts,ok
LOW,2020,104036729568.14716,145.04808044433594,717256852.0,yfinance+sec_facts,ok
LOW,2021,156741532813.94525,236.92669677734375,661561297.0,yfinance+sec_facts,ok
LOW,2022,110935377176.79988,186.02198791503903,596356261.0,yfinance+sec_facts,ok
LOW,2023,121376922411.13824,212.12908935546875,572184243.0,yfinance+sec_facts,ok
LOW,2024,134173535687.55798,239.72122192382812,559706540.0,yfinance+sec_facts,ok
TGT,2017,27583821884.32846,51.19529724121094,538796010.0,yfinance+sec_facts,ok
TGT,2018,27668443518.199265,53.58641052246094,516333213.0,yfinance+sec_facts,ok
TGT,2019,53735878292.106926,107.26538848876952,500961951.0,yfinance+sec_facts,ok
TGT,2020,75130432407.90833,150.67788696289062,498616180.0,yfinance+sec_facts,ok
TGT,2021,92603438970.78934,200.25912475585935,462418075.0,yfinance+sec_facts,ok
TGT,2022,60624983868.87399,131.68923950195312,460363991.0,yfinance+sec_facts,ok
TGT,2023,59978704714.72995,129.91114807128906,461690206.0,yfinance+sec_facts,ok
TGT,2024,57842333598.84082,126.96514892578124,455576464.0,yfinance+sec_facts,ok
BKNG,2017,82167604658.42285,1701.5945434570312,48288592.0,yfinance+sec_facts,ok
BKNG,2018,75918149404.26349,1686.5930557250977,45012725.0,yfinance+sec_facts,ok
BKNG,2019,82575803871.14143,2011.012077331543,41061814.0,yfinance+sec_facts,ok
BKNG,2020,89335307597.10846,2180.942153930664,40961796.0,yfinance+sec_facts,ok
BKNG,2021,96058515661.84271,2349.325370788574,40887702.0,yfinance+sec_facts,ok
BKNG,2022,74293853110.99129,1973.361587524414,37648373.0,yfinance+sec_facts,ok
BKNG,2023,118690939630.52484,3473.4378814697266,34171027.0,yfinance+sec_facts,ok
BKNG,2024,161063960009.83545,4908.211898803711,32815201.0,yfinance+sec_facts,ok
PG,2017,186817763854.5607,73.26145935058594,2550014230.0,yfinance+sec_facts,ok
PG,2018,188781736548.43048,75.87655639648438,2488011390.0,yfinance+sec_facts,ok
PG,2019,265239238447.1066,105.99988555908205,2502259668.0,yfinance+sec_facts,ok
PG,2020,300820321133.91486,121.00154113769533,2486086692.0,yfinance+sec_facts,ok
PG,2021,354000078117.7353,145.83358764648438,2427424874.0,yfinance+sec_facts,ok
PG,2022,330886159731.675,138.47193908691406,2389553883.0,yfinance+sec_facts,ok
PG,2023,323621133911.6664,137.2843017578125,2357306187.0,yfinance+sec_facts,ok
PG,2024,378934104648.7091,160.9710693359375,2354050987.0,yfinance+sec_facts,ok
KO,2017,150525554443.53085,35.28571319580078,4265906533.0,yfinance+sec_facts,ok
KO,2018,161076775777.32422,37.67578125,4275340031.0,yfinance+sec_facts,ok
KO,2019,194936341966.6888,45.43678283691406,4290276067.0,yfinance+sec_facts,ok
KO,2020,200635886194.28284,46.558685302734375,4309311676.0,yfinance+sec_facts,ok
KO,2021,224809698303.33017,51.853553771972656,4335473308.0,yfinance+sec_facts,ok
KO,2022,248157372223.32407,57.3549919128418,4326691783.0,yfinance+sec_facts,ok
KO,2023,236372489734.1005,54.81156921386719,4312456168.0,yfinance+sec_facts,ok
KO,2024,256672843442.59772,59.67747497558594,4301000395.0,yfinance+sec_facts,ok
PEP,2017,130741201765.5557,92.07721710205078,1419908267.0,yfinance+sec_facts,ok
PEP,2018,123114630874.00992,87.6456527709961,1404686108.0,yfinance+sec_facts,ok
PEP,2019,155128018208.5216,111.63946533203124,1389544618.0,yfinance+sec_facts,ok
PEP,2020,171995427826.5008,124.6697235107422,1379608641.0,yfinance+sec_facts,ok
PEP,2021,207929097647.7539,150.29736328125,1383451400.0,yfinance+sec_facts,ok
PEP,2022,221038832988.83716,160.49273681640625,1377251316.0,yfinance+sec_facts,ok
PEP,2023,213327881783.94183,155.21197509765625,1374429271.0,yfinance+sec_facts,ok
PEP,2024,196691400824.0424,143.41336059570312,1371499838.0,yfinance+sec_facts,ok
PM,2017,106269723388.2064,68.41854095458984,1553229898.0,yfinance+sec_facts,ok
PM,2018,70947854188.4573,45.6378288269043,1554584344.0,yfinance+sec_facts,ok
PM,2019,95876502272.63568,61.62077713012695,1555911930.0,yfinance+sec_facts,ok
PM,2020,99513190992.22278,63.894874572753906,1557451856.0,yfinance+sec_facts,ok
PM,2021,119600079733.34392,77.16991424560547,1549827817.0,yfinance+sec_facts,ok
PM,2022,134355772645.84946,86.66812133789062,1550232895.0,yfinance+sec_facts,ok
PM,2023,132053659930.4002,85.06109619140625,1552456597.0,yfinance+sec_facts,ok
PM,2024,177669128392.40222,114.26716613769533,1554857221.0,yfinance+sec_facts,ok
CL,2017,53927000822.25397,61.607852935791016,875326736.0,yfinance+sec_facts,ok
CL,2018,42898071067.063774,49.784427642822266,861676494.0,yfinance+sec_facts,ok
CL,2019,50482984320.00935,59.0423698425293,855029777.0,yfinance+sec_facts,ok
CL,2020,63712981304.701035,75.08341217041016,848562678.0,yfinance+sec_facts,ok
CL,2021,64420070107.9794,76.64610290527344,840487222.0,yfinance+sec_facts,ok
CL,2022,60182765866.4756,72.47628021240234,830378790.0,yfinance+sec_facts,ok
CL,2023,61915692372.78807,75.21791076660156,823150919.0,yfinance+sec_facts,ok
CL,2024,71154388185.06018,87.6786117553711,811536437.0,yfinance+sec_facts,ok
HON,2017,96717123938.34505,128.6128490271582,752002033.0,yfinance+sec_facts,ok
HON,2018,82444425692.81236,113.0791677957344,729085890.0,yfinance+sec_facts,ok
HON,2019,110149196083.21436,154.57371110614014,712599803.0,yfinance+sec_facts,ok
HON,2020,130362858665.4707,190.0835383601227,685818771.0,yfinance+sec_facts,ok
HON,2021,60046007573.85445,189.52327659454343,316826559.0,yfinance+yfinance_fast_info,ok
HON,2022,132836429315.66832,198.81518725752255,668140252.0,yfinance+sec_facts,ok
HON,2023,129688173689.17651,198.8527912047577,652181812.0,yfinance+sec_facts,ok
HON,2024,142182125411.90442,218.76914452301023,649918551.0,yfinance+sec_facts,ok
CAT,2017,78734441509.23083,131.74539184570312,597625772.0,yfinance+sec_facts,ok
CAT,2018,62511637966.30048,108.61337280273438,575542738.0,yfinance+sec_facts,ok
CAT,2019,71404971615.54245,129.80772399902344,550082610.0,yfinance+sec_facts,ok
CAT,2020,89872416005.13405,164.81163024902344,545303847.0,yfinance+sec_facts,ok
CAT,2021,102410949112.81609,191.10511779785156,535888051.0,yfinance+sec_facts,ok
CAT,2022,117028914276.2857,226.64846801757812,516345490.0,yfinance+sec_facts,ok
CAT,2023,142552703374.9297,285.4609375,499377269.0,yfinance+sec_facts,ok
CAT,2024,170072959606.48267,355.8517761230469,477932024.0,yfinance+sec_facts,ok
DE,2017,44567192722.234955,138.1521453857422,322595010.0,yfinance+sec_facts,ok
DE,2018,42736731061.2215,134.1514434814453,318570788.0,yfinance+sec_facts,ok
DE,2019,49715322135.26848,158.69508361816406,313275755.0,yfinance+sec_facts,ok
DE,2020,78550583015.4548,250.6709747314453,313361302.0,yfinance+sec_facts,ok
DE,2021,99296370285.57806,323.0124206542969,307407282.0,yfinance+sec_facts,ok
DE,2022,121946946298.78546,408.8923950195313,298237257.0,yfinance+sec_facts,ok
DE,2023,108314494737.91364,386.4848937988281,280255442.0,yfinance+sec_facts,ok
DE,2024,112889878176.80292,415.6853942871094,271575282.0,yfinance+sec_facts,ok
MMM,2017,104903171287.81128,176.15981744384766,595500000.0,yfinance+sec_facts,ok
MMM,2018,84291588116.77246,146.39039270019532,575800000.0,yfinance+sec_facts,ok
MMM,2019,80646746811.56006,140.109011138916,575600000.0,yfinance+sec_facts,ok
MMM,2020,83380776792.31873,143.98338247680664,579100000.0,yfinance+sec_facts,ok
MMM,2021,86217423454.45557,150.96729724121093,571100000.0,yfinance+sec_facts,ok
MMM,2022,58485791913.07068,106.24122055053712,550500000.0,yfinance+sec_facts,ok
MMM,2023,56765277359.69238,102.70540502929688,552700000.0,yfinance+sec_facts,ok
MMM,2024,68124717485.809326,125.48299407958984,542900000.0,yfinance+sec_facts,ok
GOOGL,2017,721343929485.6262,1043.4706115722656,691293000.0,yfinance+sec_facts,ok
GOOGL,2018,719177001178.8177,1035.1102447509766,694783000.0,yfinance+sec_facts,ok
GOOGL,2019,922839133035.2784,1326.764678955078,695556000.0,yfinance+sec_facts,ok
GOOGL,2020,1195031946775.818,1736.1196899414062,688335000.0,yfinance+sec_facts,ok
GOOGL,2021,1937706836273.8037,2869.7329711914062,675222000.0,yfinance+sec_facts,ok
GOOGL,2022,1157328998062.1338,87.39835357666016,13242000000.0,yfinance+sec_facts,ok
GOOGL,2023,1777958220199.585,138.37327575683594,12849000000.0,yfinance+sec_facts,ok
GOOGL,2024,2344914924621.582,188.19541931152344,12460000000.0,yfinance+sec_facts,ok
ON,2017,8908728045.469835,20.940000534057617,425440679.0,yfinance+sec_facts,ok
ON,2018,6764318236.435261,16.510000228881836,409710366.0,yfinance+sec_facts,ok
ON,2019,10021779860.69999,24.3799991607666,411065636.0,yfinance+sec_facts,ok
ON,2020,13480867265.285809,32.72999954223633,411881071.0,yfinance+sec_facts,ok
ON,2021,29375251278.312836,67.91999816894531,432497822.0,yfinance+sec_facts,ok
ON,2022,26941837898.198498,62.369998931884766,431967907.0,yfinance+sec_facts,ok
ON,2023,35694761779.91858,83.52999877929688,427328652.0,yfinance+sec_facts,ok
ON,2024,26570601735.831196,63.04999923706055,421421127.0,yfinance+sec_facts,ok
MRVL,2017,18338135096.934067,20.405075073242188,898704613.0,yfinance+yfinance_fast_info,ok
MRVL,2018,14006136585.30034,15.584805488586426,898704613.0,yfinance+yfinance_fast_info,ok
MRVL,2019,23213951479.54786,25.83045768737793,898704613.0,yfinance+yfinance_fast_info,ok
MRVL,2020,41844061698.64022,46.56041717529297,898704613.0,yfinance+yfinance_fast_info,ok
MRVL,2021,77253785901.65326,85.96126556396484,898704613.0,yfinance+yfinance_fast_info,ok
MRVL,2022,30984521477.508545,36.54697036743164,847800000.0,yfinance+sec_facts,ok
MRVL,2023,51260329780.96008,59.8206672668457,856900000.0,yfinance+sec_facts,ok
MRVL,2024,95211715637.20705,109.94424438476562,866000000.0,yfinance+sec_facts,ok
DDOG,2017,,,,yfinance,missing_price
DDOG,2018,,,,yfinance,missing_price
DDOG,2019,2953663199.24469,37.779998779296875,78180606.0,yfinance+sec_facts,ok
DDOG,2020,35347346239.20801,98.44000244140624,359075024.0,yfinance+yfinance_fast_info,ok
DDOG,2021,63954852743.802,178.11000061035156,359075024.0,yfinance+yfinance_fast_info,ok
DDOG,2022,26392014264.0,73.5,359075024.0,yfinance+yfinance_fast_info,ok
DDOG,2023,43584525426.89099,121.37999725341795,359075024.0,yfinance+yfinance_fast_info,ok
DDOG,2024,51308229960.198,142.88999938964844,359075024.0,yfinance+yfinance_fast_info,ok
DIS,2017,175037220052.73886,101.37171936035156,1726686902.0,yfinance+yfinance_fast_info,ok
DIS,2018,181352236991.61017,105.02902221679688,1726686902.0,yfinance+yfinance_fast_info,ok
DIS,2019,252746591539.7284,140.22793579101562,1802398289.0,yfinance+sec_facts,ok
DIS,2020,318039643017.718,175.66543579101562,1810485037.0,yfinance+sec_facts,ok
DIS,2021,272967652417.5511,150.17564392089844,1817655948.0,yfinance+sec_facts,ok
DIS,2022,153880379494.79868,84.23563385009766,1826784847.0,yfinance+sec_facts,ok
DIS,2023,161100129703.78174,87.8271713256836,1834285760.0,yfinance+sec_facts,ok
DIS,2024,197925820600.22617,109.29456329345705,1810939306.0,yfinance+sec_facts,ok
BLK,2017,64077047207.851654,413.7492980957031,154869259.0,yfinance+yfinance_fast_info,ok
BLK,2018,50236004188.44235,324.3768615722656,154869259.0,yfinance+yfinance_fast_info,ok
BLK,2019,66243884035.66324,427.7406921386719,154869259.0,yfinance+yfinance_fast_info,ok
BLK,2020,97514415767.1576,629.6563720703125,154869259.0,yfinance+yfinance_fast_info,ok
BLK,2021,126175418444.19383,814.72216796875,154869259.0,yfinance+yfinance_fast_info,ok
BLK,2022,100439463524.66689,648.5435791015625,154869259.0,yfinance+yfinance_fast_info,ok
BLK,2023,118380023627.19276,764.3868408203125,154869259.0,yfinance+yfinance_fast_info,ok
BLK,2024,153435061686.2497,988.2876586914062,155253443.0,yfinance+sec_facts,ok
SCHW,2017,61453660902.802,45.64045333862305,1346473499.0,yfinance+sec_facts,ok
SCHW,2018,49619979901.31387,37.227264404296875,1332893531.0,yfinance+sec_facts,ok
SCHW,2019,55723946272.38574,43.32394790649414,1286215799.0,yfinance+sec_facts,ok
SCHW,2020,85086577312.9349,49.20188522338867,1729335714.0,yfinance+yfinance_fast_info,ok
SCHW,2021,136334818186.82368,78.8365249633789,1729335714.0,yfinance+yfinance_fast_info,ok
SCHW,2022,136481190031.39091,78.9211654663086,1729335714.0,yfinance+yfinance_fast_info,ok
SCHW,2023,114686285159.97215,66.318115234375,1729335714.0,yfinance+yfinance_fast_info,ok
SCHW,2024,131296545761.22289,72.3968276977539,1813567665.0,yfinance+sec_facts,ok
GILD,2017,68243472748.54848,52.09553527832031,1309967781.0,yfinance+sec_facts,ok
GILD,2018,59856801195.58548,46.92771911621094,1275510558.0,yfinance+sec_facts,ok
GILD,2019,63972777065.08502,50.62592697143555,1263636656.0,yfinance+sec_facts,ok
GILD,2020,59353658943.99864,47.23379135131836,1256593156.0,yfinance+sec_facts,ok
GILD,2021,76966878431.60966,61.38264083862305,1253886724.0,yfinance+sec_facts,ok
GILD,2022,94639203320.79276,75.8871078491211,1247105154.0,yfinance+sec_facts,ok
GILD,2023,92654249452.34894,74.37480926513672,1245774616.0,yfinance+sec_facts,ok
GILD,2024,109926597699.83162,88.2699203491211,1245346062.0,yfinance+sec_facts,ok
MDLZ,2017,51197610418.34091,34.42253112792969,1487328466.0,yfinance+sec_facts,ok
MDLZ,2018,47590127754.98655,32.953285217285156,1444169449.0,yfinance+sec_facts,ok
MDLZ,2019,66308406669.075584,46.2742805480957,1432943006.0,yfinance+sec_facts,ok
MDLZ,2020,70953326705.88666,50.24615478515625,1412114559.0,yfinance+sec_facts,ok
MDLZ,2021,80832093507.53494,58.222618103027344,1388328044.0,yfinance+sec_facts,ok
MDLZ,2022,81693618791.38187,59.923133850097656,1363306849.0,yfinance+sec_facts,ok
MDLZ,2023,89700109892.63315,66.61835479736328,1346477411.0,yfinance+sec_facts,ok
MDLZ,2024,72990571170.68057,56.42763900756836,1293525167.0,yfinance+sec_facts,ok
GE,2017,142341495043.74243,16.39392445787315,8682576000.0,yfinance+sec_facts,ok
GE,2018,63663434293.31905,7.313365708526801,8705080100.0,yfinance+sec_facts,ok
GE,2019,94612593995.07867,10.824952243267534,8740232000.0,yfinance+sec_facts,ok
GE,2020,92316947799.62344,10.528918621909616,8767942000.0,yfinance+sec_facts,ok
GE,2021,101565709500.18877,92.38941857084654,1099321882.0,yfinance+sec_facts,ok
GE,2022,89645569894.20982,82.2975089955139,1089286553.0,yfinance+sec_facts,ok
GE,2023,136841559246.55876,125.73485807037352,1088334304.0,yfinance+sec_facts,ok
GE,2024,177519589883.78082,165.39752197265625,1073290505.0,yfinance+sec_facts,ok
FDX,2017,57678211414.5199,215.01067297363284,268257434.0,yfinance+sec_facts,ok
FDX,2018,37351339003.05458,140.4582550582886,265924840.0,yfinance+sec_facts,ok
FDX,2019,34882474947.56179,133.74750817108156,260808410.0,yfinance+sec_facts,ok
FDX,2020,61057368121.98816,233.08387164306643,261954496.0,yfinance+sec_facts,ok
FDX,2021,62763477386.620285,234.76301644897464,267348232.0,yfinance+sec_facts,ok
FDX,2022,41702012851.852295,160.48762504577638,259845660.0,yfinance+sec_facts,ok
FDX,2023,60117346838.284,239.33280352783208,251187242.0,yfinance+sec_facts,ok
FDX,2024,66359220201.99702,271.62754861450196,244302246.0,yfinance+sec_facts,ok
AMT,2017,49714533209.71126,112.76927185058594,440851771.0,yfinance+sec_facts,ok
AMT,2018,56374326300.09972,127.7938461303711,441134906.0,yfinance+sec_facts,ok
AMT,2019,83694273240.4497,188.9637451171875,442911804.0,yfinance+sec_facts,ok
AMT,2020,83567586437.71396,188.05245971679688,444384437.0,yfinance+sec_facts,ok
AMT,2021,113923669443.12442,249.8957366943359,455884806.0,yfinance+sec_facts,ok
AMT,2022,86494685496.78596,185.7519989013672,465646055.0,yfinance+sec_facts,ok
AMT,2023,91278546401.77077,195.7287750244141,466352208.0,yfinance+sec_facts,ok
AMT,2024,80365678565.4801,171.92091369628906,467457256.0,yfinance+sec_facts,ok
UPS,2017,71284211408.80043,83.78673553466797,850781582.0,yfinance+yfinance_fast_info,ok
UPS,2018,60252247522.42848,70.81987762451172,850781582.0,yfinance+yfinance_fast_info,ok
UPS,2019,74855200152.0539,87.98403930664062,850781582.0,yfinance+yfinance_fast_info,ok
UPS,2020,111267161539.91296,130.78228759765625,850781582.0,yfinance+yfinance_fast_info,ok
UPS,2021,144668517228.3327,170.04190063476562,850781582.0,yfinance+yfinance_fast_info,ok
UPS,2022,121216136658.04782,142.47621154785156,850781582.0,yfinance+yfinance_fast_info,ok
UPS,2023,113993969995.63736,133.9873504638672,850781582.0,yfinance+yfinance_fast_info,ok
UPS,2024,95833990652.65718,112.64229583740234,850781582.0,yfinance+yfinance_fast_info,ok
BA,2017,165393543029.4129,281.04718017578125,588490313.0,yfinance+sec_facts,ok
BA,2018,177050656754.9267,313.37225341796875,564985109.0,yfinance+sec_facts,ok
BA,2019,182367445233.30566,323.83331298828125,563152208.0,yfinance+sec_facts,ok
BA,2020,124796306428.26782,214.05999755859375,582996860.0,yfinance+sec_facts,ok
BA,2021,117369516959.81781,201.32000732421875,582999765.0,yfinance+sec_facts,ok
BA,2022,113958661832.87819,190.49000549316406,598239585.0,yfinance+sec_facts,ok
BA,2023,159037844769.68185,260.6600036621094,610135205.0,yfinance+sec_facts,ok
BA,2024,132763170747.0,177.0,750074411.0,yfinance+sec_facts,ok
LMT,2017,72731843036.08932,254.6894073486328,285570742.0,yfinance+sec_facts,ok
LMT,2018,60202242482.05136,213.05812072753906,282562534.0,yfinance+sec_facts,ok
LMT,2019,91633326481.51392,325.0130615234375,281937366.0,yfinance+sec_facts,ok
LMT,2020,85125867173.61084,303.90869140625,280103431.0,yfinance+sec_facts,ok
LMT,2021,85370917361.47003,313.48687744140625,272326925.0,yfinance+sec_facts,ok
LMT,2022,112425963277.60724,440.3727111816406,255297298.0,yfinance+sec_facts,ok
LMT,2023,101828177107.25317,421.3987121582031,241643304.0,yfinance+sec_facts,ok
LMT,2024,109131866325.89807,463.62957763671875,235385902.0,yfinance+sec_facts,ok
NOC,2017,46329961722.47589,266.13018798828125,174087585.0,yfinance+sec_facts,ok
NOC,2018,36611118417.34918,215.69256591796875,169737507.0,yfinance+sec_facts,ok
NOC,2019,51593437212.06055,307.7685546875,167637130.0,yfinance+sec_facts,ok
NOC,2020,46221069293.98779,277.2403869628906,166718384.0,yfinance+sec_facts,ok
NOC,2021,55955511892.02173,358.4549560546875,156101934.0,yfinance+sec_facts,ok
NOC,2022,78464084842.35681,512.6583251953125,153053371.0,yfinance+sec_facts,ok
NOC,2023,67078482951.56418,447.0834655761719,150035705.0,yfinance+sec_facts,ok
NOC,2024,65968049096.183685,455.7200012207031,144755659.0,yfinance+sec_facts,ok
XOM,2017,240967964363.57947,56.86610412597656,4237462159.0,yfinance+sec_facts,ok
XOM,2018,204469519034.92096,48.28313064575195,4234802431.0,yfinance+sec_facts,ok
XOM,2019,219123280536.53,51.7753791809082,4232190744.0,yfinance+sec_facts,ok
XOM,2020,139819185536.2326,33.02698516845703,4233483160.0,yfinance+sec_facts,ok
XOM,2021,220326505950.0192,52.04244613647461,4233592429.0,yfinance+sec_facts,ok
XOM,2022,397052416537.05597,97.53227233886719,4070984988.0,yfinance+sec_facts,ok
XOM,2023,362761207132.86316,91.42526245117188,3967844307.0,yfinance+sec_facts,ok
XOM,2024,441382926795.9315,101.7212142944336,4339143313.0,yfinance+sec_facts,ok
CVX,2017,164716276936.17462,86.22745513916016,1910253256.0,yfinance+sec_facts,ok
CVX,2018,147867638199.07196,77.82250213623047,1900062760.0,yfinance+sec_facts,ok
CVX,2019,168592043554.84393,89.7088394165039,1879324765.0,yfinance+sec_facts,ok
CVX,2020,127964388375.42526,66.42749786376953,1926376764.0,yfinance+sec_facts,ok
CVX,2021,189194008295.0106,97.14445495605469,1947553346.0,yfinance+sec_facts,ok
CVX,2022,293508344712.8795,153.93734741210938,1906674044.0,yfinance+sec_facts,ok
CVX,2023,246926763121.8988,132.95152282714844,1857269160.0,yfinance+sec_facts,ok
CVX,2024,237087041068.23038,134.66275024414062,1760598537.0,yfinance+sec_facts,ok
COP,2017,48673661313.94719,41.439292907714844,1174577506.0,yfinance+sec_facts,ok
COP,2018,54355847339.04346,47.915771484375,1134404094.0,yfinance+sec_facts,ok
COP,2019,55237484396.91654,51.092247009277344,1081132415.0,yfinance+sec_facts,ok
COP,2020,44273821719.295425,32.68080520629883,1354734727.0,yfinance+sec_facts,ok
COP,2021,79248814188.81409,60.982818603515625,1299526916.0,yfinance+sec_facts,ok
COP,2022,127608954417.67958,104.70250701904297,1218776494.0,yfinance+sec_facts,ok
COP,2023,125615555757.02637,106.77886962890625,1176408368.0,yfinance+sec_facts,ok
COP,2024,119332366370.90045,93.7867202758789,1272380205.0,yfinance+sec_facts,ok
SLB,2017,72936262263.9809,52.702171325683594,1383932776.0,yfinance+sec_facts,ok
SLB,2018,40335477310.95307,29.165956497192383,1382964324.0,yfinance+sec_facts,ok
SLB,2019,47539651684.542786,34.336673736572266,1384515345.0,yfinance+sec_facts,ok
SLB,2020,26861777246.66977,19.292736053466797,1392325960.0,yfinance+sec_facts,ok
SLB,2021,37795510390.51014,26.931739807128906,1403381685.0,yfinance+sec_facts,ok
SLB,2022,69287465556.77097,48.787513732910156,1420188492.0,yfinance+sec_facts,ok
SLB,2023,69098398145.84773,48.408748626708984,1427394843.0,yfinance+sec_facts,ok
SLB,2024,51219528649.79668,36.563167572021484,1400850420.0,yfinance+sec_facts,ok
OXY,2017,45512646395.89903,59.482093811035156,765148694.0,yfinance+sec_facts,ok
OXY,2018,38766774549.64778,51.72031021118164,749546443.0,yfinance+sec_facts,ok
OXY,2019,33205847327.075092,37.09218215942383,895224961.0,yfinance+sec_facts,ok
OXY,2020,14984835024.398766,16.085834503173828,931554718.0,yfinance+sec_facts,ok
OXY,2021,25198900966.489895,26.977703094482422,934063989.0,yfinance+sec_facts,ok
OXY,2022,53201222789.18916,59.10771179199219,900072447.0,yfinance+sec_facts,ok
OXY,2023,49865354221.0339,56.697425842285156,879499439.0,yfinance+sec_facts,ok
OXY,2024,44744787037.91742,47.6768684387207,938500965.0,yfinance+sec_facts,ok
NEE,2017,58982558572.83139,125.28317260742188,470793941.0,yfinance+sec_facts,ok
NEE,2018,68475190433.309555,143.20335388183594,478167505.0,yfinance+sec_facts,ok
NEE,2019,99910871856.74075,204.33096313476562,488965893.0,yfinance+sec_facts,ok
NEE,2020,130214886100.41806,66.44041442871094,1959874682.0,yfinance+sec_facts,ok
NEE,2021,160910887950.2011,81.98257446289062,1962744998.0,yfinance+sec_facts,ok
NEE,2022,149018234784.66968,74.9779052734375,1987495306.0,yfinance+sec_facts,ok
NEE,2023,114964257596.15335,56.01375198364258,2052429154.0,yfinance+sec_facts,ok
NEE,2024,139953588408.19763,68.03684997558594,2057026280.0,yfinance+sec_facts,ok
DUK,2017,41370302518.69809,59.09260940551758,700092667.0,yfinance+sec_facts,ok
DUK,2018,46146925879.173874,63.474876403808594,727010882.0,yfinance+sec_facts,ok
DUK,2019,51336403558.58929,70.0052719116211,733321965.0,yfinance+sec_facts,ok
DUK,2020,56378059317.36313,73.3455581665039,768663580.0,yfinance+sec_facts,ok
DUK,2021,67213352423.03577,87.36286926269531,769358344.0,yfinance+sec_facts,ok
DUK,2022,68639750666.6452,89.13323974609375,770080285.0,yfinance+sec_facts,ok
DUK,2023,67587488284.79091,87.68355560302734,770811446.0,yfinance+sec_facts,ok
DUK,2024,78676437639.29004,101.32696533203125,776461008.0,yfinance+sec_facts,ok
SO,2017,34060987148.864273,33.785316467285156,1008159482.0,yfinance+sec_facts,ok
SO,2018,33641670790.049267,32.51771926879883,1034564279.0,yfinance+sec_facts,ok
SO,2019,51988255086.82862,49.31403350830078,1054228409.0,yfinance+sec_facts,ok
SO,2020,52432726762.67326,49.62355422973633,1056609660.0,yfinance+sec_facts,ok
SO,2021,61206670071.116745,57.729801177978516,1060226587.0,yfinance+sec_facts,ok
SO,2022,68043261527.21758,62.48761749267578,1088907919.0,yfinance+sec_facts,ok
SO,2023,69683808328.54381,63.8706169128418,1091015113.0,yfinance+sec_facts,ok
SO,2024,85268354333.40706,77.74269104003906,1096802197.0,yfinance+sec_facts,ok
EQIX,2017,30320833159.973877,382.7031555175781,79228072.0,yfinance+sec_facts,ok
EQIX,2018,24629873432.91928,304.5785217285156,80865431.0,yfinance+sec_facts,ok
EQIX,2019,43945086538.99048,514.315185546875,85443883.0,yfinance+sec_facts,ok
EQIX,2020,57044508284.048035,638.8831176757812,89287863.0,yfinance+sec_facts,ok
EQIX,2021,69712512624.3609,768.4271850585938,90721039.0,yfinance+sec_facts,ok
EQIX,2022,56235299565.78003,606.0870361328125,92784198.0,yfinance+sec_facts,ok
EQIX,2023,71918422989.01978,760.064697265625,94621449.0,yfinance+sec_facts,ok
EQIX,2024,88368139622.28485,907.9042358398438,97332005.0,yfinance+sec_facts,ok
PLD,2017,26913110413.57422,50.488525390625,533054000.0,yfinance+sec_facts,ok
PLD,2018,29836856821.06018,47.33379364013672,630350000.0,yfinance+sec_facts,ok
PLD,2019,54502344077.53754,73.77713775634766,738743000.0,yfinance+sec_facts,ok
PLD,2020,62600272796.63086,84.65216064453125,739500000.0,yfinance+sec_facts,ok
PLD,2021,107952039184.57031,145.88113403320312,740000000.0,yfinance+sec_facts,ok
PLD,2022,92511252198.66943,100.18231201171875,923429000.0,yfinance+sec_facts,ok
PLD,2023,112652957152.3819,121.80265045166016,924881000.0,yfinance+sec_facts,ok
PLD,2024,92434166922.14966,99.7282943725586,926860000.0,yfinance+sec_facts,ok
CVS,2017,55687464361.45732,54.88979721069336,1014532157.0,yfinance+sec_facts,ok
CVS,2018,66186954383.996506,51.02757263183594,1297082165.0,yfinance+sec_facts,ok
CVS,2019,78034388283.83179,59.83499526977539,1304159680.0,yfinance+sec_facts,ok
CVS,2020,74431042691.45557,56.75888442993164,1311354926.0,yfinance+sec_facts,ok
CVS,2021,115372221931.39789,87.90194702148438,1312510426.0,yfinance+sec_facts,ok
CVS,2022,104268119576.5759,81.19863891601562,1284111667.0,yfinance+sec_facts,ok
CVS,2023,89376964866.32336,71.02149200439453,1258449553.0,yfinance+sec_facts,ok
CVS,2024,53036400694.98192,42.06583786010742,1260795063.0,yfinance+sec_facts,ok
PYPL,2017,87381341251.1771,72.80805206298828,1200160405.0,yfinance+sec_facts,ok
PYPL,2018,97567111701.73337,83.1625747680664,1173209367.0,yfinance+sec_facts,ok
PYPL,2019,125479264789.34975,106.97700500488281,1172955485.0,yfinance+sec_facts,ok
PYPL,2020,271264239021.41235,231.6170196533203,1171175760.0,yfinance+sec_facts,ok
PYPL,2021,217273629593.2707,186.50018310546875,1165004913.0,yfinance+sec_facts,ok
PYPL,2022,79687740317.5065,70.43452453613281,1131373298.0,yfinance+sec_facts,ok
PYPL,2023,65089793830.095245,60.73271560668945,1071741864.0,yfinance+sec_facts,ok
PYPL,2024,83500653309.50912,84.40868377685547,989242452.0,yfinance+sec_facts,ok
