ticker,year,market_cap,data_quality_flag_x,company_name,cik,revenue,net_income,assets,liabilities,equity,cash,debt,operating_income,gross_profit,shares_outstanding,data_source,data_quality_flag_y,profit_margin,gross_margin,operating_margin,debt_to_assets,return_on_assets,return_on_equity,cash_to_assets,revenue_growth,net_income_growth,log_assets,log_revenue,log_market_cap,company_id
MSFT,2017,603274416525.0157,ok,Microsoft Corp,789019,93580000000.0,12193000000.0,193468000000.0,121471000000.0,80083000000.0,8669000000.0,40600000000.0,18161000000.0,60542000000.0,7702243979.0,sec_company_facts,ok,0.13029493481513144,0.646954477452447,0.19406924556529173,0.2098538259557136,0.06302334236152748,0.15225453591898405,0.04480844377364732,,,25.988377961063346,25.262082522384482,27.125638015601407,789019
MSFT,2018,725507596103.645,ok,Microsoft Corp,789019,91154000000.0,20539000000.0,250312000000.0,162601000000.0,83090000000.0,5595000000.0,77100000000.0,26078000000.0,58374000000.0,7668217316.0,sec_company_facts,ok,0.22532198257893235,0.6403887925927552,0.28608728086534874,0.3080155965355237,0.08205359711080572,0.24718979419906126,0.022352104573492283,-0.025924342808292367,0.6844911014516526,26.245973976703972,25.235816220816396,27.310137379379377,789019
MSFT,2019,1138205408868.9453,ok,Microsoft Corp,789019,96571000000.0,25489000000.0,258848000000.0,176130000000.0,87711000000.0,6510000000.0,76200000000.0,29025000000.0,62310000000.0,7635409400.0,sec_company_facts,ok,0.26394052044609667,0.6452247569146017,0.3005560675565128,0.29438125849919644,0.0984709172950921,0.2906020909578046,0.025149894919025837,0.05942690392083727,0.24100491747407382,26.279506853781953,25.29354432605439,27.76047393522938,789019
MSFT,2020,1607934101249.6973,ok,Microsoft Corp,789019,110360000000.0,16571000000.0,286556000000.0,184226000000.0,82718000000.0,11356000000.0,72178000000.0,35058000000.0,72007000000.0,7567652935.0,sec_company_facts,ok,0.1501540413193186,0.652473722363175,0.3176694454512505,0.2518809586956825,0.05782813830455478,0.20033124591987234,0.03962925222295119,0.1427861366248666,-0.34987641727804153,26.38119981647909,25.427013586295498,28.105971304035656,789019
MSFT,2021,2434634873911.5293,ok,Microsoft Corp,789019,125843000000.0,39240000000.0,301311000000.0,183007000000.0,102330000000.0,13576000000.0,63327000000.0,42959000000.0,82933000000.0,7514891248.0,sec_company_facts,ok,0.3118171054409065,0.6590195720063889,0.3413698020549415,0.2101715503250794,0.13023089100630245,0.3834652594547054,0.04505643670493278,0.14029539688292858,1.3679922756623015,26.431408790879576,25.558300935208838,28.5208179121073,789019
MSFT,2022,1739043462316.8125,ok,Microsoft Corp,789019,143015000000.0,44281000000.0,333779000000.0,191791000000.0,118304000000.0,14224000000.0,58146000000.0,52959000000.0,96937000000.0,7457891872.0,sec_company_facts,ok,0.3096248645247002,0.6778100199279796,0.37030381428521486,0.1742050877976146,0.1326656260579605,0.37429841763592103,0.04261502371329533,0.1364557424727637,0.12846585117227316,26.5337449342718,25.686215356810106,28.184356343695,789019
MSFT,2023,2740639354957.0854,ok,Microsoft Corp,789019,168088000000.0,61271000000.0,364840000000.0,198298000000.0,141988000000.0,13931000000.0,49781000000.0,69916000000.0,115856000000.0,7429763722.0,sec_company_facts,ok,0.36451739564989766,0.689258007710247,0.415948788729713,0.13644611336476264,0.16793937068303913,0.4315223821731414,0.03818386141870409,0.17531727441177503,0.38368600528443353,26.62272473825837,25.847753488733158,28.63921235033391,789019
MSFT,2024,3096294654249.1597,ok,Microsoft Corp,789019,198270000000.0,72738000000.0,411976000000.0,205753000000.0,166542000000.0,34704000000.0,47237000000.0,83383000000.0,135620000000.0,7433038381.0,sec_company_facts,ok,0.3668633681343622,0.684016744842891,0.4205527815604983,0.11465959182088277,0.17655882866963124,0.4367546925099975,0.08423791677185079,0.17956070629670173,0.1871521600757291,26.744230932172016,26.01289557509688,28.761227239688505,789019
AMZN,2017,566148820507.0718,ok,Amazon COM Inc,1018724,107006000000.0,596000000.0,64747000000.0,,10741000000.0,14557000000.0,8838000000.0,2233000000.0,,484107183.0,sec_company_facts,ok,0.0055697811337682,,0.020867988710913405,0.13650053284322053,0.009205059693885432,0.05548831579927381,0.22482894960384264,,,24.893753204406362,25.39615074460254,27.062122814346647,1018724
AMZN,2018,737772035273.5581,ok,Amazon COM Inc,1018724,135987000000.0,2371000000.0,83402000000.0,,13384000000.0,20522000000.0,24942000000.0,4186000000.0,,491202890.0,sec_company_facts,ok,0.017435490157147373,,0.030782354195621642,0.2990575765569171,0.02842857485432004,0.17715182307232516,0.24606124553368025,0.2708352802646581,2.978187919463087,25.146938126838926,25.635825129878324,27.326900718535622,1018724
AMZN,2019,919874033825.9546,ok,Amazon COM Inc,1018724,177866000000.0,3033000000.0,131310000000.0,,19285000000.0,31750000000.0,24965000000.0,4106000000.0,,497810444.0,sec_company_facts,ok,0.01705216286417865,,0.023084794170892695,0.1901226106160993,0.023098012337217273,0.157272491573762,0.24179422740080725,0.3079632611940848,0.27920708561788277,25.600826776817325,25.904296294746754,27.547502577860733,1018724
AMZN,2020,1640075083995.619,ok,Amazon COM Inc,1018724,232887000000.0,10073000000.0,162648000000.0,,27709000000.0,36092000000.0,24820000000.0,12421000000.0,,503564743.0,sec_company_facts,ok,0.04325273630559026,,0.053334879147397665,0.1525994786286951,0.06193128719689145,0.363528095564618,0.2219025134031774,0.3093396152159491,2.321134190570392,25.814854193448333,26.17381919433121,28.125763139640807,1018724
AMZN,2021,1696660221589.859,ok,Amazon COM Inc,1018724,280522000000.0,11588000000.0,225248000000.0,,43549000000.0,42122000000.0,33174000000.0,14541000000.0,,508844410.0,sec_company_facts,ok,0.04130870306072251,,0.05183550666257905,0.14727766728228442,0.051445517829237106,0.26609106982938757,0.1870027702798693,0.20454125820676983,0.1504020649260398,26.140467854372133,26.35991799020613,28.15968285914563,1018724
AMZN,2022,860769819588.0,ok,Amazon COM Inc,1018724,386064000000.0,21331000000.0,321195000000.0,,62060000000.0,36220000000.0,50553000000.0,22899000000.0,,10247259757.0,sec_company_facts,ok,0.05525249699531684,,0.05931399975133657,0.15739037033577732,0.06641137004000686,0.3437157589429584,0.11276638801973879,0.37623430604373276,0.8407835692095271,26.4953142522727,26.679268995776233,27.481092964851737,1018724
AMZN,2023,1578258738714.3577,ok,Amazon COM Inc,1018724,469822000000.0,33364000000.0,420549000000.0,,93404000000.0,53888000000.0,70542000000.0,24879000000.0,,10387381291.0,sec_company_facts,ok,0.07101412875514557,,0.052954097509269465,0.1677378854782677,0.07933439385184604,0.3572009764035802,0.12813726818991367,0.21695366571345676,0.5641085743753222,26.764826837513485,26.87561973651244,28.0873432911434,1018724
AMZN,2024,2325035836066.9395,ok,Amazon COM Inc,1018724,513983000000.0,-2722000000.0,462675000000.0,,138245000000.0,73387000000.0,67182000000.0,12248000000.0,,10597729352.0,sec_company_facts,ok,-0.005295895000418302,,0.023829581912242232,0.14520343653752635,-0.0058831793375479545,-0.01968968136279793,0.1586145782676825,0.09399517263985091,-1.0815849418534949,26.860290700710223,26.96545602792466,28.47475656821121,1018724
META,2017,444030954136.9851,ok,Facebook Inc,1326801,17928000000.0,3688000000.0,64961000000.0,5767000000.0,36096000000.0,4315000000.0,,6225000000.0,,,sec_company_facts,ok,0.20571173583221777,,0.3472222222222222,,0.05677252505349364,0.10217198581560284,0.06642447006665538,,,24.897052926770016,23.609629573445037,26.819160113473295,1326801
META,2018,329865156879.9501,ok,Facebook Inc,1326801,27638000000.0,10217000000.0,84524000000.0,10177000000.0,44218000000.0,8903000000.0,,12427000000.0,,,sec_company_facts,ok,0.36967219046240685,,0.4496345611115131,,0.12087691069991954,0.23105974942331178,0.10533103023993186,0.5416108879964301,1.7703362255965294,25.160301354651093,24.042457474327705,26.521949792385566,1326801
META,2019,516475911393.3468,ok,Facebook Inc,1326801,40653000000.0,15934000000.0,97334000000.0,13207000000.0,59194000000.0,8079000000.0,,20203000000.0,,,sec_company_facts,ok,0.39195139350109465,,0.4969620938184144,,0.16370435818932746,0.26918268743453727,0.08300285614482092,0.4709096171937188,0.5595576000783009,25.301414199838195,24.428338470955097,26.970294486264294,1326801
META,2020,687359526882.6003,ok,Facebook Inc,1326801,55838000000.0,22112000000.0,133376000000.0,32322000000.0,74347000000.0,10019000000.0,,24913000000.0,,,sec_company_facts,ok,0.39600272216053584,,0.4461656936136681,,0.1657869481765835,0.2974161701211885,0.07511846209213052,0.37352716896661997,0.3877243629973641,25.616438044197203,24.745720478140186,27.256123321075638,1326801
META,2021,846366167429.501,ok,Facebook Inc,1326801,70697000000.0,18485000000.0,159316000000.0,31026000000.0,84127000000.0,19079000000.0,,23986000000.0,,,sec_company_facts,ok,0.2614679547929898,,0.3392788944368219,,0.11602726656456351,0.2197273170325817,0.11975570564161792,0.26610910132884413,-0.16402858176555712,25.794155488241188,24.981668976133932,27.46421792493289,1326801
META,2022,302814638114.144,ok,Facebook Inc,1326801,85965000000.0,29146000000.0,165987000000.0,41108000000.0,101054000000.0,17576000000.0,0.0,32671000000.0,,,sec_company_facts,ok,0.3390449601582039,,0.3800500203571221,0.0,0.17559206443878134,0.28842005264512044,0.10588781049118304,0.21596390228722573,0.5767378955910198,25.8351753089833,25.177206073618223,26.436386699858232,1326801
META,2023,890678727707.8423,ok,Facebook Inc,1326801,117929000000.0,39370000000.0,185727000000.0,60014000000.0,128290000000.0,16601000000.0,9923000000.0,46753000000.0,,,sec_company_facts,ok,0.3338449405998525,,0.39645040660058173,0.053427880706628544,0.21197779536631722,0.3068828435575649,0.08938388064201759,0.3718257430349561,0.3507856995814176,25.947543690535802,25.49334858540579,27.5152496244313,1326801
META,2024,1477769991816.7222,ok,Facebook Inc,1326801,116609000000.0,23200000000.0,229623000000.0,76455000000.0,124879000000.0,14681000000.0,18385000000.0,28944000000.0,,,sec_company_facts,ok,0.19895548371051977,,0.24821411726367604,0.0800660212609364,0.10103517504779573,0.185779834880164,0.06393523296882281,-0.011193175554782941,-0.4107188214376428,26.15970467059075,25.482092294848023,28.021555305110706,1326801
NVDA,2017,112501112855.64285,ok,Nvidia Corp,1045810,4682000000.0,631000000.0,7370000000.0,2814000000.0,4455000000.0,1152000000.0,0.0,759000000.0,2599000000.0,588632086.0,sec_company_facts,ok,0.13477146518581803,0.555104656129859,0.16211020931225972,0.0,0.08561736770691994,0.14163860830527497,0.15630936227951153,,,22.720683543147658,22.26699120601513,25.44622895059212,1045810
NVDA,2018,79949855615.40546,ok,Nvidia Corp,1045810,5010000000.0,614000000.0,9841000000.0,4048000000.0,4418000000.0,497000000.0,1983000000.0,747000000.0,2811000000.0,604636210.0,sec_company_facts,ok,0.12255489021956088,0.5610778443113772,0.14910179640718563,0.20150391220404432,0.062392033329946146,0.13897691263014939,0.050502997662839146,0.07005553182400681,-0.02694136291600635,23.00982316886326,22.334701752043184,25.1046654702886,1045810
NVDA,2019,141784741172.79053,ok,Nvidia Corp,1045810,6910000000.0,1666000000.0,11241000000.0,3770000000.0,4469000000.0,596000000.0,1985000000.0,1934000000.0,4063000000.0,606000000.0,sec_company_facts,ok,0.2410998552821997,0.5879884225759768,0.27988422575976846,0.17658571301485632,0.1482074548527711,0.3727903334079212,0.05302019393292412,0.3792415169660679,1.7133550488599347,23.14283364542607,22.65623547472599,25.67757583716394,1045810
NVDA,2020,318207922668.45703,ok,Nvidia Corp,1045810,9714000000.0,3047000000.0,13292000000.0,3950000000.0,5762000000.0,782000000.0,1988000000.0,3210000000.0,5822000000.0,612000000.0,sec_company_facts,ok,0.3136709903232448,0.5993411570928556,0.3304508956145769,0.14956364730665062,0.22923563045440867,0.5288094411662617,0.058832380379175445,0.4057887120115775,0.8289315726290516,23.31042818743876,22.996833980869965,26.485970850932524,1045810
NVDA,2021,181751678848.2666,ok,Nvidia Corp,1045810,11716000000.0,4141000000.0,17315000000.0,5111000000.0,7471000000.0,10896000000.0,1991000000.0,3804000000.0,7171000000.0,620000000.0,sec_company_facts,ok,0.35344827586206895,0.6120689655172413,0.3246841925571868,0.11498700548657234,0.23915680046202714,0.554276535938964,0.6292809702570026,0.20609429689108505,0.3590416803413192,23.574839014800798,23.184221265911898,25.925907190446768,1045810
NVDA,2022,365998116874.6948,ok,Nvidia Corp,1045810,10918000000.0,2796000000.0,28791000000.0,11898000000.0,9342000000.0,847000000.0,6963000000.0,2846000000.0,6768000000.0,2510000000.0,sec_company_facts,ok,0.2560908591317091,0.619893753434695,0.2606704524638212,0.2418464103365635,0.09711368135875795,0.29929351316634556,0.029418915633357648,-0.06811198361215431,-0.3248007727602028,24.083328675250012,23.113678640305977,26.625894025183435,1045810
NVDA,2023,1220915636825.5615,ok,Nvidia Corp,1045810,16675000000.0,4332000000.0,44187000000.0,17575000000.0,12204000000.0,1990000000.0,10946000000.0,4532000000.0,10396000000.0,2470000000.0,sec_company_facts,ok,0.25979010494752625,0.623448275862069,0.271784107946027,0.24771991762283024,0.09803788444565144,0.35496558505408066,0.04503587027858873,0.5272943762593882,0.5493562231759657,24.511696465121926,23.537176428748097,27.830622215161092,1045810
NVDA,2024,335201263427.7344,ok,Nvidia Corp,1045810,26914000000.0,9752000000.0,41182000000.0,19081000000.0,16893000000.0,3389000000.0,10953000000.0,10041000000.0,17475000000.0,2500000000.0,sec_company_facts,ok,0.3623393029649996,0.6492903321691313,0.3730772088875678,0.26596571317565926,0.23680248652323832,0.577280530397206,0.08229323490845515,0.6140329835082459,1.2511542012927053,24.441267104632367,24.01591243426576,26.537996974723054,1045810
ORCL,2017,172419542314.06403,ok,Oracle Corp,1341439,38226000000.0,9938000000.0,112180000000.0,,47289000000.0,17769000000.0,,13871000000.0,23709000000.0,4136682000.0,sec_company_facts,ok,0.25998011824412703,0.6202323026212525,0.36286820488672633,,0.08858976644678196,0.2101545814037091,0.1583972187555714,,,25.4433705610266,24.366781749308817,25.8731965432418,1341439
ORCL,2018,161009475151.3481,ok,Oracle Corp,1341439,37047000000.0,8901000000.0,134991000000.0,,53860000000.0,21716000000.0,,12604000000.0,22410000000.0,3981155000.0,sec_company_facts,ok,0.24026236942262533,0.6049072799416957,0.34021648176640484,,0.06593772918194546,0.16526178982547346,0.16086998392485424,-0.03084288180819339,-0.10434695109680014,25.628473946495852,24.335453213750206,25.804729052070897,1341439
ORCL,2019,161006305131.9275,ok,Oracle Corp,1341439,37792000000.0,9452000000.0,137851000000.0,,46372000000.0,21620000000.0,,12913000000.0,,3335819000.0,sec_company_facts,ok,0.25010584250635054,,0.3416860711261643,,0.06856678587750542,0.20382989735185025,0.15683600409137402,0.020109590520150045,0.061903156948657445,25.649439228651783,24.355363276961363,25.80470936347416,1341439
ORCL,2020,184031274741.0736,ok,Oracle Corp,1341439,39383000000.0,3587000000.0,108709000000.0,,21785000000.0,20514000000.0,,13264000000.0,,3068682000.0,sec_company_facts,ok,0.09107990757433411,,0.33679506386004116,,0.03299634804845965,0.16465457883865045,0.18870562694901066,0.042098856900931514,-0.6205035971223021,25.41194042433425,24.396600088058218,25.93837155153077,1341439
ORCL,2021,229205536987.3047,ok,Oracle Corp,1341439,39506000000.0,11083000000.0,115438000000.0,,12074000000.0,37239000000.0,,13535000000.0,,2792000000.0,sec_company_facts,ok,0.28053966486103377,,0.3426061864020655,,0.09600824685112355,0.9179228093423886,0.3225887489388243,0.0031231749739735193,2.089768608865347,25.471999426244622,24.39971839605222,26.157884979380473,1341439
ORCL,2022,208609468765.41138,ok,Oracle Corp,1341439,39068000000.0,10135000000.0,131107000000.0,,5238000000.0,30098000000.0,0.0,13896000000.0,,2664926000.0,sec_company_facts,ok,0.25941947373809765,,0.355687519197297,0.0,0.07730327137376342,1.9348988163421152,0.22956821527454674,-0.01108692350529028,-0.08553640710998822,25.59927962064609,24.388569554531642,26.06372977045515,1341439
ORCL,2023,278213224860.37445,ok,Oracle Corp,1341439,40479000000.0,13746000000.0,109297000000.0,,-6220000000.0,21383000000.0,,15213000000.0,,2714259000.0,sec_company_facts,ok,0.3395834877343808,,0.3758245015934188,,0.12576740441183198,-2.209967845659164,0.19564123443461395,0.03611651479471689,0.35629008386778493,25.41733478435972,24.42404915806317,26.351653652546638,1341439
ORCL,2024,451936566267.7002,ok,Oracle Corp,1341439,42440000000.0,6717000000.0,134384000000.0,,1073000000.0,9765000000.0,,10926000000.0,,2755860000.0,sec_company_facts,ok,0.15827049952874647,,0.2574458058435438,,0.049983629003452795,6.260018639328984,0.07266490058340279,0.04844487265001596,-0.511348756001746,25.62396721032968,24.471357150692192,26.83680766681434,1341439
NFLX,2017,83300742865.5043,ok,Netflix Inc,1065280,6779511000.0,122641000.0,13586610000.0,10906810000.0,1857708000.0,1113608000.0,3364311000.0,305826000.0,588196000.0,433948461.0,sec_company_facts,ok,0.01808994778531962,0.08676082980026141,0.04511033317889741,0.24761960489040313,0.009026607814605703,0.06601737194435293,0.08196363920065418,,,23.332350585868486,22.637170812403856,25.145723304032675,1065280
NFLX,2018,116859983737.38329,ok,Netflix Inc,1065280,1957736000.0,186678000.0,19012742000.0,15430786000.0,2223426000.0,2822795000.0,9048828000.0,49453000.0,895904000.0,436598597.0,sec_company_facts,ok,0.09535402117548025,0.4576224782095237,0.025260300673839577,0.47593492827073547,0.009818573249455549,0.08395961907434743,0.14846859016968725,-0.7112275501876169,0.5221500150846781,23.66837522291893,21.395054540503477,25.48424233490945,1065280
NFLX,2019,141984660587.35873,ok,Netflix Inc,1065280,11692713000.0,558929000.0,25974400000.0,20735635000.0,2679800000.0,3794483000.0,14873195000.0,838679000.0,1400277000.0,438806649.0,sec_company_facts,ok,0.04780148114470953,0.11975638160279825,0.07172663863382261,0.5726097619194284,0.021518456634224466,0.20857116202701695,0.1460854918689171,4.972568824397161,1.9940807165279253,23.98037727453113,23.182231664204036,25.678984864679972,1065280
NFLX,2020,239486762725.34534,ok,Netflix Inc,1065280,15794341000.0,1211242000.0,33975712000.0,26393555000.0,3581956000.0,5018437000.0,20723441000.0,1605226000.0,1650378000.0,442895261.0,sec_company_facts,ok,0.07668835312597087,0.10449172903130305,0.10163298361102878,0.6099486892283523,0.03565023155364632,0.3381509990630817,0.1477066028814937,0.35078497180252355,1.167076677001909,24.248911753349756,23.482917548266126,26.201763981812064,1065280
NFLX,2021,267461131877.8046,ok,Netflix Inc,1065280,20156447000.0,1866916000.0,39280359000.0,28215119000.0,5238765000.0,8205550000.0,15809095000.0,2604254000.0,,443963107.0,sec_company_facts,ok,0.09262128389988573,,0.12920203645017397,0.4024681902729046,0.04752797702281693,0.35636567015317544,0.20889702153689582,0.27618157667990073,0.5413236991451749,24.393990459902113,23.726790024538108,26.312240091333816,1065280
NFLX,2022,131323861180.28793,ok,Netflix Inc,1065280,24996056000.0,2761395000.0,44584663000.0,28735415000.0,7582157000.0,6027804000.0,14693072000.0,4585289000.0,,445346776.0,sec_company_facts,ok,0.11047322825648974,,0.18344049957321268,0.32955440304662614,0.06193598457837396,0.36419649448039654,0.1351990481569862,0.24010228588401517,0.4791211816707339,24.52065575790875,23.941983889369194,25.600932331982516,1065280
NFLX,2023,210701985069.3103,ok,Netflix Inc,1065280,29697844000.0,5116228000.0,48594768000.0,27817367000.0,11065240000.0,5147176000.0,14353076000.0,6194509000.0,,432759584.0,sec_company_facts,ok,0.17227607499049427,,0.20858446828665408,0.29536257895088625,0.10528351529530916,0.46236936568931175,0.10592037397935514,0.1881011948444986,0.8527693430313301,24.60678170773673,24.114340287527504,26.07371057901882,1065280
NFLX,2024,381268474559.0973,ok,Netflix Inc,1065280,31615550000.0,4491924000.0,48731992000.0,28143679000.0,15849248000.0,7116913000.0,14143417000.0,5632831000.0,,427757100.0,sec_company_facts,ok,0.14207957792921522,,0.17816647187855345,0.29022858330929713,0.09217608014053684,0.28341559170504493,0.14604190610554152,0.0645739131769969,-0.12202427256955706,24.60960157127538,24.176914925110978,26.666769621553915,1065280
TSLA,2017,52593222406.03097,ok,Tesla Motors Inc,1318605,4046025000.0,-888663000.0,22664076000.0,16750167000.0,4752911000.0,1905713000.0,5892016000.0,-716629000.0,923503000.0,168919941.0,sec_company_facts,ok,-0.21963853411681836,0.22824945471172323,-0.17711927138364197,0.25997159557707095,-0.03921020208368521,-0.1869723628319571,0.08408518397132096,,,23.84404695280469,22.12100075461504,24.685853096791625,1318605
TSLA,2018,57481710412.38387,ok,Tesla Motors Inc,1318605,21461268000.0,-674914000.0,28655372000.0,23022980000.0,4237242000.0,1196908000.0,8828985000.0,-667340000.0,1599257000.0,172721487.0,sec_company_facts,ok,-0.03144800204722293,0.07451829034519303,-0.031095087205471737,0.3081092438792977,-0.0235527914277295,-0.15928143825629973,0.041769061661457406,4.304284575601979,-0.24052874936843327,24.078606766893415,23.789515659076294,24.774732654366982,1318605
TSLA,2019,75860624274.01823,ok,Tesla Motors Inc,1318605,11759000000.0,-1962000000.0,29740000000.0,23427000000.0,4923000000.0,3393000000.0,8411000000.0,-1632000000.0,2223000000.0,181341586.0,sec_company_facts,ok,-0.16685092269750829,0.1890466876435071,-0.13878731184624543,0.282817753866846,-0.06597175521183592,-0.39853747714808047,0.11408876933423,-0.45208270079848034,1.9070370447197718,24.11575877797842,23.18788474178769,25.052163602464343,1318605
TSLA,2020,677339805763.9336,ok,Tesla Motors Inc,1318605,21461000000.0,-976000000.0,34309000000.0,26199000000.0,6618000000.0,3686000000.0,10402000000.0,-388000000.0,4042000000.0,959853504.0,sec_company_facts,ok,-0.045477843530124414,0.18834164298028983,-0.01807930664927077,0.3031857530094144,-0.028447346177387856,-0.14747657902689634,0.10743536681337258,0.8250701590271281,-0.5025484199796126,24.25867354737045,23.789503171385757,27.241438912684856,1318605
TSLA,2021,1092190203431.1233,ok,Tesla Motors Inc,1318605,24578000000.0,-862000000.0,52148000000.0,28418000000.0,22225000000.0,6268000000.0,8462000000.0,-69000000.0,4069000000.0,1033507611.0,sec_company_facts,ok,-0.03507201562372854,0.1655545609895028,-0.002807388721620962,0.16226892690036052,-0.01652987650533098,-0.038785151856017996,0.12019636419421646,0.14524020315921904,-0.11680327868852458,24.677351666746944,23.925117570808816,27.719206157050095,1318605
TSLA,2022,389754171674.78754,ok,Tesla Motors Inc,1318605,31536000000.0,721000000.0,62131000000.0,30548000000.0,30189000000.0,19384000000.0,4254000000.0,1994000000.0,6630000000.0,3164102701.0,sec_company_facts,ok,0.022862760020294266,0.2102359208523592,0.06322932521562659,0.06846823646810771,0.011604513045017785,0.023882871244493026,0.3119859651381758,0.28309870615998056,-1.8364269141531322,24.852510896176568,24.174395587356777,26.68878204829023,1318605
TSLA,2023,791356708712.3074,ok,Tesla Motors Inc,1318605,53823000000.0,5519000000.0,82338000000.0,36440000000.0,44704000000.0,17576000000.0,1029000000.0,6523000000.0,13606000000.0,3184790415.0,sec_company_facts,ok,0.10253980640246735,0.25279155751258753,0.12119354179440016,0.012497267361364132,0.06702858947266147,0.12345651395848246,0.21346158517331001,0.7067161339421613,6.654646324549237,25.13409856346196,24.70896672205177,27.397014662243706,1318605
TSLA,2024,1298958228442.8428,ok,Tesla Motors Inc,1318605,81462000000.0,12556000000.0,106618000000.0,43009000000.0,62634000000.0,16253000000.0,2682000000.0,13656000000.0,20853000000.0,3216517037.0,sec_company_facts,ok,0.15413321548697553,0.25598438535759005,0.16763644398615304,0.025155227072351762,0.11776623084282203,0.20046620046620048,0.15244142640079536,0.5135165263920629,1.2750498278673672,25.392518189958373,25.12340249079261,27.892583696397004,1318605
ADBE,2017,86144224122.28151,ok,Adobe Systems Inc,796343,4795511000.0,629551000.0,12697246000.0,5272411000.0,6775905000.0,1117400000.0,1892200000.0,903095000.0,4051194000.0,491578529.0,sec_company_facts,ok,0.13127923176487344,0.844788803528967,0.18832091095192985,0.14902444199316922,0.04958169669233785,0.09291024593762752,0.08800333552645984,,,23.26465095650181,22.29094610894677,25.179288753241913,796343
ADBE,2018,110343113688.75847,ok,Adobe Systems Inc,796343,5854430000.0,1168782000.0,14535556000.0,6075687000.0,7001580000.0,876560000.0,1881421000.0,1493602000.0,5034522000.0,487725915.0,sec_company_facts,ok,0.19964061403074254,0.8599508406454599,0.2551233851971926,0.1294357780328458,0.08040848248254143,0.16693117839116314,0.06030453874623028,0.22081463268460855,0.8565326716977655,23.39986362271962,22.490464476567002,25.426860563431504,796343
ADBE,2019,159011615687.67242,ok,Adobe Systems Inc,796343,7301505000.0,1693954000.0,18768682000.0,9406568000.0,7424835000.0,1011315000.0,4124800000.0,2168095000.0,6291014000.0,482130975.0,sec_company_facts,ok,0.232000662877037,0.8616051074401784,0.2969380970087674,0.21977036000716513,0.09025428636917605,0.22814702279579277,0.0538831123037835,0.2471760700870964,0.44933272415215164,23.65545546664573,22.71134632823536,25.79224309113773,796343
ADBE,2020,239407441662.59766,ok,Adobe Systems Inc,796343,9030000000.0,2591000000.0,20762000000.0,10232000000.0,8459000000.0,2306000000.0,989000000.0,2840000000.0,7835000000.0,478700000.0,sec_company_facts,ok,0.2869324473975637,0.8676633444075305,0.31450719822812845,0.047635102591272516,0.12479529910413255,0.30630098120345195,0.11106829785184472,0.23673133141729008,0.529557473225365,23.756390229717464,22.923818204375305,26.201432714226254,796343
ADBE,2021,267482200848.38867,ok,Adobe Systems Inc,796343,11171000000.0,2951000000.0,24284000000.0,11020000000.0,9362000000.0,1643000000.0,4117000000.0,3268000000.0,9498000000.0,471700000.0,sec_company_facts,ok,0.2641661444812461,0.8502372213767792,0.29254319219407393,0.16953549662329107,0.1215203426124197,0.315210425122837,0.06765771701531872,0.23709856035437427,0.13894249324585095,23.9130835342146,23.136586971535124,26.312318862184135,796343
ADBE,2022,154063433441.1621,ok,Adobe Systems Inc,796343,12868000000.0,5260000000.0,27241000000.0,12444000000.0,10530000000.0,3844000000.0,4123000000.0,4237000000.0,11146000000.0,457800000.0,sec_company_facts,ok,0.4087659309916071,0.8661796705004663,0.32926639726453216,0.15135274035461252,0.19309129620792187,0.49952516619183285,0.14111082559377408,0.151911198639334,0.7824466282616063,24.02798902827343,23.278009446323193,25.760630260012366,796343
ADBE,2023,269663188964.84375,ok,Adobe Systems Inc,796343,15785000000.0,4822000000.0,27165000000.0,13114000000.0,13264000000.0,4236000000.0,3629000000.0,5802000000.0,13920000000.0,452000000.0,sec_company_facts,ok,0.3054798859676908,0.8818498574596135,0.3675641431738993,0.13359101785385608,0.17750782256580158,0.36354041013269,0.15593594699061292,0.22668635374572577,-0.08326996197718628,24.025195216949896,23.482325958956366,26.320439568955155,796343
ADBE,2024,193569200811.76758,ok,Adobe Systems Inc,796343,17606000000.0,4756000000.0,29779000000.0,13261000000.0,14797000000.0,7141000000.0,3634000000.0,6098000000.0,15441000000.0,435300000.0,sec_company_facts,ok,0.27013518118823127,0.8770305577643985,0.34635919572872886,0.12203230464421236,0.15970986265489104,0.32141650334527266,0.2397998589610128,0.11536268609439349,-0.013687266694317746,24.117069284054853,23.591505589985125,25.988900912417176,796343
QCOM,2017,75877752599.21434,ok,Qualcomm Inc/De,804328,25281000000.0,5271000000.0,50796000000.0,20591000000.0,31778000000.0,7907000000.0,10008000000.0,5776000000.0,,1474164639.0,sec_company_facts,ok,0.20849649934733594,,0.2284719750009889,0.19702338766832034,0.10376801322938814,0.1658694694442696,0.15566186313882982,,,24.651083448273198,23.953318962404737,25.05238936374665,804328
QCOM,2018,57038056532.32104,ok,Qualcomm Inc/De,804328,23554000000.0,5705000000.0,52359000000.0,34740000000.0,65486000000.0,7560000000.0,19398000000.0,6495000000.0,,1212162586.0,sec_company_facts,ok,0.2422093911862104,,0.27574934193767514,0.3704807196470521,0.10895930021581772,0.0871178572519317,0.14438778433507132,-0.06831217119575961,0.08233731739707828,24.68138967925722,23.882561494365767,24.76698454045798,804328
QCOM,2019,86643280895.7039,ok,Qualcomm Inc/De,804328,22258000000.0,2445000000.0,65498000000.0,31911000000.0,30725000000.0,35029000000.0,15365000000.0,2581000000.0,,1141844863.0,sec_company_facts,ok,0.10984814448737533,,0.1159583071255279,0.23458731564322574,0.0373293841033314,0.07957689178193654,0.5348102232129225,-0.05502250148594723,-0.5714285714285714,24.90528544477029,23.825967331497644,25.185065307062793,804328
QCOM,2020,152493750274.6582,ok,Qualcomm Inc/De,804328,22611000000.0,-4964000000.0,32718000000.0,28048000000.0,32957000000.0,11839000000.0,13437000000.0,621000000.0,,1131000000.0,sec_company_facts,ok,-0.21953916235460616,,0.027464508425102827,0.41069136255272326,-0.15172076532795403,-0.150620505507176,0.36184974631701206,0.015859466259322552,-3.0302658486707568,24.21119122211839,23.841702350475853,25.75038945034858,804328
QCOM,2021,184713798828.125,ok,Qualcomm Inc/De,804328,24273000000.0,4386000000.0,35594000000.0,29517000000.0,35594000000.0,6707000000.0,15226000000.0,7667000000.0,,1120000000.0,sec_company_facts,ok,0.18069459893709058,,0.3158653648086351,0.42776872506602237,0.123223015114907,0.123223015114907,0.18843063437658034,0.0735040467029322,-1.8835616438356164,24.295442921274205,23.912630458440223,25.942073430771526,804328
QCOM,2022,113977045532.22656,ok,Qualcomm Inc/De,804328,23531000000.0,5198000000.0,41240000000.0,31290000000.0,41240000000.0,7116000000.0,13701000000.0,6255000000.0,,1121000000.0,sec_company_facts,ok,0.22090008924397603,,0.26581955717989036,0.3322259941804074,0.12604267701260913,0.12604267701260913,0.17255092143549952,-0.03056894491822193,0.1851345189238487,24.44267449609517,23.881584537720155,25.4592629100858,804328
QCOM,2023,152854304031.37207,ok,Qualcomm Inc/De,804328,33566000000.0,9043000000.0,49014000000.0,31001000000.0,49014000000.0,2773000000.0,13537000000.0,9789000000.0,,1113000000.0,sec_company_facts,ok,0.2694095215396532,,0.2916343919442293,0.27618639572367076,0.18449830660627575,0.18449830660627575,0.05657567225690619,0.4264587140368026,0.7397075798383994,24.6153718085342,24.236779486832397,25.752751043417213,804328
QCOM,2024,164399672348.02246,ok,Qualcomm Inc/De,804328,44200000000.0,12936000000.0,51040000000.0,29459000000.0,51040000000.0,8450000000.0,14484000000.0,15860000000.0,,1111000000.0,sec_company_facts,ok,0.29266968325791853,,0.3588235294117647,0.2837774294670846,0.253448275862069,0.253448275862069,0.1655564263322884,0.31680867544539115,0.4304987282981312,24.655875475982945,24.511990626030062,25.82556632654961,804328
TXN,2017,81153537128.44467,ok,Texas Instruments Inc,97476,13000000000.0,2986000000.0,16431000000.0,5958000000.0,10473000000.0,1199000000.0,3609000000.0,4322000000.0,7575000000.0,983787502.0,sec_company_facts,ok,0.2296923076923077,0.5826923076923077,0.3324615384615385,0.21964579149169253,0.18172965735499969,0.28511410293134726,0.07297182155681334,,,23.522435631416105,23.288215194407947,25.11960871749185,97476
TXN,2018,71866095266.56647,ok,Texas Instruments Inc,97476,13370000000.0,3595000000.0,17642000000.0,7305000000.0,10337000000.0,1000000000.0,4077000000.0,4855000000.0,8257000000.0,938484603.0,sec_company_facts,ok,0.268885564697083,0.6175766641735229,0.3631264023934181,0.23109624759097608,0.20377508219022786,0.34777982006384833,0.056682915769187166,0.028461538461538538,0.20395177494976546,23.593548259782985,23.316279228060264,24.99807043644526,97476
TXN,2019,99816884240.51047,ok,Texas Instruments Inc,97476,14961000000.0,3682000000.0,17137000000.0,8143000000.0,8994000000.0,2438000000.0,5068000000.0,6083000000.0,9614000000.0,933975619.0,sec_company_facts,ok,0.24610654368023527,0.642604104003743,0.4065904685515674,0.2957343759117699,0.21485674272042948,0.4093840338003113,0.14226527396860594,0.1189977561705311,0.02420027816411685,23.564505705625123,23.428712652178508,25.326603186721016,97476
TXN,2020,129526727231.63315,ok,Texas Instruments Inc,97476,15784000000.0,5580000000.0,18018000000.0,9111000000.0,8907000000.0,2437000000.0,5803000000.0,6713000000.0,10277000000.0,920239191.0,sec_company_facts,ok,0.353522554485555,0.6511023821591485,0.4253041054232134,0.3220668220668221,0.3096903096903097,0.626473560121253,0.13525363525363526,0.05500969186551696,0.5154807170016296,23.61463709517566,23.482262605666726,25.58715308468001,97476
TXN,2021,152781157680.14597,ok,Texas Instruments Inc,97476,14383000000.0,5017000000.0,19351000000.0,10164000000.0,9187000000.0,3107000000.0,6798000000.0,5723000000.0,9164000000.0,923547062.0,sec_company_facts,ok,0.3488145727595078,0.6371410693179448,0.39790029896405477,0.3512996744354297,0.2592630871789572,0.5460977468161533,0.16056017776859077,-0.08876077040040542,-0.10089605734767026,23.68600993467342,23.389312790568162,25.75227239246347,97476
TXN,2022,135134910934.30199,ok,Texas Instruments Inc,97476,14461000000.0,5595000000.0,24676000000.0,11343000000.0,13333000000.0,4631000000.0,7741000000.0,5894000000.0,9269000000.0,906205795.0,sec_company_facts,ok,0.38690270382407854,0.6409653550930088,0.4075790056012724,0.313705624898687,0.22673853136650998,0.4196354908872722,0.18767223212838385,0.005423068900785699,0.11520829180785319,23.929096948293804,23.394721207579067,25.629539456630884,97476
TXN,2023,144284720694.6582,ok,Texas Instruments Inc,97476,18344000000.0,7769000000.0,27207000000.0,12630000000.0,14577000000.0,3050000000.0,8735000000.0,8960000000.0,12376000000.0,909287673.0,sec_company_facts,ok,0.42351722634103794,0.6746620148277366,0.48844308765808986,0.3210570808982982,0.28555151247840627,0.532962886739384,0.11210350277502114,0.2685153170596777,0.38856121537086685,24.02674013007995,23.632568382502015,25.695054411428046,97476
TXN,2024,163426298691.61075,ok,Texas Instruments Inc,97476,20028000000.0,8749000000.0,32348000000.0,15451000000.0,16897000000.0,2964000000.0,11223000000.0,10140000000.0,13771000000.0,910332971.0,sec_company_facts,ok,0.43683842620331537,0.6875873776712602,0.5062911923307369,0.3469457153456164,0.27046494373686164,0.5177842220512517,0.09162853963150736,0.09180113388573918,0.12614236066417805,24.199818032179987,23.72039713141411,25.819627953126865,97476
CRM,2017,71097704467.77344,ok,Salesforce COM Inc,1108524,1511167000.0,-262688000.0,12762920000.0,7760051000.0,3038510000.0,781635000.0,,-145633000.0,4084316000.0,707500000.0,sec_company_facts,ok,-0.17383121786010414,2.7027562142370765,-0.09637121509402997,,-0.020582123839998998,-0.08645289961198087,0.06124264666706365,,,23.269809928808538,21.136148036962375,24.987320887267785,1108524
CRM,2018,98489628349.3042,ok,Salesforce COM Inc,1108524,,-47426000.0,17584923000.0,10084796000.0,3975183000.0,908117000.0,1726821000.0,114923000.0,5012668000.0,731500000.0,sec_company_facts,missing_revenue,,,,0.09819895145403822,-0.0026969694436535206,-0.011930519928264938,0.05164179564505344,,-0.8194588256791326,23.590307724130895,,25.313217083634296,1108524
CRM,2019,123262942657.4707,ok,Salesforce COM Inc,1108524,8437000000.0,323000000.0,21984000000.0,11608000000.0,5003000000.0,1158000000.0,3198000000.0,218000000.0,6203000000.0,771000000.0,sec_company_facts,ok,0.03828375014815693,0.7352139386037692,0.02583856821144957,0.14546943231441048,0.01469250363901019,0.06456126324205477,0.05267467248908297,,-7.810610213806773,23.81358075298635,22.8558926321299,25.537585655775537,1108524
CRM,2020,201464688583.37402,ok,Salesforce COM Inc,1108524,13282000000.0,1110000000.0,55126000000.0,21241000000.0,10376000000.0,4145000000.0,2690000000.0,535000000.0,9831000000.0,921000000.0,sec_company_facts,ok,0.08357175124228279,0.740174672489083,0.040280078301460624,0.04879730072923847,0.020135689148496172,0.10697764070932922,0.07519137974821319,0.574256252222354,2.4365325077399382,24.73288731113845,23.309675572064933,26.02887996021393,1108524
CRM,2021,230073335403.44238,ok,Salesforce COM Inc,1108524,13282000000.0,1110000000.0,55126000000.0,21241000000.0,10376000000.0,4145000000.0,2690000000.0,535000000.0,9831000000.0,921000000.0,sec_company_facts,ok,0.08357175124228279,0.740174672489083,0.040280078301460624,0.04879730072923847,0.020135689148496172,0.10697764070932922,0.07519137974821319,0.0,0.0,24.73288731113845,23.309675572064933,26.161663944628067,1108524
CRM,2022,129031792602.53906,ok,Salesforce COM Inc,1108524,17098000000.0,126000000.0,66301000000.0,24808000000.0,15605000000.0,6195000000.0,2677000000.0,297000000.0,12863000000.0,990000000.0,sec_company_facts,ok,0.007369282957071003,0.752310211720669,0.017370452684524505,0.04037646491003152,0.0019004238246783608,0.008074335148990709,0.09343750471335274,0.2873061285950911,-0.8864864864864865,24.917470816980742,23.562227334550453,25.583324665226463,1108524
CRM,2023,258664978027.34375,ok,Salesforce COM Inc,1108524,21252000000.0,4072000000.0,95209000000.0,37078000000.0,33885000000.0,5464000000.0,10596000000.0,455000000.0,15814000000.0,1000000000.0,sec_company_facts,ok,0.19160549595332205,0.7441182006399397,0.021409749670619236,0.11129199970591015,0.04276906594964762,0.12017116718311938,0.057389532502179416,0.2429523920926424,31.317460317460316,25.27934031209044,23.77971684553511,26.278799540195408,1108524
CRM,2024,320200143737.79297,ok,Salesforce COM Inc,1108524,26492000000.0,1444000000.0,98849000000.0,40490000000.0,41493000000.0,7016000000.0,10601000000.0,548000000.0,19466000000.0,970000000.0,sec_company_facts,ok,0.054507020987467916,0.7347878604861845,0.020685489959232976,0.10724438284656396,0.014608139687806655,0.03480105077964958,0.07097694463272264,0.24656502917372491,-0.6453831041257367,25.316859270173982,24.000108637569145,26.492212086408966,1108524
GRMN,2017,9568716842.322441,ok,Garmin LTD,1121788,2820270000.0,456227000.0,4525133000.0,,3403367000.0,1196268000.0,,549581000.0,1538704000.0,198077418.0,sec_company_facts,ok,0.16176713577068863,0.5455874792129831,0.19486822183691632,,0.10082068306058628,0.13405166119316547,0.26436084862036097,,,22.23291280593155,21.760098461994055,22.981764952159555,1121788
GRMN,2018,10514014692.19368,ok,Garmin LTD,1121788,3045797000.0,517724000.0,4948289000.0,,3373734000.0,891488000.0,,632864000.0,1688525000.0,198077418.0,sec_company_facts,ok,0.16997981152388028,0.5543787061317612,0.20778272485001462,,0.10462687203597042,0.15345726722972233,0.18016085964259565,0.07996645711226225,0.1347947403375951,22.322307697208352,21.83702844441848,23.075974936736042,1121788
GRMN,2019,16040405679.874825,ok,Garmin LTD,1121788,3121560000.0,709007000.0,5382858000.0,,3453259000.0,1201732000.0,,683637000.0,1797941000.0,190687357.0,sec_company_facts,ok,0.22713226719973348,0.5759751534489166,0.21900492061661478,,0.1317157168180918,0.2053153267681341,0.22325166296417256,0.024874605891331614,0.36946906073506347,22.406485296834916,21.861598713809453,23.49837673082772,1121788
GRMN,2020,20296160701.59044,ok,Garmin LTD,1121788,3347444000.0,694080000.0,6166799000.0,,3852419000.0,1027567000.0,,778343000.0,1979719000.0,191571374.0,sec_company_facts,ok,0.20734626180452906,0.5914121341537005,0.23251860225294285,,0.11255109822778397,0.1801673182486121,0.1666289107201321,0.07236253668037773,-0.02105338875356666,22.542445739591788,21.931462906487507,23.733697577106724,1121788
GRMN,2021,23676795638.882446,ok,Garmin LTD,1121788,3757505000.0,952486000.0,7031373000.0,,4162974000.0,1458442000.0,,945586000.0,2233976000.0,192787080.0,sec_company_facts,ok,0.2534889507798393,0.5945370664842762,0.251652625878076,,0.1354623058682849,0.2287994111901732,0.20741923376842616,0.12249973412549986,0.37230002305209764,22.673647829531433,22.047021010262508,23.88776131850178,1121788
GRMN,2022,16362840203.727036,ok,Garmin LTD,1121788,4186573000.0,992324000.0,7854427000.0,,4793496000.0,1498058000.0,,1054240000.0,2481336000.0,191359482.0,sec_company_facts,ok,0.23702536657070114,0.5926890561803174,0.2518145509465618,,0.12633945162390586,0.20701467154661232,0.19072785322213828,0.11418960187677718,0.041825286670880146,22.784343158825813,22.15514833645662,23.518278759637916,1121788
GRMN,2023,23511343331.08721,ok,Garmin LTD,1121788,4982795000.0,1082200000.0,7731170000.0,,5516116000.0,1279194000.0,,1218620000.0,2890459000.0,191777417.0,sec_company_facts,ok,0.21718734164259215,0.58008788240335,0.24456555005774872,,0.13997881303864745,0.196188767603872,0.16545930305503564,0.1901846689404436,0.09057122472095802,22.76852604643634,22.329256815523834,23.88074883657668,1121788
GRMN,2024,38596753314.728165,ok,Garmin LTD,1121788,4860286000.0,973585000.0,8603569000.0,,6114159000.0,1693452000.0,,1027845000.0,2806775000.0,192403775.0,sec_company_facts,ok,0.20031434364150588,0.5774917360830206,0.2114782957216921,,0.11316059649199071,0.15923449161201075,0.19683133825044002,-0.02458640180862348,-0.10036499722786918,22.87544295411719,22.30436312086398,24.37643399886226,1121788
LOGI,2017,4865530302.162113,ok,Logitech International SA,1032975,2004908000.0,9283000.0,1324147000.0,564199000.0,804128000.0,519195000.0,,154184000.0,705457000.0,163570990.0,sec_company_facts,ok,0.004630137642225978,0.35186502323298624,0.07690327935246905,,0.007010550943362028,0.011544182020772812,0.3920977051641547,,,21.004034315488497,21.4188640113654,22.305441550171597,1032975
LOGI,2018,4644788693.597946,ok,Logitech International SA,1032975,2018100000.0,119317000.0,1498677000.0,642566000.0,758134000.0,537038000.0,,129058000.0,681047000.0,165449160.0,sec_company_facts,ok,0.05912343293196571,0.33746940191269015,0.0639502502353699,,0.07961488699699802,0.15738246800697503,0.35834139043970115,0.006579853040638239,11.853280189593882,21.127848555863714,21.425422311663944,22.259011717025242,1032975
LOGI,2019,7176072344.254097,ok,Logitech International SA,1032975,2221427000.0,205876000.0,1743157000.0,692600000.0,759948000.0,641947000.0,,211860000.0,820041000.0,166598546.0,sec_company_facts,ok,0.09267736459492029,0.3691505505245052,0.09537112855835461,,0.11810525385837306,0.2709080094953865,0.3682668858857808,0.10075169714087506,0.7254540425924219,21.278963674011873,21.521415619120592,22.694018043069885,1032975
LOGI,2020,15084150582.49414,ok,Logitech International SA,1032975,2566863000.0,208542000.0,2024124000.0,847785000.0,856111000.0,604516000.0,,229733000.0,909241000.0,167817568.0,sec_company_facts,ok,0.08124391523817204,0.35422264452758095,0.08949951750444024,,0.10302827297141874,0.2435922444636268,0.298655615960287,0.15550184633571118,0.012949542443023931,21.428402851317152,21.665950367718953,23.436910399221237,1032975
LOGI,2021,12975832151.352737,ok,Logitech International SA,1032975,2788322000.0,257573000.0,2363474000.0,874206000.0,1050557000.0,715566000.0,,263194000.0,1037011000.0,168439978.0,sec_company_facts,ok,0.09237562950046659,0.3719122110000208,0.09439153727582396,,0.10898067844198836,0.24517755819055986,0.30276025883931873,0.08627612770919213,0.23511331050819506,21.583398407502404,21.748705818154136,23.28635439892082,1032975
LOGI,2022,9782874664.136868,ok,Logitech International SA,1032975,2975851000.0,449723000.0,4142378000.0,1880589000.0,1176339000.0,1750327000.0,,276495000.0,1122381000.0,164684163.0,sec_company_facts,ok,0.15112416582685087,0.377163036724621,0.09291291801908093,,0.10856638385004942,0.38230731107274346,0.42254159325875135,0.06725514485055895,0.746002104257822,22.14453585601658,21.81379588545955,23.003899210741643,1032975
LOGI,2023,14641616031.313477,ok,Logitech International SA,1032975,5252279000.0,947257000.0,4035405000.0,1636667000.0,1489268000.0,1328716000.0,,1148125000.0,2335735000.0,158737710.0,sec_company_facts,ok,0.18035161498465713,0.44470885876397653,0.21859558488800765,,0.23473653821611462,0.6360554312588467,0.3292645967381217,0.7649670632030972,1.1063121076751687,22.118372505378627,22.38192791459596,23.4071337240402,1032975
LOGI,2024,12456852549.076126,ok,Logitech International SA,1032975,5481101000.0,644513000.0,3560753000.0,1303193000.0,2261789000.0,1149023000.0,,774012000.0,2263006000.0,153443934.0,sec_company_facts,ok,0.11758823637805615,0.4128743476903637,0.1412146939091252,,0.18100469198509417,0.2849571732818579,0.32269101507462045,0.04356623096373968,-0.3196006997045152,21.993237876297748,22.424571830134898,23.245536713987835,1032975
HPQ,2017,2573664202.6138573,ok,HP Inc,47217,51463000000.0,4554000000.0,28987000000.0,,28987000000.0,15133000000.0,6735000000.0,3920000000.0,,165228387.0,sec_company_facts,ok,0.08849076035209763,,0.07617122981559567,0.23234553420498844,0.1571049090971815,0.1571049090971815,0.5220616138268879,,,24.090113290565153,24.66412893980772,21.668596480195063,47217
HPQ,2018,24133372479.61342,ok,HP Inc,47217,48238000000.0,2496000000.0,32913000000.0,,32913000000.0,17433000000.0,6747000000.0,3549000000.0,,1553494507.0,sec_company_facts,ok,0.05174343878270243,,0.07357270201915503,0.20499498678333788,0.07583629568863368,0.07583629568863368,0.5296691277003008,-0.06266638167226934,-0.4519104084321476,24.217133553449873,24.59941292913606,23.906861469752087,47217
HPQ,2019,23094210598.055134,ok,HP Inc,47217,52056000000.0,2526000000.0,34622000000.0,,34622000000.0,6288000000.0,4524000000.0,3368000000.0,,1433345730.0,sec_company_facts,ok,0.04852466574458276,,0.06469955432611034,0.13066836115764544,0.07295938998324765,0.07295938998324765,0.18161862399630294,0.07914921845847678,0.012019230769230838,24.26775515510095,24.675585899139094,23.862847799602033,47217
HPQ,2020,25798061515.95659,ok,HP Inc,47217,58472000000.0,5327000000.0,33467000000.0,,-3408000000.0,4537000000.0,6261000000.0,3831000000.0,,1289636312.0,sec_company_facts,ok,0.09110343412231496,,0.06551853878779587,0.18707980996205217,0.15917172139719724,-1.563086854460094,0.1355663788209281,0.12325188258798225,1.1088677751385592,24.23382571564569,24.7918138441245,23.973565191010763,47217
HPQ,2021,34107237176.015724,ok,HP Inc,47217,58756000000.0,3152000000.0,34681000000.0,,-639000000.0,4864000000.0,7573000000.0,3877000000.0,,1082722559.0,sec_company_facts,ok,0.053645585131731226,,0.06598475049356661,0.2183616389377469,0.09088549926472708,-4.932707355242567,0.140249704449122,0.004857025584895425,-0.40829735310681436,24.269457823506468,24.79665911241558,24.252775432618208,47217
HPQ,2022,22717675850.518227,ok,HP Inc,47217,56638000000.0,2815000000.0,38605000000.0,,-1211000000.0,4299000000.0,11190000000.0,3442000000.0,,982145796.0,sec_company_facts,ok,0.04970161375754793,,0.06077191991242629,0.2898588265768683,0.07291801580106204,-2.3245251857968623,0.11135863230151535,-0.0360473823949895,-0.10691624365482233,24.37664763870719,24.759945974973974,23.846409130255143,47217
HPQ,2023,26606844341.54735,ok,HP Inc,47217,63460000000.0,6541000000.0,38494000000.0,,-2275000000.0,3145000000.0,9612000000.0,5359000000.0,,990902449.0,sec_company_facts,ok,0.10307280176489127,,0.08444689568231957,0.24970125214319114,0.16992258533797475,-2.8751648351648353,0.08170104431859511,0.12044916840283904,1.3236234458259326,24.373768221939343,24.873675623101462,24.00443432570974,47217
HPQ,2024,28251536002.93268,ok,HP Inc,47217,62910000000.0,3132000000.0,37004000000.0,,-1644000000.0,3107000000.0,9748000000.0,4559000000.0,12263000000.0,937797736.0,sec_company_facts,ok,0.04978540772532189,0.19492926402797647,0.07246860594500079,0.2634309804345476,0.08463949843260188,-1.905109489051095,0.08396389579504919,-0.008666876772770227,-0.5211741323956581,24.334291851855482,24.86497097052835,24.064413664845997,47217
INTC,2017,180890306488.0371,ok,Intel Corp,50863,55355000000.0,11420000000.0,113327000000.0,,55865000000.0,2561000000.0,25258000000.0,14002000000.0,34679000000.0,4668000000.0,sec_company_facts,ok,0.2063047601842652,0.6264836058169994,0.252949146418571,0.22287716078251432,0.10077033716590045,0.20442137295265372,0.022598321670916903,,,25.453543281974092,24.737032826257842,25.921156642992297,50863
INTC,2018,181629109714.50806,ok,Intel Corp,50863,59387000000.0,10316000000.0,123249000000.0,,61085000000.0,15308000000.0,26776000000.0,13133000000.0,36233000000.0,4497000000.0,sec_company_facts,ok,0.17370805058346103,0.6101166922053648,0.2211426743226632,0.21725125558828062,0.08370047627161276,0.16887943030203814,0.12420384749572004,0.07283894860446205,-0.09667250437828367,25.53747253624603,24.80734118414386,25.925232586052342,50863
INTC,2019,225796506271.3623,ok,Intel Corp,50863,62761000000.0,9601000000.0,127963000000.0,,66226000000.0,,25859000000.0,18050000000.0,39098000000.0,4277000000.0,sec_company_facts,ok,0.15297716734914996,0.6229664919297015,0.2875989866318255,0.20208185178528168,0.07502950071505045,0.14497327333675597,,0.056813780793776525,-0.06930981000387748,25.57500699657941,24.862599698400047,26.14290001587337,50863
INTC,2020,182991618556.97632,ok,Intel Corp,50863,70848000000.0,21053000000.0,136524000000.0,,69653000000.0,,29003000000.0,23316000000.0,43737000000.0,4063000000.0,sec_company_facts,ok,0.2971572944896116,0.6173357046070461,0.3290989159891599,0.21243883859248192,0.15420731885968766,0.3022554663833575,,0.1288539060881757,1.192792417456515,25.639766260291992,24.983802574032584,25.932706188503868,50863
INTC,2021,194497120300.29297,ok,Intel Corp,50863,71965000000.0,21048000000.0,153091000000.0,,74563000000.0,,36401000000.0,22035000000.0,42140000000.0,4072000000.0,sec_company_facts,ok,0.2924755089279511,0.5855624261793928,0.3061905092753422,0.23777361177338968,0.1374868542239583,0.28228477931413704,,0.01576614724480585,-0.00023749584382271038,25.754298352774363,24.999445726661044,25.993683194241285,50863
INTC,2022,105434998340.60669,ok,Intel Corp,50863,77867000000.0,20899000000.0,168406000000.0,,95391000000.0,,38101000000.0,23678000000.0,43612000000.0,4137000000.0,sec_company_facts,ok,0.26839354283586114,0.5600832188218372,0.30408260238611995,0.22624490813866488,0.12409890383953066,0.21908775460997368,,0.08201208921003267,-0.007079057392626376,25.849643567573604,25.078268080045127,25.381360470503846,50863
INTC,2023,209649198593.13965,ok,Intel Corp,50863,79024000000.0,19868000000.0,182103000000.0,,101423000000.0,,38107000000.0,19456000000.0,43815000000.0,4228000000.0,sec_company_facts,ok,0.2514172909495849,0.5544518121077141,0.2462036849564689,0.2092606931242209,0.10910309000950012,0.19589245043037576,,0.014858669269395275,-0.04933250394755728,25.92783829800885,25.09301744074468,26.068701487961743,50863
INTC,2024,86816496696.47217,ok,Intel Corp,50863,63054000000.0,8014000000.0,191572000000.0,,105590000000.0,,49266000000.0,2334000000.0,26866000000.0,4330000000.0,sec_company_facts,ok,0.1270974085704317,0.426079233672725,0.03701589114092683,0.257167018144614,0.04183283569623954,0.07589733876314045,,-0.20209050415063778,-0.5966378095429836,25.978529554016948,24.867257339057925,25.187062494661543,50863
CSCO,2017,147733333812.98962,ok,Cisco Systems Inc,858877,49161000000.0,8981000000.0,121652000000.0,58067000000.0,63586000000.0,6726000000.0,28642000000.0,10770000000.0,29681000000.0,4951955851.0,sec_company_facts,ok,0.1826854620532536,0.6037509407863957,0.2190760969060841,0.23544208068917896,0.07382533784894617,0.14124178278237348,0.055288856738894554,,,25.5244303466491,24.618366463178607,25.718674686958146,858877
CSCO,2018,158978108798.7806,ok,Cisco Systems Inc,858877,49247000000.0,10739000000.0,129818000000.0,63681000000.0,66137000000.0,6877000000.0,30472000000.0,12660000000.0,30960000000.0,4571334136.0,sec_company_facts,ok,0.2180640445103255,0.6286677361057527,0.2570714967409182,0.23472862006809533,0.0827235052149933,0.1623750699305986,0.052974163829361105,0.001749354162852601,0.1957465761051107,25.589399306486367,24.62011428900361,25.792032349176996,858877
CSCO,2019,168032076893.62048,ok,Cisco Systems Inc,858877,48005000000.0,9609000000.0,108784000000.0,65580000000.0,43204000000.0,8934000000.0,25569000000.0,11973000000.0,30224000000.0,4245290230.0,sec_company_facts,ok,0.2001666493073638,0.6296010832204979,0.24941151963337152,0.23504375643476982,0.08833100455949404,0.2224099620405518,0.08212604794822768,-0.025219810343777294,-0.10522395008846264,25.412630101730514,24.594571009095997,25.84742073201471,858877
CSCO,2020,161720450854.85394,ok,Cisco Systems Inc,858877,49330000000.0,110000000.0,97793000000.0,64222000000.0,66137000000.0,11750000000.0,20473000000.0,12309000000.0,30606000000.0,4233425297.0,sec_company_facts,ok,0.0022298803973241437,0.6204338130954794,0.24952361646057167,0.20935036250038347,0.0011248248852167332,0.0016632142371138697,0.1201517491026965,0.027601291532131977,-0.9885523987927984,25.30611883678347,24.621798252192058,25.809135069588294,858877
CSCO,2021,234852273682.12952,ok,Cisco Systems Inc,858877,51904000000.0,11621000000.0,94853000000.0,56933000000.0,43204000000.0,11809000000.0,14583000000.0,14219000000.0,32666000000.0,4217735917.0,sec_company_facts,ok,0.22389411220715166,0.6293541923551171,0.27394805795314425,0.15374316046935785,0.12251589301339968,0.2689797240996204,0.1244979072881195,0.05217920129738496,104.64545454545454,25.27559416171497,24.67266169543936,26.182222530795286,858877
CSCO,2022,177396663522.00558,ok,Cisco Systems Inc,858877,49301000000.0,11214000000.0,97497000000.0,56222000000.0,33571000000.0,9175000000.0,11526000000.0,13620000000.0,31683000000.0,4108844167.0,sec_company_facts,ok,0.22745988925173932,0.6426441654327498,0.27626214478408145,0.11821902212375765,0.11501892365918952,0.33403830687200264,0.09410545965516888,-0.05015027743526512,-0.03502280354530596,25.30308744524606,24.621210201765,25.90165409899004,858877
CSCO,2023,191339854547.7592,ok,Cisco Systems Inc,858877,49818000000.0,10591000000.0,94002000000.0,54229000000.0,37920000000.0,7079000000.0,8915000000.0,12833000000.0,31894000000.0,4054857783.0,sec_company_facts,ok,0.21259384158336345,0.6402103657312618,0.25759765546589586,0.09483840769345334,0.11266781557839195,0.2792985232067511,0.07530690836365184,0.010486602705827464,-0.05555555555555558,25.266581895585816,24.63164220145436,25.977317027019282,858877
CSCO,2024,227851692989.96222,ok,Cisco Systems Inc,858877,51557000000.0,11812000000.0,101852000000.0,57499000000.0,41275000000.0,10123000000.0,8391000000.0,13969000000.0,32248000000.0,3990734794.0,sec_company_facts,ok,0.22910565005721822,0.6254824757064996,0.2709428399635355,0.08238424380473629,0.11597219494953462,0.2861780738946093,0.09938930997918549,0.03490706170460478,0.11528656406382787,25.346786616147096,24.66595382868535,26.151960784911612,858877
MU,2017,46249918844.26309,ok,Micron Technology Inc,723125,16192000000.0,2899000000.0,27540000000.0,14612000000.0,12080000000.0,4140000000.0,9154000000.0,2998000000.0,5215000000.0,1153255224.0,sec_company_facts,ok,0.17903903162055335,0.32207262845849804,0.18515316205533597,0.3323892519970951,0.1052650689905592,0.23998344370860927,0.1503267973856209,,,24.03890533024692,23.507783130051465,24.55732554618467,723125
MU,2018,35100505772.42517,ok,Micron Technology Inc,723125,12399000000.0,-276000000.0,35336000000.0,15845000000.0,18621000000.0,5109000000.0,9872000000.0,168000000.0,2505000000.0,1134255375.0,sec_company_facts,ok,-0.022259859666102104,0.20203242196951368,0.013549479796757804,0.2793751414987548,-0.007810731265564863,-0.014821975189302401,0.14458342766583654,-0.23425148221343872,-1.095205243187306,24.288168111240637,23.240881661144115,24.28148137678522,723125
MU,2019,58065855384.64461,ok,Micron Technology Inc,723125,20322000000.0,5089000000.0,43376000000.0,10112000000.0,32294000000.0,6506000000.0,3777000000.0,5868000000.0,8436000000.0,1107050823.0,sec_company_facts,ok,0.2504182659187088,0.41511662237968705,0.2887511071744907,0.08707580228697898,0.11732294356326078,0.15758345203443364,0.1499907783105865,0.6390031454149527,-19.43840579710145,24.49317212970272,23.7349698800101,24.7848436410373,723125
MU,2020,81623749102.02734,ok,Micron Technology Inc,723125,30391000000.0,14135000000.0,48887000000.0,12019000000.0,35881000000.0,7152000000.0,6157000000.0,14994000000.0,17891000000.0,1113221799.0,sec_company_facts,ok,0.4651048007633839,0.588694021256293,0.49336974762265146,0.12594350236259128,0.28913617117024976,0.3939410830244419,0.14629656145805633,0.4954728865269167,1.7775594419335823,24.612777349412458,24.137412348894777,25.1253860994887,723125
MU,2021,101766767254.40015,ok,Micron Technology Inc,723125,23406000000.0,6313000000.0,53678000000.0,14682000000.0,38996000000.0,7624000000.0,5968000000.0,7376000000.0,10702000000.0,1118623738.0,sec_company_facts,ok,0.2697171665384944,0.45723318807143465,0.3151328719131847,0.11118148962330936,0.11760870375200268,0.16188839881013437,0.1420321174410373,-0.22983778092198348,-0.5533781393703573,24.706269071091604,23.876258236698984,25.345949436433976,723125
MU,2022,53413742472.81116,ok,Micron Technology Inc,723125,21435000000.0,2687000000.0,58849000000.0,14916000000.0,38996000000.0,7763000000.0,6020000000.0,3003000000.0,6552000000.0,1087168584.0,sec_company_facts,ok,0.12535572661534872,0.30566829951014696,0.14009797060881735,0.10229570595931961,0.04565922955360329,0.06890450302595139,0.13191388128940168,-0.08420917713406817,-0.5743703469032155,24.798240678154883,23.78829093699635,24.701333899481924,723125
MU,2023,92839488061.04033,ok,Micron Technology Inc,723125,27705000000.0,5861000000.0,66283000000.0,16376000000.0,38996000000.0,8262000000.0,12049000000.0,6283000000.0,10423000000.0,1098034471.0,sec_company_facts,ok,0.2115502616856163,0.3762136798411839,0.22678216928352282,0.1817811505212498,0.0884238794260972,0.15029746640681096,0.12464734547319825,0.29251224632610207,1.1812430219575734,24.917199291003087,24.044878739265723,25.25413790413064,723125
MU,2024,92847294087.09975,ok,Micron Technology Inc,723125,30758000000.0,8687000000.0,64254000000.0,20134000000.0,43933000000.0,8577000000.0,11343000000.0,9702000000.0,13898000000.0,1108742682.0,sec_company_facts,ok,0.28243058716431496,0.4518499252227063,0.3154301319981793,0.17653375665328228,0.13519780869673484,0.19773291147884278,0.1334858530208236,0.11019671539433307,0.4821702781095376,24.886109815593205,24.14941595996414,25.254221981478242,723125
AMAT,2017,49188773881.28902,ok,Applied Materials Inc,6951,9659000000.0,1377000000.0,14570000000.0,7353000000.0,7868000000.0,3002000000.0,3125000000.0,1693000000.0,3952000000.0,1056340714.0,sec_company_facts,ok,0.14256134175380475,0.40915208613728127,0.17527694378300032,0.21448181194234728,0.0945092656142759,0.1750127097102186,0.2060398078242965,,,23.402230457153525,22.99115596014357,24.618931261264688,6951
AMAT,2018,29049358513.11866,ok,Applied Materials Inc,6951,10825000000.0,1721000000.0,19419000000.0,10070000000.0,7613000000.0,4797000000.0,5304000000.0,2152000000.0,4511000000.0,958606093.0,sec_company_facts,ok,0.15898383371824482,0.4167205542725173,0.19879907621247114,0.27313455893712346,0.08862454297337659,0.22606068566924997,0.24702610845048664,0.12071643027228496,0.2498184458968773,23.689517805177893,23.105124110834964,24.092262237835925,6951
AMAT,2019,52660397541.027145,ok,Applied Materials Inc,6951,14698000000.0,3519000000.0,17633000000.0,10788000000.0,7413000000.0,3440000000.0,5309000000.0,3936000000.0,6612000000.0,915304098.0,sec_company_facts,ok,0.23942032929650292,0.44985712341815215,0.2677915362634372,0.3010831962797028,0.19956898996200306,0.47470659651962765,0.1950887540407191,0.35778290993071593,1.044741429401511,23.5930379833722,23.41097726705309,24.687129540189026,6951
AMAT,2020,75377944222.57843,ok,Applied Materials Inc,6951,16705000000.0,3038000000.0,19024000000.0,10810000000.0,9630000000.0,3440000000.0,5313000000.0,4491000000.0,7517000000.0,914344189.0,sec_company_facts,ok,0.18186171804848847,0.4499850344208321,0.26884166417240346,0.2792788057190917,0.15969301934398655,0.315472481827622,0.1808242220353238,0.1365491903660363,-0.13668655868144364,23.66896717689484,23.538973912755132,25.045780552226965,6951
AMAT,2021,134511165941.33203,ok,Applied Materials Inc,6951,14608000000.0,2706000000.0,22353000000.0,11775000000.0,6845000000.0,3129000000.0,5448000000.0,3350000000.0,6386000000.0,888513248.0,sec_company_facts,ok,0.1852409638554217,0.437157721796276,0.2293263964950712,0.24372567440611997,0.12105757616427325,0.39532505478451424,0.13998121057576166,-0.12553127806046094,-0.10928242264647792,23.83022637718611,23.404835160799024,25.624913050693657,6951
AMAT,2022,79816491742.64978,ok,Applied Materials Inc,6951,17202000000.0,3619000000.0,25825000000.0,13578000000.0,8214000000.0,5351000000.0,5452000000.0,4365000000.0,7692000000.0,844139722.0,sec_company_facts,ok,0.2103825136612022,0.44715730728985004,0.2537495640041856,0.21111326234269118,0.140135527589545,0.4405892378865352,0.2072023233301065,0.17757393209200445,0.33739837398373984,23.974608851952112,23.568291493075698,25.102995983491954,6951
AMAT,2023,131993951431.70113,ok,Applied Materials Inc,6951,23063000000.0,5888000000.0,26726000000.0,14532000000.0,10578000000.0,4995000000.0,5457000000.0,6889000000.0,10914000000.0,831067105.0,sec_company_facts,ok,0.25530069808784633,0.4732255127260114,0.29870355114252267,0.20418319239691687,0.22030981067125646,0.5566269616184534,0.18689665494275237,0.34071619579118706,0.626968775904946,24.00890271130528,23.861495438728948,25.606021935995788,6951
AMAT,2024,130692358859.62836,ok,Applied Materials Inc,6951,25785000000.0,6525000000.0,30729000000.0,14380000000.0,12247000000.0,1995000000.0,5461000000.0,7788000000.0,11993000000.0,813684638.0,sec_company_facts,ok,0.2530541012216405,0.465115377157262,0.3020360674810937,0.17771486218230337,0.21234013472615446,0.5327835388258348,0.06492238601972078,0.11802454147335562,0.1081861413043479,24.14847267106892,23.973058764449334,25.59611199266654,6951
ADI,2017,28133827607.867157,ok,Analog Devices Inc,6281,3435092000.0,696878000.0,7970278000.0,,5165618000.0,569233000.0,,830841000.0,2259262000.0,368635788.0,sec_company_facts,ok,0.20287025791448962,0.6577005797806871,0.24186863117494378,,0.08743459136557094,0.13490699467130554,0.07141946617169438,,,22.798985209943226,21.957309545377054,24.060238518725896,6281
ADI,2018,27787072664.164505,ok,Analog Devices Inc,6281,3421409000.0,861664000.0,21141294000.0,,10161540000.0,884353000.0,,1028112000.0,2227173000.0,370159553.0,sec_company_facts,ok,0.251844780907515,0.6509519908318473,0.30049374395168776,,0.040757391671484254,0.08479659579158277,0.041830599394720114,-0.0039832994283705014,0.2364631972884781,23.774494026489645,21.95331829148114,24.047836737410943,6281
ADI,2019,38884333551.26446,ok,Analog Devices Inc,6281,5246354000.0,805379000.0,20438366000.0,,11268173000.0,816591000.0,,1162761000.0,3168241000.0,368302369.0,sec_company_facts,ok,0.15351213433176641,0.6038938661020586,0.22163220400300856,,0.039405253825085626,0.07147378727678391,0.03995382996859925,0.5333898987230115,-0.06532128532699522,23.740679657794853,22.380799196099172,24.383857269979348,6281
ADI,2020,49507774143.26697,ok,Analog Devices Inc,6281,6224689000.0,1506980000.0,21392641000.0,,11709188000.0,648322000.0,,1899589000.0,4250396000.0,369484899.0,sec_company_facts,ok,0.24209723570125352,0.6828286521623811,0.3051701056872078,,0.07044385029412685,0.12870064089841243,0.030305842088407878,0.18647902905522584,0.8711438962277387,23.786312821329773,22.551789318209792,24.625395547588795,6281
ADI,2021,85196930166.74634,ok,Analog Devices Inc,6281,5991065000.0,1363011000.0,21468603000.0,,11997945000.0,1055860000.0,,1710608000.0,4013750000.0,525330672.0,sec_company_facts,ok,0.2275072962820467,0.6699560094908,0.2855265299241454,,0.06348857445451854,0.11360370463441864,0.04918158857378843,-0.037531834923800966,-0.09553477816560274,23.78985737918402,22.513535029597087,25.16823123922582,6281
ADI,2022,78490457594.43452,ok,Analog Devices Inc,6281,5603056000.0,1220761000.0,52322071000.0,,37992542000.0,1977964000.0,,1498244000.0,3690478000.0,509295941.0,sec_company_facts,ok,0.217874138684318,0.6586544914061184,0.267397648711703,,0.023331664375441104,0.032131595722128835,0.0378036259306326,-0.064764611967989,-0.10436452823931719,24.68068412664529,22.44657800012534,25.086242895039277,6281
ADI,2023,94320530721.36386,ok,Analog Devices Inc,6281,7318286000.0,1390422000.0,50302350000.0,,36465323000.0,1470572000.0,6548625000.0,1692201000.0,4525012000.0,496261678.0,sec_company_facts,ok,0.18999284805212588,0.6183158187586547,0.23122914299878414,0.13018526967427962,0.027641293100620547,0.03812997899401577,0.02923465802293531,0.3061240151802873,0.13897970200555232,24.641317632642682,22.71364198449607,25.26996471997653,6281
ADI,2024,102691479827.12006,ok,Analog Devices Inc,6281,12013953000.0,2748561000.0,48794478000.0,,35565122000.0,958061000.0,5902457000.0,3278700000.0,7532474000.0,496296854.0,sec_company_facts,ok,0.22878073520014602,0.6269771489866824,0.2729076765990345,0.1209656756651849,0.056329345300097276,0.07728248478945186,0.019634619310816278,0.6416348035591941,0.9767818691016108,24.610882987665214,23.209334561264182,25.35499498867816,6281
WDC,2017,21281642438.63086,ok,Western Digital Corp,106040,14572000000.0,1465000000.0,32862000000.0,21717000000.0,8842000000.0,4804000000.0,16994000000.0,1611000000.0,4221000000.0,294875015.0,sec_company_facts,ok,0.10053527312654406,0.2896651111721109,0.11055448805929179,0.5171322500152151,0.044580366380621995,0.1656864962678127,0.1461870853873775,,,24.215582811976052,23.40236771609273,23.781110680707943,106040
WDC,2018,10038793423.57775,ok,Western Digital Corp,106040,12994000000.0,242000000.0,29860000000.0,18442000000.0,9219000000.0,5024000000.0,13151000000.0,466000000.0,3435000000.0,291356809.0,sec_company_facts,ok,0.018623980298599352,0.26435277820532554,0.03586270586424504,0.44042196918955123,0.00810448760884126,0.026250135589543335,0.168251841929002,-0.10828987098545151,-0.8348122866894198,24.119785629057457,23.28775354940475,23.02972276705368,106040
WDC,2019,18314507680.418682,ok,Western Digital Corp,106040,19093000000.0,397000000.0,29235000000.0,17704000000.0,11145000000.0,5005000000.0,11172000000.0,1954000000.0,6072000000.0,296003875.0,sec_company_facts,ok,0.02079296077096318,0.31802231184203633,0.10234117215733515,0.38214468958440223,0.01357961347699675,0.03562135486765366,0.17119890542158372,0.46937047868246884,0.640495867768595,24.098632458574045,23.672587612677738,23.630959352139875,106040
WDC,2020,16680536250.799822,ok,Western Digital Corp,106040,20647000000.0,675000000.0,26370000000.0,16403000000.0,11418000000.0,3455000000.0,10522000000.0,3617000000.0,7705000000.0,302525787.0,sec_company_facts,ok,0.032692400833050805,0.37317770136097256,0.175182835278733,0.39901403109594236,0.025597269624573378,0.05911718339464004,0.1310200985968904,0.08139108573822873,0.7002518891687657,23.995492837311605,23.750835867349153,23.53750838268876,106040
WDC,2021,20041702346.518196,ok,Western Digital Corp,106040,16569000000.0,-754000000.0,25662000000.0,16111000000.0,11531000000.0,3048000000.0,9575000000.0,87000000.0,3752000000.0,308748049.0,sec_company_facts,ok,-0.04550666908081357,0.22644697929869032,0.005250769509324642,0.373119788013405,-0.029381965552178316,-0.06538895152198422,0.11877484217909749,-0.1975105342180462,-2.1170370370370373,23.96827713541924,23.53079931653357,23.721081056986293,106040
WDC,2022,9877018119.361757,ok,Western Digital Corp,106040,16736000000.0,-250000000.0,26132000000.0,15411000000.0,9967000000.0,3370000000.0,8725000000.0,335000000.0,3781000000.0,314492541.0,sec_company_facts,ok,-0.014937858508604206,0.22592017208413,0.020016730401529636,0.33388183070564825,-0.009566814633399662,-0.025082773151399618,0.12896066125822747,0.01007906331100239,-0.6684350132625995,23.986426453924913,23.540827924828925,23.01347649337125,106040
WDC,2023,16780861194.780394,ok,Western Digital Corp,106040,16922000000.0,821000000.0,26259000000.0,14038000000.0,9551000000.0,2327000000.0,7022000000.0,1220000000.0,4521000000.0,321895961.0,sec_company_facts,ok,0.048516723791514005,0.2671670015364614,0.07209549698617185,0.2674130774210747,0.03126547088617236,0.08595958538372946,0.08861723599527781,0.011113766730401542,-4.284,23.99127462436482,23.55188038744872,23.543504859361022,106040
WDC,2024,20386681258.151066,ok,Western Digital Corp,106040,18793000000.0,1546000000.0,24546000000.0,12706000000.0,10800000000.0,2023000000.0,7070000000.0,2391000000.0,5874000000.0,343451583.0,sec_company_facts,ok,0.08226467301654872,0.31256318842122066,0.12722822327462352,0.2880306363562291,0.06298378554550639,0.14314814814814814,0.08241668703658438,0.1105661269353504,0.8830694275274056,23.923814745121728,23.656750297020874,23.73814764507555,106040
STX,2017,8735738462.202387,ok,Seagate Technology PLC,1137789,13739000000.0,1742000000.0,8213000000.0,6620000000.0,1593000000.0,2634000000.0,4091000000.0,2058000000.0,,291813271.0,sec_company_facts,ok,0.12679234296528133,,0.1497925613217847,0.49811274808230854,0.21210276391087302,1.09353421217828,0.32071106781931086,,,22.828984101704467,23.343504340888224,22.890688317566102,1137789
STX,2018,8329387795.926502,ok,Seagate Technology PLC,1137789,11160000000.0,248000000.0,9268000000.0,7904000000.0,3018000000.0,2479000000.0,5021000000.0,445000000.0,,287184721.0,sec_company_facts,ok,0.022222222222222223,,0.039874551971326166,0.5417565817867933,0.026758739749676307,0.08217362491716368,0.2674794993526111,-0.187713807409564,-0.8576349024110218,22.949833443516543,23.135601793899575,22.843055796537982,1137789
STX,2019,12729989567.859013,ok,Seagate Technology PLC,1137789,10771000000.0,772000000.0,9410000000.0,7745000000.0,1593000000.0,1125000000.0,4320000000.0,1054000000.0,,269037767.0,sec_company_facts,ok,0.07167393928140377,,0.09785535233497354,0.45908607863974493,0.0820403825717322,0.48462021343377276,0.11955366631243358,-0.034856630824372736,2.1129032258064515,22.965038790543698,23.100123174315044,23.267226430022777,1137789
STX,2020,13423754390.686325,ok,Seagate Technology PLC,1137789,11184000000.0,1182000000.0,8885000000.0,6723000000.0,1364000000.0,2539000000.0,4253000000.0,1634000000.0,,257461532.0,sec_company_facts,ok,0.10568669527896996,,0.14610157367668097,0.47867191896454697,0.13303320202588634,0.8665689149560117,0.28576252110298256,0.03834370067774584,0.5310880829015545,22.907630298553027,23.137750022437867,23.32029169022009,1137789
STX,2021,22332791521.684135,ok,Seagate Technology PLC,1137789,10390000000.0,2012000000.0,8930000000.0,7143000000.0,1665000000.0,1853000000.0,4156000000.0,1487000000.0,,227603061.0,sec_company_facts,ok,0.19364773820981712,,0.14311838306063523,0.4653975363941769,0.22530795072788354,1.2084084084084084,0.20750279955207168,-0.07099427753934195,0.7021996615905246,22.91268223183482,23.06410964205755,23.829321907151886,1137789
STX,2022,9881032183.499092,ok,Seagate Technology PLC,1137789,10509000000.0,1004000000.0,8675000000.0,8044000000.0,2162000000.0,2220000000.0,4894000000.0,1300000000.0,,208755418.0,sec_company_facts,ok,0.09553715862593967,,0.1237034922447426,0.564149855907781,0.11573487031700289,0.46438482886216464,0.2559077809798271,0.011453320500481201,-0.5009940357852882,22.883711162779335,23.07549786982987,23.013882815263447,1137789
STX,2023,16692353754.501724,ok,Seagate Technology PLC,1137789,10681000000.0,1314000000.0,8944000000.0,8835000000.0,1787000000.0,1209000000.0,964000000.0,1492000000.0,,207393242.0,sec_company_facts,ok,0.12302218893362045,,0.13968729519707893,0.10778175313059034,0.14691413237924866,0.7353105763850027,0.13517441860465115,0.016366923589304472,0.3087649402390438,22.914248753359153,23.09173229905397,23.538216592507805,1137789
STX,2024,17622044816.256523,ok,Seagate Technology PLC,1137789,11661000000.0,1649000000.0,7556000000.0,8755000000.0,631000000.0,615000000.0,5388000000.0,1955000000.0,,210195239.0,sec_company_facts,ok,0.1414115427493354,,0.16765285996055226,0.7130757014293276,0.21823716251985179,2.613312202852615,0.08139227104287983,0.09175170864151294,0.25494672754946723,22.745607786585673,23.179515777484607,23.59241650158693,1137789
LRCX,2017,26561279809.1708,ok,LAM Research Corp,707549,5259312000.0,655577000.0,12264315000.0,6162246000.0,5029735000.0,1452677000.0,4318461000.0,788039000.0,2284336000.0,162454686.0,sec_company_facts,ok,0.12465071477029695,0.43434122181760654,0.1498368988187048,0.3521159559257896,0.053454024949620094,0.13034026643550803,0.11844746322970341,,,23.22995966311758,22.383266056662077,24.002720345980006,707549
LRCX,2018,19398182351.222534,ok,LAM Research Corp,707549,5885893000.0,914049000.0,12122765000.0,5135453000.0,5103144000.0,1501539000.0,2686658000.0,1074256000.0,2618922000.0,157579984.0,sec_company_facts,ok,0.15529487199308584,0.4449489652632149,0.18251368144137176,0.22162089259339762,0.07539938289655866,0.1791148750652539,0.12386109934491017,0.11913744611462485,0.3942664248440686,23.218350926882206,22.49582430786327,23.688445205390256,707549
LRCX,2019,39123847094.344025,ok,LAM Research Corp,707549,8013620000.0,1697763000.0,12479478000.0,5899435000.0,5894517000.0,2377534000.0,2368748000.0,1902132000.0,3603359000.0,144532998.0,sec_company_facts,ok,0.21185968388818038,0.44965433848872294,0.23736239053012248,0.1898114648705659,0.13604439224140624,0.28802410782766424,0.19051550072847598,0.3614960380693295,0.8574091760944982,23.247351372089845,22.804408431015926,24.389998018135348,707549
LRCX,2020,64831856427.248,ok,LAM Research Corp,707549,11076998000.0,2380681000.0,12001333000.0,7278029000.0,6817451000.0,4512257000.0,4430011000.0,3213299000.0,5165032000.0,145625225.0,sec_company_facts,ok,0.2149211365750901,0.4662844572148519,0.29008753093572825,0.36912657952245803,0.1983680479493403,0.3492039766769134,0.3759796515937021,0.38227143288551235,0.4022457787099849,23.208283563898448,23.12813654292689,24.895062931034886,707549
LRCX,2021,97146247221.43059,ok,LAM Research Corp,707549,9653559000.0,2191430000.0,14559047000.0,9375558000.0,6501851000.0,3658219000.0,5795478000.0,2464732000.0,4358459000.0,141953681.0,sec_company_facts,ok,0.22700746947317565,0.45148727013529416,0.2553184789153928,0.3980671262342927,0.15052015423811738,0.33704709628073604,0.2512677512477293,-0.12850404053517028,-0.07949448078091936,23.40147842427609,22.990592492594402,25.299483383320002,707549
LRCX,2022,55485835350.528564,ok,LAM Research Corp,707549,10044736000.0,2251753000.0,15892152000.0,9864964000.0,4673865000.0,4915172000.0,4960935000.0,2673802000.0,4608693000.0,136987792.0,sec_company_facts,ok,0.22417244216274076,0.4588167374433733,0.26618937521105585,0.31216256929835556,0.1416896213929995,0.4817753615048787,0.30928297187190257,0.04052153200700381,0.027526774754384142,23.48909123941381,23.03031455313573,24.739393606215515,707549
LRCX,2023,101343780631.63536,ok,LAM Research Corp,707549,14626150000.0,3908458000.0,17195632000.0,10917266000.0,5172494000.0,4418263000.0,4962459000.0,4482023000.0,6805306000.0,132511701.0,sec_company_facts,ok,0.26722397896917505,0.4652834819826133,0.3064390150518079,0.28858834615674495,0.22729365224843145,0.7556234961316534,0.2569410068789562,0.4561009866262289,0.735740110038712,23.5679212350258,23.40607685945159,25.341784342708763,707549
LRCX,2024,9249749061.035156,ok,LAM Research Corp,707549,17227039000.0,4605286000.0,18781643000.0,10571471000.0,6027188000.0,3522001000.0,4965365000.0,5381822000.0,7871807000.0,129876000.0,sec_company_facts,ok,0.2673289356342666,0.45694486440763266,0.3124055155386831,0.26437330323018066,0.24520144483632236,0.7640853412901671,0.18752358353313392,0.17782458131497347,0.1782871915215669,23.656145793587758,23.56974602129616,22.94786225956602,707549
INTU,2017,37868113440.10254,ok,Intuit Inc,896878,4192000000.0,365000000.0,4250000000.0,3089000000.0,3078000000.0,849000000.0,488000000.0,738000000.0,,254973504.0,sec_company_facts,ok,0.0870706106870229,,0.1760496183206107,0.1148235294117647,0.08588235294117647,0.11858349577647823,0.19976470588235293,,,22.170184819882735,22.156443783965152,24.357375260880442,896878
INTU,2018,48351451318.95416,ok,Intuit Inc,896878,4694000000.0,979000000.0,4068000000.0,2714000000.0,2332000000.0,808000000.0,438000000.0,1242000000.0,,258671620.0,sec_company_facts,ok,0.2085641244141457,,0.26459309757136773,0.10766961651917405,0.24065880039331367,0.419811320754717,0.19862340216322516,0.1197519083969465,1.6821917808219178,22.126417315132723,22.269550934375243,24.601762075333255,896878
INTU,2019,65197310339.0961,ok,Intuit Inc,896878,5196000000.0,985000000.0,5134000000.0,2318000000.0,1492000000.0,529000000.0,388000000.0,1418000000.0,,260073642.0,sec_company_facts,ok,0.18956889915319478,,0.2729022324865281,0.07557460070120764,0.19185820023373587,0.6601876675603218,0.10303856641994547,0.10694503621644658,0.006128702757916216,22.35915091939536,22.371154935754763,24.900684052560262,896878
INTU,2020,95902764042.2201,ok,Intuit Inc,896878,6025000000.0,1329000000.0,6283000000.0,2534000000.0,1699000000.0,1464000000.0,2048000000.0,1560000000.0,,261807204.0,sec_company_facts,ok,0.22058091286307055,,0.25892116182572616,0.3259589368136241,0.21152315772720037,0.7822248381400824,0.23300970873786409,0.15954580446497313,0.349238578680203,22.56111341036722,22.51918331632313,25.286600640549963,896878
INTU,2021,170327256100.64758,ok,Intuit Inc,896878,6784000000.0,1557000000.0,10931000000.0,5825000000.0,2816000000.0,2116000000.0,2048000000.0,1854000000.0,,273091929.0,sec_company_facts,ok,0.22951061320754718,,0.27329009433962265,0.18735705790870003,0.14243893513859665,0.5529119318181818,0.19357789772207484,0.12597510373443987,0.17155756207674933,23.114868626258108,22.637832735436014,25.860987459375735,896878
INTU,2022,107028568490.92441,ok,Intuit Inc,896878,7679000000.0,1826000000.0,15516000000.0,5647000000.0,3749000000.0,6442000000.0,2034000000.0,2176000000.0,,281869879.0,sec_company_facts,ok,0.23779137908581846,,0.28337023049876287,0.13109048723897912,0.11768497035318382,0.4870632168578288,0.4151843258571797,0.13192806603773577,0.1727681438664097,23.465137586524133,22.76175516729482,25.396361631013715,896878
INTU,2023,172136684053.56427,ok,Intuit Inc,896878,9633000000.0,2062000000.0,27734000000.0,11293000000.0,5106000000.0,2562000000.0,6914000000.0,2500000000.0,,280259493.0,sec_company_facts,ok,0.21405584968338004,,0.25952455102252675,0.24929689190163698,0.07434917429869474,0.4038386212299256,0.09237758707723372,0.25446021617398107,0.12924424972617743,24.045924934278084,22.9884605407219,25.87155467290311,896878
INTU,2024,174147263806.39648,ok,Intuit Inc,896878,12726000000.0,2066000000.0,27780000000.0,10511000000.0,9869000000.0,2796000000.0,6120000000.0,2571000000.0,,280292000.0,sec_company_facts,ok,0.16234480590916234,,0.20202734559170202,0.2203023758099352,0.07437005039596832,0.20934238524673218,0.10064794816414686,0.3210837745250701,0.0019398642095054264,24.04758217427261,23.266912981757013,25.88316712192897,896878
ADSK,2017,23151629168.827087,ok,Autodesk Inc,769397,2512200000.0,81800000.0,5515300000.0,,2261500000.0,1853000000.0,1487700000.0,120700000.0,2170100000.0,220849268.0,sec_company_facts,ok,0.032561101823103254,0.8638245362630363,0.048045537775654804,0.2697405399524958,0.014831468823092126,0.03617068317488393,0.33597447101698913,,,22.43079188527123,21.644424700217428,23.86533098946586,769397
ADSK,2018,28079146465.07675,ok,Autodesk Inc,769397,2504100000.0,-330500000.0,4798100000.0,,2219200000.0,1410600000.0,1092000000.0,1300000.0,2133400000.0,218327862.0,sec_company_facts,ok,-0.13198354698294795,0.8519627810390958,0.0005191485963020646,0.22759008774306497,-0.06888143223359246,-0.14892754145638068,0.29399137158458555,-0.003224265583950281,-5.040342298288508,22.291485843164228,21.641195225489074,24.058293019099185,769397
ADSK,2019,40275932201.29028,ok,Autodesk Inc,769397,2031000000.0,-582100000.0,4113600000.0,,1619600000.0,1353000000.0,1586000000.0,-499600000.0,1689100000.0,219535216.0,sec_company_facts,ok,-0.2866075824716888,0.8316592811422945,-0.24598719842442146,0.3855503695060288,-0.14150622325943213,-0.3594097307977278,0.3289089848308051,-0.18893015454654372,0.7612708018154313,22.1375643944759,21.43179411954466,24.41901991164575,769397
ADSK,2020,67113731195.06836,ok,Autodesk Inc,769397,2056600000.0,-566900000.0,4729200000.0,,733600000.0,1213100000.0,2100000000.0,-509100000.0,1753200000.0,219800000.0,sec_company_facts,ok,-0.2756491296314305,0.852474958669649,-0.24754449090732278,0.44404973357015987,-0.11987228283853506,-0.7727644492911668,0.2565127294256957,0.012604628261939865,-0.026112351829582492,22.277021891953233,21.444319970759363,24.929654497769047,769397
ADSK,2021,61747157685.974,ok,Autodesk Inc,769397,2569800000.0,-80800000.0,6179300000.0,,-256000000.0,1774700000.0,1650000000.0,-25000000.0,2283900000.0,219592294.0,sec_company_facts,ok,-0.0314421355747529,0.8887462059304226,-0.009728383531792357,0.2670205363067014,-0.013075914747625136,0.315625,0.28720081562636546,0.24953807254692206,-0.8574704533427412,22.54447083339222,21.667093911813655,24.846313782018175,769397
ADSK,2022,40608340040.30591,ok,Autodesk Inc,769397,3274300000.0,214500000.0,7279800000.0,,-210900000.0,1772200000.0,2650000000.0,343000000.0,2949400000.0,217307974.0,sec_company_facts,ok,0.06551018538313533,0.9007726842378524,0.10475521485508353,0.364020989587626,0.02946509519492294,-1.0170697012802277,0.24344075386686448,0.2741458479259087,-3.6547029702970297,22.708369226250156,21.909369942729864,24.427239302170324,769397
ADSK,2023,52295291365.309296,ok,Autodesk Inc,769397,3790000000.0,1208000000.0,8607000000.0,,-139000000.0,1528000000.0,2300000000.0,629000000.0,3453000000.0,214782702.0,sec_company_facts,ok,0.3187335092348285,0.9110817941952507,0.16596306068601582,0.267224352271407,0.14035087719298245,-8.690647482014388,0.1775299175090043,0.15749931283022334,4.631701631701632,22.875841662613748,22.055631856040748,24.680172172708197,769397
ADSK,2024,63679665161.0108,ok,Autodesk Inc,769397,4386000000.0,497000000.0,9438000000.0,,965000000.0,1947000000.0,2300000000.0,618000000.0,3968000000.0,215446979.0,sec_company_facts,ok,0.11331509347925217,0.9046967624259006,0.1409028727770178,0.24369569824115278,0.05265946175037084,0.5150259067357513,0.2062937062937063,0.15725593667546178,-0.5885761589403973,22.968009930250606,22.20168348694211,24.877131120318758,769397
EA,2017,31609319954.28566,ok,Electronic Arts Inc,712515,4515000000.0,875000000.0,7050000000.0,3652000000.0,2422000000.0,1782000000.0,,948000000.0,3086000000.0,310028355.0,sec_company_facts,ok,0.1937984496124031,0.6834994462901439,0.20996677740863787,,0.12411347517730496,0.36127167630057805,0.2527659574468085,,,22.676293453770587,22.23067102381536,24.176717849316628,712515
EA,2018,23496896930.683105,ok,Electronic Arts Inc,712515,4396000000.0,1156000000.0,7718000000.0,3658000000.0,3036000000.0,2068000000.0,,898000000.0,3042000000.0,306832936.0,sec_company_facts,ok,0.2629663330300273,0.6919927206551411,0.20427661510464057,,0.14977973568281938,0.380764163372859,0.2679450634879502,-0.02635658914728678,0.3211428571428572,22.76682110006184,22.203960873487787,23.880134203874903,712515
EA,2019,31014413359.592674,ok,Electronic Arts Inc,712515,4845000000.0,967000000.0,8584000000.0,3989000000.0,3396000000.0,2493000000.0,,1224000000.0,3547000000.0,297261219.0,sec_company_facts,ok,0.1995872033023736,0.7320949432404541,0.25263157894736843,,0.11265144454799628,0.2847467608951708,0.29042404473438954,0.10213830755232034,-0.16349480968858132,22.87316584227481,22.30121308228914,24.157717880460787,712515
EA,2020,40230832930.805664,ok,Electronic Arts Inc,712515,5150000000.0,1043000000.0,8957000000.0,3626000000.0,4060000000.0,2565000000.0,,1434000000.0,3873000000.0,288687620.0,sec_company_facts,ok,0.20252427184466018,0.7520388349514563,0.2784466019417476,,0.11644523836105838,0.25689655172413794,0.28636820363961146,0.06295149638802888,0.07859358841778707,22.91570118643947,22.362262551622056,24.41789952691465,712515
EA,2021,36815121775.06079,ok,Electronic Arts Inc,712515,4950000000.0,1019000000.0,11112000000.0,3651000000.0,4595000000.0,4258000000.0,,996000000.0,3628000000.0,286191176.0,sec_company_facts,ok,0.20585858585858585,0.7329292929292929,0.2012121212121212,,0.09170266378689705,0.2217627856365615,0.3831893448524118,-0.03883495145631066,-0.0230105465004794,23.131291442398453,22.32265341352701,24.329174515518265,712515
EA,2022,33585923588.312798,ok,Electronic Arts Inc,712515,5537000000.0,3039000000.0,13288000000.0,5448000000.0,5331000000.0,4708000000.0,,1445000000.0,4168000000.0,279893605.0,sec_company_facts,ok,0.5488531695864186,0.7527541990247426,0.26097164529528627,,0.22870258880192654,0.5700619020821609,0.3543046357615894,0.11858585858585857,1.982335623159961,23.310127209257406,22.43471867478724,24.237372875311323,712515
EA,2023,36869612675.04761,ok,Electronic Arts Inc,712515,5629000000.0,837000000.0,13800000000.0,6175000000.0,7461000000.0,,,1046000000.0,4135000000.0,272712152.0,sec_company_facts,ok,0.14869426185823414,0.7345887368982057,0.18582341446082787,,0.06065217391304348,0.11218335343787696,,0.01661549575582444,-0.7245804540967424,23.34793442910957,22.4511976434283,24.330653543985335,712515
EA,2024,38712242544.45488,ok,Electronic Arts Inc,712515,6991000000.0,789000000.0,13459000000.0,6166000000.0,7840000000.0,,,1129000000.0,5132000000.0,266378719.0,sec_company_facts,ok,0.11285939064511515,0.734086682877986,0.16149334859104564,,0.05862248309681254,0.10063775510204082,,0.24196127198436668,-0.05734767025089604,23.32291386419799,22.66788944447626,24.379421731773633,712515
EBAY,2017,33786008047.156895,ok,eBay Inc,1065088,8592000000.0,1725000000.0,23847000000.0,13308000000.0,6576000000.0,1816000000.0,7509000000.0,2197000000.0,6821000000.0,1012079673.0,sec_company_facts,ok,0.200768156424581,0.7938780260707635,0.25570297951582865,0.3148823751415272,0.072336142911058,0.2623175182481752,0.07615213653709062,,,23.894924260205496,22.87409737471292,24.243312590627138,1065088
EBAY,2018,22715739905.239765,ok,eBay Inc,1065088,9298000000.0,7266000000.0,25986000000.0,17937000000.0,10526000000.0,2120000000.0,9234000000.0,2325000000.0,7294000000.0,914880451.0,sec_company_facts,ok,0.7814583781458379,0.7844697784469779,0.2500537750053775,0.35534518586931424,0.27961209882244287,0.6902907087212616,0.08158239051797121,0.08216945996275604,3.212173913043478,23.980823768406957,22.953065160214805,23.846323909047474,1065088
EBAY,2019,22724026341.8226,ok,eBay Inc,1065088,9927000000.0,-1017000000.0,22819000000.0,16538000000.0,8049000000.0,2202000000.0,7685000000.0,2264000000.0,7706000000.0,700853307.0,sec_company_facts,ok,-0.10244786944696282,0.7762667472549613,0.22806487357711291,0.33678075288137077,-0.044568123055348616,-0.12635109951546775,0.0964985319251501,0.06764895676489568,-1.1399669694467383,23.8508593592107,23.018524154553997,23.84668863084774,1065088
EBAY,2020,31142938832.284573,ok,eBay Inc,1065088,8650000000.0,2530000000.0,18174000000.0,15304000000.0,6281000000.0,901000000.0,6738000000.0,1752000000.0,6627000000.0,680445767.0,sec_company_facts,ok,0.292485549132948,0.7661271676300578,0.20254335260115608,0.37074942225156815,0.13920986023990317,0.4028021015761821,0.049576317816661164,-0.12863906517578316,-3.487708947885939,23.623257838219565,22.8808251578902,24.161853373731756,1065088
EBAY,2021,34286695929.448814,ok,eBay Inc,1065088,7429000000.0,1786000000.0,19310000000.0,15749000000.0,2870000000.0,1101000000.0,7740000000.0,1770000000.0,5844000000.0,559842135.0,sec_company_facts,ok,0.24040920716112532,0.7866469242159106,0.23825548526046575,0.40082858622475404,0.09249093733816675,0.6222996515679442,0.05701708959088555,-0.1411560693641618,-0.29407114624505926,23.683888933386836,22.72865709711608,24.258023242098812,1065088
EBAY,2022,20807181818.175507,ok,eBay Inc,1065088,8894000000.0,5667000000.0,26626000000.0,16848000000.0,3561000000.0,1379000000.0,7727000000.0,2636000000.0,7097000000.0,534736900.0,sec_company_facts,ok,0.6371711266022038,0.7979536766359343,0.2963795817404992,0.290205062720649,0.21283707654172612,1.5914069081718618,0.05179148201006535,0.19720016152914255,2.1730123180291154,24.005154018956137,22.908642729034916,23.758564043778335,1065088
EBAY,2023,21027983062.74414,ok,eBay Inc,1065088,10420000000.0,13608000000.0,20850000000.0,15697000000.0,9778000000.0,1379000000.0,7721000000.0,2923000000.0,7770000000.0,502000000.0,sec_company_facts,ok,1.3059500959692898,0.7456813819577736,0.28051823416506716,0.3703117505995204,0.6526618705035971,1.3916956432808345,0.06613908872901679,0.17157634360242868,1.401270513499206,23.76061978519122,23.066992873271634,23.769119914441244,1065088
EBAY,2024,27957744407.65381,ok,eBay Inc,1065088,9795000000.0,-1269000000.0,21620000000.0,15224000000.0,5153000000.0,2154000000.0,6973000000.0,2350000000.0,7115000000.0,461000000.0,sec_company_facts,ok,-0.12955589586523736,0.7263910158244002,0.23991832567636548,0.3225254394079556,-0.058695652173913045,-0.24626431205123228,0.0996299722479186,-0.059980806142034604,-1.0932539682539684,23.796884649157473,23.005137888342915,24.053960078942463,1065088
MSI,2017,12899107019.385338,ok,Motorola Solutions Inc,68505,5695000000.0,610000000.0,8346000000.0,,-964000000.0,967000000.0,4392000000.0,994000000.0,2719000000.0,161307525.0,sec_company_facts,ok,0.10711150131694469,0.4774363476733977,0.17453906935908692,0.5262401150251618,0.0730889048646058,-0.6327800829875518,0.11586388689192427,,,22.84504821911577,22.462854433845557,23.28042392261453,68505
MSI,2018,17007799804.923218,ok,Motorola Solutions Inc,68505,6038000000.0,560000000.0,8463000000.0,,-1742000000.0,1205000000.0,4419000000.0,1048000000.0,2869000000.0,163871288.0,sec_company_facts,ok,0.09274594236502152,0.47515733686651207,0.17356740642596885,0.522155264090748,0.06617038875103391,-0.3214695752009185,0.1423844972232069,0.06022827041264267,-0.08196721311475408,22.85896955763438,22.52133866823106,23.556937887834867,68505
MSI,2019,25184118034.026123,ok,Motorola Solutions Inc,68505,6380000000.0,-155000000.0,8208000000.0,,-1293000000.0,1257000000.0,5289000000.0,1284000000.0,3024000000.0,170579096.0,sec_company_facts,ok,-0.024294670846394983,0.47398119122257054,0.2012539184952978,0.6443713450292398,-0.01888401559454191,0.11987625676720805,0.15314327485380116,0.056641271944352534,-1.2767857142857144,22.828375125374826,22.57643393430311,23.949479396036132,68505
MSI,2020,26783401847.773804,ok,Motorola Solutions Inc,68505,7343000000.0,966000000.0,9409000000.0,,-700000000.0,1001000000.0,5113000000.0,1255000000.0,3480000000.0,169028294.0,sec_company_facts,ok,0.1315538608198284,0.4739207408416179,0.17091107176903172,0.5434158784142842,0.102667658624721,-1.38,0.10638750132851525,0.15094043887147346,-7.232258064516129,22.96493251497104,22.717013315415883,24.01104819855838,68505
MSI,2021,43205696469.80826,ok,Motorola Solutions Inc,68505,7887000000.0,868000000.0,10642000000.0,,-558000000.0,1254000000.0,5163000000.0,1581000000.0,3931000000.0,168209089.0,sec_company_facts,ok,0.1100545200963611,0.498415113477875,0.200456447318372,0.4851531666979891,0.08156361586168014,-1.5555555555555556,0.11783499342228905,0.0740841617867356,-0.10144927536231885,23.08807427312059,22.788481671362266,24.489238186230395,68505
MSI,2022,41309264389.23665,ok,Motorola Solutions Inc,68505,7414000000.0,949000000.0,10876000000.0,,-40000000.0,1874000000.0,5688000000.0,1383000000.0,3608000000.0,167250071.0,sec_company_facts,ok,0.1280010790396547,0.486646884272997,0.1865389803075263,0.5229863920559029,0.08725634424420743,-23.725,0.17230599485104817,-0.05997210599721059,0.09331797235023043,23.109824363716637,22.726635941674953,24.444352631109552,68505
MSI,2023,50501891235.8866,ok,Motorola Solutions Inc,68505,8171000000.0,1245000000.0,12189000000.0,,116000000.0,1325000000.0,6013000000.0,1667000000.0,4040000000.0,166132981.0,sec_company_facts,ok,0.1523681311956921,0.49443152612899277,0.20401419654877004,0.4933136434490114,0.10214127492000985,10.732758620689655,0.10870456969398638,0.10210412732667917,0.31190727081138037,23.22379974262011,22.82385713734898,24.64527662274206,68505
MSI,2024,75724635156.18066,ok,Motorola Solutions Inc,68505,9112000000.0,1363000000.0,12814000000.0,,724000000.0,1705000000.0,4705000000.0,1661000000.0,4229000000.0,166936952.0,sec_company_facts,ok,0.14958296751536435,0.4641132572431958,0.18228709394205445,0.36717652567504294,0.10636803496176057,1.882596685082873,0.13305759325737473,0.11516338269489657,0.09477911646586334,23.27380416016324,22.93285806309129,25.050369375837946,68505
AKAM,2017,11058854444.068565,ok,Akamai Technologies Inc,1086222,2197448000.0,321406000.0,4373146000.0,1148776000.0,2945335000.0,238650000.0,,466150000.0,,170031585.0,sec_company_facts,ok,0.14626330179371708,,0.2121324372635894,,0.07349537381098184,0.109123749929974,0.054571697354719007,,,22.19874849551093,21.51056252398993,23.12649725119052,1086222
AKAM,2018,9969019615.611008,ok,Akamai Technologies Inc,1086222,2347988000.0,320727000.0,4648916000.0,1286447000.0,3162865000.0,324169000.0,,466510000.0,,163212497.0,sec_company_facts,ok,0.13659652434339528,,0.19868500179728346,,0.06898963113121424,0.10140394863517728,0.06973001878287326,0.06850674054630645,-0.0021125927954052104,22.259899911089818,21.576824628166662,23.02274808264589,1086222
AKAM,2019,13983354363.0382,ok,Akamai Technologies Inc,1086222,2489035000.0,222766000.0,5461770000.0,2269910000.0,3270218000.0,313382000.0,,314289000.0,,161881857.0,sec_company_facts,ok,0.08949894236119621,,0.12626941766588257,,0.04078641173099563,0.06811961771355916,0.0573773703396518,0.06007143137017734,-0.3054342166390731,22.42103874999377,21.635160922105236,23.361133485102535,1086222
AKAM,2020,17136495798.623886,ok,Akamai Technologies Inc,1086222,2714474000.0,298373000.0,7006886000.0,3348928000.0,3362469000.0,1036455000.0,,362499000.0,,163220270.0,sec_company_facts,ok,0.10991926981065209,,0.13354299949087742,,0.04258282495248246,0.0887362827731646,0.14791948948505798,0.09057285253120195,0.33940098578777733,22.670159216757618,21.721864033072713,23.564476283392906,1086222
AKAM,2021,18766972765.041748,ok,Akamai Technologies Inc,1086222,2893617000.0,478035000.0,7764130000.0,3512834000.0,3191860000.0,393745000.0,,548918000.0,,160346656.0,sec_company_facts,ok,0.16520327327355347,,0.1896996043360265,,0.061569680054300996,0.14976690706985896,0.05071334457305583,0.06599547462970734,0.6021389334825873,22.772780246059416,21.785773113619463,23.655364394039154,1086222
AKAM,2022,13174049911.115875,ok,Akamai Technologies Inc,1086222,3198149000.0,557054000.0,8138673000.0,3608659000.0,3657958000.0,352917000.0,,658534000.0,,156275794.0,sec_company_facts,ok,0.17418012731739516,,0.2059109816334386,,0.06844531043328562,0.1522855101124726,0.04336296592822933,0.10524267724443148,0.1652996119530996,22.81989298155829,21.88583804189258,23.301514815765287,1086222
AKAM,2023,17933610773.78311,ok,Akamai Technologies Inc,1086222,3461223000.0,651642000.0,8303400000.0,3943213000.0,4251296000.0,536725000.0,,783148000.0,,151530300.0,sec_company_facts,ok,0.18826929094138112,,0.22626337569119354,,0.07847893633933088,0.1532807877880063,0.06463918394874389,0.08225820623116675,0.16980041432248938,22.839930906424215,21.964887831768966,23.60994248598342,1086222
AKAM,2024,14377872547.766357,ok,Akamai Technologies Inc,1086222,3616654000.0,523672000.0,9900037000.0,5302882000.0,4530014000.0,542337000.0,,676274000.0,,150317536.0,sec_company_facts,ok,0.14479460849724635,,0.18698885765682866,,0.052895963924175234,0.11560052573788955,0.054781310413284316,0.04490638135711,-0.19638083487559121,23.015804331453708,22.008815125954488,23.38895623307642,1086222
