year,era,total_rows,needs_review_rows,avg_valuation_gap_pct,median_valuation_gap_pct,avg_quality_score,avg_report_risk_score,orig_n_high_priority,orig_pct_high_priority,orig_n_research_candidate,orig_pct_research_candidate,orig_n_fairly_valued_neutral,orig_pct_fairly_valued_neutral,orig_n_possible_value_trap,orig_pct_possible_value_trap,orig_n_potentially_overvalued,orig_pct_potentially_overvalued,orig_n_needs_review,orig_pct_needs_review,cal_n_high_priority,cal_pct_high_priority,cal_n_research_candidate,cal_pct_research_candidate,cal_n_fairly_valued_neutral,cal_pct_fairly_valued_neutral,cal_n_possible_value_trap,cal_pct_possible_value_trap,cal_n_potentially_overvalued,cal_pct_potentially_overvalued,cal_n_needs_review,cal_pct_needs_review,orig_signal_concentrated,cal_signal_concentrated
2010,legacy_2010_2016,7,0,-10.7,-28.67,50.18,50.0,0,0.0,1,14.3,1,14.3,1,14.3,4,57.1,0,0.0,0,0.0,1,14.3,2,28.6,2,28.6,2,28.6,0,0.0,no,no
2011,legacy_2010_2016,26,3,3264.17,15.05,54.82,50.0,0,0.0,11,42.3,1,3.8,4,15.4,10,38.5,0,0.0,0,0.0,4,15.4,8,30.8,1,3.8,10,38.5,3,11.5,no,no
2012,legacy_2010_2016,26,3,34.39,26.39,49.6,50.0,0,0.0,8,30.8,1,3.8,8,30.8,9,34.6,0,0.0,0,0.0,1,3.8,8,30.8,4,15.4,10,38.5,3,11.5,no,no
2013,legacy_2010_2016,26,2,-0.07,-9.66,50.54,50.0,0,0.0,5,19.2,5,19.2,3,11.5,13,50.0,0,0.0,0,0.0,5,19.2,8,30.8,2,7.7,9,34.6,2,7.7,no,no
2014,legacy_2010_2016,25,3,-20.54,-29.96,51.28,50.0,0,0.0,3,12.0,4,16.0,1,4.0,17,68.0,0,0.0,0,0.0,7,28.0,8,32.0,0,0.0,7,28.0,3,12.0,yes,no
2015,legacy_2010_2016,26,4,7.64,-19.36,46.33,50.0,0,0.0,4,15.4,3,11.5,2,7.7,17,65.4,0,0.0,0,0.0,6,23.1,8,30.8,1,3.8,7,26.9,4,15.4,yes,no
2016,legacy_2010_2016,1,1,107.15,107.15,33.31,50.0,0,0.0,0,0.0,0,0.0,1,100.0,0,0.0,0,0.0,0,0.0,0,0.0,0,0.0,0,0.0,0,0.0,1,100.0,yes,yes
2017,modern_2017_2020,109,8,21.87,7.81,48.02,50.0,0,0.0,34,31.2,35,32.1,17,15.6,23,21.1,0,0.0,0,0.0,16,14.7,33,30.3,9,8.3,43,39.4,8,7.3,no,no
2018,modern_2017_2020,112,3,27.88,23.74,46.72,50.0,0,0.0,43,38.4,18,16.1,31,27.7,20,17.9,0,0.0,0,0.0,16,14.3,34,30.4,15,13.4,44,39.3,3,2.7,no,no
2019,modern_2017_2020,114,2,8.06,1.58,48.78,50.0,0,0.0,30,26.3,24,21.1,18,15.8,42,36.8,0,0.0,0,0.0,17,14.9,34,29.8,16,14.0,45,39.5,2,1.8,no,no
2020,modern_2017_2020,114,5,3.77,-1.6,51.32,50.0,0,0.0,28,24.6,33,28.9,9,7.9,44,38.6,0,0.0,0,0.0,20,17.5,34,29.8,10,8.8,45,39.5,5,4.4,no,no
2021,modern_2021_2024,113,5,-9.37,-12.97,48.87,50.0,0,0.0,19,16.8,25,22.1,9,8.0,60,53.1,0,0.0,0,0.0,19,16.8,34,30.1,13,11.5,42,37.2,5,4.4,no,no
2022,modern_2021_2024,115,4,9.03,-0.66,47.02,50.0,0,0.0,32,27.8,28,24.3,17,14.8,38,33.0,0,0.0,0,0.0,17,14.8,35,30.4,14,12.2,45,39.1,4,3.5,no,no
2023,modern_2021_2024,115,2,3.52,-5.44,56.23,50.0,0,0.0,25,21.7,38,33.0,9,7.8,43,37.4,0,0.0,0,0.0,25,21.7,35,30.4,8,7.0,45,39.1,2,1.7,no,no
2024,modern_2021_2024,116,9,2.08,-9.3,53.22,50.0,0,0.0,21,18.1,29,25.0,9,7.8,57,49.1,0,0.0,0,0.0,19,16.4,35,30.2,10,8.6,43,37.1,9,7.8,no,no
