ticker,company_name,cik,sector,industry,active,universe_group,data_status,notes,validation_status,company_facts_status,market_cap_status,model_output_status,filing_10k_status,filing_10q_status,current_market_status,last_pipeline_run,failure_reason
ADBE,Adobe Systems Inc,796343.0,Technology,,True,current_demo,available,bootstrapped from model outputs,,available,ok,ok,ok,ok,pending,,
ADI,Analog Devices Inc,6281.0,Technology,,True,current_demo,available,bootstrapped from model outputs,,available,ok,ok,ok,ok,pending,,
ADSK,Autodesk Inc,769397.0,Technology,,True,current_demo,available,bootstrapped from model outputs,,available,ok,ok,ok,ok,pending,,
AKAM,Akamai Technologies Inc,1086222.0,Technology,,True,current_demo,available,bootstrapped from model outputs,,available,ok,ok,ok,ok,pending,,
AMAT,Applied Materials Inc,6951.0,Technology,,True,current_demo,available,bootstrapped from model outputs,,available,ok,ok,ok,ok,pending,,
AMZN,Amazon COM Inc,1018724.0,Technology,,True,current_demo,available,bootstrapped from model outputs,,available,ok,ok,ok,ok,pending,,
CRM,Salesforce COM Inc,1108524.0,Technology,,True,current_demo,available,bootstrapped from model outputs,,available,ok,ok,ok,ok,pending,,
CSCO,Cisco Systems Inc,858877.0,Technology,,True,current_demo,available,bootstrapped from model outputs,,available,ok,ok,ok,ok,pending,,
EA,Electronic Arts Inc,712515.0,Technology,,True,current_demo,available,bootstrapped from model outputs,,available,ok,ok,ok,ok,pending,,
EBAY,eBay Inc,1065088.0,Technology,,True,current_demo,available,bootstrapped from model outputs,,available,ok,ok,ok,ok,pending,,
GOOGL,Google Inc.,1652044.0,Technology,,True,current_demo,failed,bootstrapped from model outputs,,,skipped_no_fundamentals,not_in_outputs,pending,ok,pending,,extract returned 0 rows
GRMN,Garmin LTD,1121788.0,Technology,,True,current_demo,available,bootstrapped from model outputs,,available,ok,ok,ok,ok,pending,,
HPQ,HP Inc,47217.0,Technology,,True,current_demo,available,bootstrapped from model outputs,,,,,,,,,
INTC,Intel Corp,50863.0,Technology,,True,current_demo,available,bootstrapped from model outputs,,available,ok,ok,ok,ok,pending,,
INTU,Intuit Inc,896878.0,Technology,,True,current_demo,available,bootstrapped from model outputs,,available,ok,ok,ok,ok,pending,,
LOGI,Logitech International SA,1032975.0,Technology,,True,current_demo,available,bootstrapped from model outputs,,,,,,,,,
LRCX,LAM Research Corp,707549.0,Technology,,True,current_demo,available,bootstrapped from model outputs,,available,ok,ok,ok,ok,pending,,
META,Facebook Inc,1326801.0,Technology,,True,current_demo,available,bootstrapped from model outputs,,available,ok,ok,ok,ok,pending,,
MSFT,Microsoft Corp,789019.0,Technology,,True,current_demo,available,bootstrapped from model outputs,,available,ok,ok,ok,ok,pending,,
MSI,Motorola Solutions Inc,68505.0,Technology,,True,current_demo,available,bootstrapped from model outputs,,available,ok,ok,ok,ok,pending,,
MU,Micron Technology Inc,723125.0,Technology,,True,current_demo,available,bootstrapped from model outputs,,available,ok,ok,ok,ok,pending,,
NFLX,Netflix Inc,1065280.0,Technology,,True,current_demo,available,bootstrapped from model outputs,,available,ok,ok,ok,ok,pending,,
NVDA,Nvidia Corp,1045810.0,Technology,,True,current_demo,available,bootstrapped from model outputs,,available,ok,ok,ok,ok,pending,,
ORCL,Oracle Corp,1341439.0,Technology,,True,current_demo,available,bootstrapped from model outputs,,available,ok,ok,ok,ok,pending,,
QCOM,Qualcomm Inc/De,804328.0,Technology,,True,current_demo,available,bootstrapped from model outputs,,available,ok,ok,ok,ok,pending,,
STX,Seagate Technology PLC,1137789.0,Technology,,True,current_demo,available,bootstrapped from model outputs,,,,,,,,,
TSLA,Tesla Motors Inc,1318605.0,Technology,,True,current_demo,available,bootstrapped from model outputs,,available,ok,ok,ok,ok,pending,,
TXN,Texas Instruments Inc,97476.0,Technology,,True,current_demo,available,bootstrapped from model outputs,,available,ok,ok,ok,ok,pending,,
WDC,Western Digital Corp,106040.0,Technology,,True,current_demo,available,bootstrapped from model outputs,,,,,,,,,
IBM,,,,,True,custom,pending,added via expand_universe_for_tickers; data not yet generated,,,available,,unavailable,failed,available,2026-07-18T01:26:15,too many values to unpack (expected 2)
AAPL,Apple Inc,320193.0,Technology,,True,expanded_100,available,Mega-cap consumer electronics + services,,available,ok,ok,ok,ok,ok,,
AMD,Advanced Micro Devices,2488.0,Technology,,True,expanded_100,available,CPU / GPU / data center chips,,available,ok,ok,ok,ok,ok,,
AVGO,Broadcom Inc,1730168.0,Technology,,True,expanded_100,available,Semiconductors / networking / software,,available,ok,ok,ok,ok,ok,,
KLAC,KLA Corp,319201.0,Technology,,True,expanded_100,available,Semiconductor process control / inspection,,available,ok,ok,ok,ok,ok,,
MCHP,Microchip Technology Inc,827054.0,Technology,,True,expanded_100,available,Microcontrollers / analog,,available,ok,ok,ok,ok,ok,,
ON,ON Semiconductor Corp,1097864.0,Technology,,True,expanded_100,available,Power / sensing / connectivity chips,,available,ok,ok,ok,ok,ok,,
SWKS,Skyworks Solutions Inc,4127.0,Technology,,True,expanded_100,available,RF / analog semiconductors,,available,ok,ok,ok,ok,ok,,
MRVL,Marvell Technology Inc,1835632.0,Technology,,True,expanded_100,available,Data infrastructure semiconductors,,available,ok,ok,ok,ok,ok,,
NOW,ServiceNow Inc,1373715.0,Technology,,True,expanded_100,available,Enterprise workflow / IT management cloud,,available,ok,ok,ok,ok,ok,,
PANW,Palo Alto Networks Inc,1327567.0,Technology,,True,expanded_100,available,Cybersecurity platform,,available,ok,ok,ok,ok,ok,,
FTNT,Fortinet Inc,1262039.0,Technology,,True,expanded_100,available,Network security / SASE,,available,ok,ok,ok,ok,ok,,
WDAY,Workday Inc,1327811.0,Technology,,True,expanded_100,available,HR / finance cloud software,,available,ok,ok,ok,ok,ok,,
CDNS,Cadence Design Systems Inc,813672.0,Technology,,True,expanded_100,available,EDA software / semiconductor design,,available,ok,ok,ok,ok,ok,,
SNPS,Synopsys Inc,883241.0,Technology,,True,expanded_100,available,EDA software / semiconductor IP,,available,ok,ok,ok,ok,ok,,
CTSH,Cognizant Technology Solutions,1058290.0,Technology,,True,expanded_100,available,IT services / consulting,,available,ok,ok,ok,ok,ok,,
OKTA,Okta Inc,1660134.0,Technology,,True,expanded_100,available,Identity management / zero trust,,available,ok,ok,ok,ok,ok,,
DDOG,Datadog Inc,1561550.0,Technology,,True,expanded_100,available,Cloud monitoring / observability,,available,ok,ok,ok,ok,ok,,
ZS,Zscaler Inc,1713683.0,Technology,,True,expanded_100,available,Cloud security / zero trust network,,available,ok,ok,ok,ok,ok,,
MPWR,Monolithic Power Systems Inc,1280452.0,Technology,,True,expanded_100,available,Power management semiconductors,,available,ok,ok,ok,ok,ok,,
T,AT&T Inc,732717.0,Communication Services,,True,expanded_100,available,Telecom / wireless / fiber,,available,ok,ok,ok,ok,ok,,
VZ,Verizon Communications Inc,732712.0,Communication Services,,True,expanded_100,available,Wireless / broadband,,available,ok,ok,ok,ok,ok,,
CMCSA,Comcast Corp,1166691.0,Communication Services,,True,expanded_100,available,Cable / broadband / NBCUniversal,,available,ok,ok,ok,ok,ok,,
DIS,Walt Disney Co,1744489.0,Communication Services,,True,expanded_100,available,Entertainment / streaming / parks,,available,ok,ok,ok,ok,ok,,
TMUS,T-Mobile US Inc,1283699.0,Communication Services,,True,expanded_100,available,Wireless / broadband,,available,ok,ok,ok,ok,ok,,
CHTR,Charter Communications Inc,1091667.0,Communication Services,,True,expanded_100,available,Cable / broadband,,available,ok,ok,ok,ok,ok,,
JPM,JPMorgan Chase & Co,19617.0,Financials,,True,expanded_100,available,Diversified banking / investment bank,,available,ok,ok,ok,ok,ok,,
BAC,Bank of America Corp,70858.0,Financials,,True,expanded_100,available,Retail / commercial banking,,available,ok,ok,ok,ok,ok,,
GS,Goldman Sachs Group Inc,886982.0,Financials,,True,expanded_100,pending,Investment banking / asset management,,,skipped_no_fundamentals,not_in_outputs,pending,ok,pending,,
MS,Morgan Stanley,895421.0,Financials,,True,expanded_100,pending,Investment banking / wealth management,,,skipped_no_fundamentals,not_in_outputs,pending,ok,pending,,
V,Visa Inc,1403161.0,Financials,,True,expanded_100,available,Payment network,,available,ok,ok,ok,ok,ok,,
MA,Mastercard Inc,1141391.0,Financials,,True,expanded_100,available,Payment network,,available,ok,ok,ok,ok,ok,,
AXP,American Express Co,4962.0,Financials,,True,expanded_100,available,Charge / credit cards / travel,,available,ok,ok,ok,ok,ok,,
BLK,BlackRock Inc,2012383.0,Financials,,True,expanded_100,available,Asset management / iShares ETFs,,available,ok,ok,ok,ok,ok,,
C,Citigroup Inc,831001.0,Financials,,True,expanded_100,available,Global banking / institutional,,available,ok,ok,ok,ok,ok,,
WFC,Wells Fargo & Co,72971.0,Financials,,True,expanded_100,available,Retail / commercial banking,,available,ok,ok,ok,ok,ok,,
SCHW,Charles Schwab Corp,316709.0,Financials,,True,expanded_100,failed,Brokerage / wealth / banking,,,skipped_no_fundamentals,not_in_outputs,pending,ok,pending,,SEC facts: requests: 404 Client Error: Not Found for url: https://data.sec.gov/api/xbrl/companyfacts/CIK0000316557.json | urllib: <urlopen error [SSL: CERTIFICATE_VERIFY_FAILED] certificate verify fai
COF,Capital One Financial Corp,927628.0,Financials,,True,expanded_100,available,Credit cards / banking,,available,ok,ok,ok,ok,ok,,
ICE,Intercontinental Exchange Inc,1571949.0,Financials,,True,expanded_100,available,Exchange operator / data / mortgage,,available,ok,ok,ok,ok,ok,,
CME,CME Group Inc,1156375.0,Financials,,True,expanded_100,available,Futures / derivatives exchange,,available,ok,ok,ok,ok,ok,,
CB,Chubb Ltd,896159.0,Financials,,True,expanded_100,available,Property & casualty insurance,,available,ok,ok,ok,ok,ok,,
JNJ,Johnson & Johnson,200406.0,Healthcare,,True,expanded_100,available,Pharma / medtech,,available,ok,ok,ok,ok,ok,,
UNH,UnitedHealth Group Inc,731766.0,Healthcare,,True,expanded_100,available,Managed care / Optum,,available,ok,ok,ok,ok,ok,,
ABBV,AbbVie Inc,1551152.0,Healthcare,,True,expanded_100,available,Immunology / oncology biotech,,available,ok,ok,ok,ok,ok,,
PFE,Pfizer Inc,78003.0,Healthcare,,True,expanded_100,available,Large-cap pharmaceutical,,available,ok,ok,ok,ok,ok,,
MRK,Merck & Co Inc,310158.0,Healthcare,,True,expanded_100,available,Pharma / oncology / vaccines,,available,ok,ok,ok,ok,ok,,
TMO,Thermo Fisher Scientific Inc,97745.0,Healthcare,,True,expanded_100,available,Lab instruments / life science tools,,available,ok,ok,ok,ok,ok,,
ABT,Abbott Laboratories,1800.0,Healthcare,,True,expanded_100,available,Diagnostics / devices / nutrition,,available,ok,ok,ok,ok,ok,,
AMGN,Amgen Inc,318154.0,Healthcare,,True,expanded_100,available,Biopharmaceuticals / biosimilars,,available,ok,ok,ok,ok,ok,,
GILD,Gilead Sciences Inc,882095.0,Healthcare,,True,expanded_100,available,Antiviral / oncology biotech,,available,ok,ok,ok,ok,ok,,
VRTX,Vertex Pharmaceuticals Inc,875320.0,Healthcare,,True,expanded_100,available,Cystic fibrosis / gene editing,,available,ok,ok,ok,ok,ok,,
REGN,Regeneron Pharmaceuticals Inc,872589.0,Healthcare,,True,expanded_100,available,Antibody medicines / retinal / oncology,,available,ok,ok,ok,ok,ok,,
BMY,Bristol-Myers Squibb Co,14272.0,Healthcare,,True,expanded_100,available,Oncology / immunology pharma,,available,ok,ok,ok,ok,ok,,
ISRG,Intuitive Surgical Inc,1035267.0,Healthcare,,True,expanded_100,available,Robotic surgery systems,,available,ok,ok,ok,ok,ok,,
HCA,HCA Healthcare Inc,860730.0,Healthcare,,True,expanded_100,available,Hospital / health system operator,,available,ok,ok,ok,ok,ok,,
BIIB,Biogen Inc,875045.0,Healthcare,,True,expanded_100,available,Neuroscience / MS / Alzheimer's,,available,ok,ok,ok,ok,ok,,
HD,Home Depot Inc,354950.0,Consumer Discretionary,,True,expanded_100,available,Home improvement retail,,available,ok,ok,ok,ok,ok,,
WMT,Walmart Inc,104169.0,Consumer Discretionary,,True,expanded_100,available,Mass retail / grocery / e-commerce,,available,ok,ok,ok,ok,ok,,
COST,Costco Wholesale Corp,909832.0,Consumer Discretionary,,True,expanded_100,available,Warehouse club retail,,available,ok,ok,ok,ok,ok,,
NKE,Nike Inc,320187.0,Consumer Discretionary,,True,expanded_100,available,Athletic footwear and apparel,,available,ok,ok,ok,ok,ok,,
MCD,McDonald's Corp,63908.0,Consumer Discretionary,,True,expanded_100,available,Quick-service restaurant / franchise,,available,ok,ok,ok,ok,ok,,
SBUX,Starbucks Corp,829224.0,Consumer Discretionary,,True,expanded_100,available,Coffee retail / digital loyalty,,available,ok,ok,ok,ok,ok,,
LOW,Lowe's Companies Inc,60667.0,Consumer Discretionary,,True,expanded_100,available,Home improvement retail,,available,ok,ok,ok,ok,ok,,
TGT,Target Corp,27419.0,Consumer Discretionary,,True,expanded_100,available,Mass merchandise retail,,available,ok,ok,ok,ok,ok,,
BKNG,Booking Holdings Inc,1075531.0,Consumer Discretionary,,True,expanded_100,available,Online travel / accommodations,,available,ok,ok,ok,ok,ok,,
PG,Procter & Gamble Co,80424.0,Consumer Staples,,True,expanded_100,available,Consumer products / household / beauty,,available,ok,ok,ok,ok,ok,,
KO,Coca-Cola Co,21344.0,Consumer Staples,,True,expanded_100,available,Beverage brands,,available,ok,ok,ok,ok,ok,,
PEP,PepsiCo Inc,77476.0,Consumer Staples,,True,expanded_100,available,Beverages and snacks,,available,ok,ok,ok,ok,ok,,
PM,Philip Morris International Inc,1413329.0,Consumer Staples,,True,expanded_100,available,Tobacco / smoke-free products,,available,ok,ok,ok,ok,ok,,
CL,Colgate-Palmolive Co,21665.0,Consumer Staples,,True,expanded_100,available,Oral care / personal care / home care,,available,ok,ok,ok,ok,ok,,
MDLZ,Mondelez International Inc,1103982.0,Consumer Staples,,True,expanded_100,available,Global snacks / biscuits / chocolate,,available,ok,ok,ok,ok,ok,,
GE,GE Aerospace,40545.0,Industrials,,True,expanded_100,failed,Jet engines / aerospace / defense,,,skipped_no_fundamentals,not_in_outputs,pending,ok,pending,,extract returned 0 rows
HON,Honeywell International Inc,773840.0,Industrials,,True,expanded_100,available,Aerospace / building automation / safety,,available,ok,ok,ok,ok,ok,,
CAT,Caterpillar Inc,18230.0,Industrials,,True,expanded_100,available,Construction / mining equipment,,available,ok,ok,ok,ok,ok,,
DE,Deere & Company,315189.0,Industrials,,True,expanded_100,available,Agricultural / construction equipment,,available,ok,ok,ok,ok,ok,,
MMM,3M Co,66740.0,Industrials,,True,expanded_100,available,Industrial / safety / consumer products,,available,ok,ok,ok,ok,ok,,
UPS,United Parcel Service Inc,1090727.0,Industrials,,True,expanded_100,available,Package delivery / logistics,,available,ok,ok,ok,ok,ok,,
BA,Boeing Co,12927.0,Industrials,,True,expanded_100,available,Commercial / defense aircraft,,available,ok,ok,ok,ok,ok,,
LMT,Lockheed Martin Corp,936468.0,Industrials,,True,expanded_100,available,Defense / aerospace / government,,available,ok,ok,ok,ok,ok,,
FDX,FedEx Corp,1048911.0,Industrials,,True,expanded_100,failed,Express delivery / freight / logistics,,,skipped_no_fundamentals,not_in_outputs,pending,ok,pending,,SEC facts: requests: 404 Client Error: Not Found for url: https://data.sec.gov/api/xbrl/companyfacts/CIK0000230569.json | urllib: <urlopen error [SSL: CERTIFICATE_VERIFY_FAILED] certificate verify fai
NOC,Northrop Grumman Corp,1133421.0,Industrials,,True,expanded_100,available,Aerospace / defense / cyber,,available,ok,ok,ok,ok,ok,,
XOM,Exxon Mobil Corp,34088.0,Energy,,True,expanded_100,available,Integrated oil & gas / chemicals,,available,ok,ok,ok,ok,ok,,
CVX,Chevron Corp,93410.0,Energy,,True,expanded_100,available,Integrated oil & gas,,available,ok,ok,ok,ok,ok,,
COP,ConocoPhillips,1163165.0,Energy,,True,expanded_100,available,Oil & gas exploration & production,,available,ok,ok,ok,ok,ok,,
SLB,Schlumberger Ltd,87347.0,Energy,,True,expanded_100,available,Oilfield services & technology,,available,ok,ok,ok,ok,ok,,
OXY,Occidental Petroleum Corp,797468.0,Energy,,True,expanded_100,available,Oil & gas E&P / chemicals,,available,ok,ok,ok,ok,ok,,
NEE,NextEra Energy Inc,753308.0,Utilities,,True,expanded_100,available,Renewable energy / regulated utility,,available,ok,ok,ok,ok,ok,,
DUK,Duke Energy Corp,1326160.0,Utilities,,True,expanded_100,available,Electric / gas utility,,available,ok,ok,ok,ok,ok,,
SO,Southern Co,92122.0,Utilities,,True,expanded_100,available,Electric utility / natural gas,,available,ok,ok,ok,ok,ok,,
EQIX,Equinix Inc,1101239.0,Real Estate,,True,expanded_100,available,Data center REIT / colocation,,available,ok,ok,ok,ok,ok,,
PLD,Prologis Inc,1045609.0,Real Estate,,True,expanded_100,available,Industrial / logistics REIT,,available,ok,ok,ok,ok,ok,,
AMT,American Tower Corp,1053507.0,Real Estate,,True,expanded_100,failed,Cell tower REIT / infrastructure,,,skipped_no_fundamentals,not_in_outputs,pending,ok,pending,,SEC facts: requests: 404 Client Error: Not Found for url: https://data.sec.gov/api/xbrl/companyfacts/CIK0001053354.json | urllib: <urlopen error [SSL: CERTIFICATE_VERIFY_FAILED] certificate verify fai
CVS,CVS Health Corp,64803.0,Healthcare,,True,expanded_100,available,Pharmacy / PBM / health insurance,,available,ok,ok,ok,ok,ok,,
PYPL,PayPal Holdings Inc,1633917.0,Financials,,True,expanded_100,available,Digital payments / fintech,,available,ok,ok,ok,ok,ok,,
APLD,,,,,True,custom,pending,added via expand_universe_for_tickers; data not yet generated,,,available,,unavailable,unavailable,available,2026-07-18T10:42:33,no CIK for 10-Q lookup
SOFI,,,,,True,custom,pending,added via expand_universe_for_tickers; data not yet generated,,,available,,unavailable,unavailable,available,2026-07-18T10:43:43,no CIK for 10-Q lookup
