ticker,company_name,cik,source,mapping_quality_flag
MSFT,Microsoft Corp,789019,ticker_mapping_csv,ok
GOOGL,Google Inc.,1288776,ticker_mapping_csv,ok
AMZN,Amazon COM Inc,1018724,ticker_mapping_csv,ok
META,Facebook Inc,1326801,ticker_mapping_csv,ok
NVDA,Nvidia Corp,1045810,ticker_mapping_csv,ok
ORCL,Oracle Corp,1341439,ticker_mapping_csv,ok
NFLX,Netflix Inc,1065280,ticker_mapping_csv,ok
TSLA,Tesla Motors Inc,1318605,ticker_mapping_csv,ok
ADBE,Adobe Systems Inc,796343,ticker_mapping_csv,ok
QCOM,Qualcomm Inc/De,804328,ticker_mapping_csv,ok
TXN,Texas Instruments Inc,97476,ticker_mapping_csv,ok
CRM,Salesforce COM Inc,1108524,ticker_mapping_csv,ok
GRMN,Garmin LTD,1121788,ticker_mapping_csv,ok
LOGI,Logitech International SA,1032975,ticker_mapping_csv,ok
HPQ,HP Inc,47217,ticker_mapping_csv,ok
SNDK,Sandisk Corp,1000180,ticker_mapping_csv,ok
INTC,Intel Corp,50863,ticker_mapping_csv,ok
CSCO,Cisco Systems Inc,858877,ticker_mapping_csv,ok
MU,Micron Technology Inc,723125,ticker_mapping_csv,ok
AMAT,Applied Materials Inc,6951,ticker_mapping_csv,ok
ADI,Analog Devices Inc,6281,ticker_mapping_csv,ok
XLNX,Xilinx Inc,743988,ticker_mapping_csv,ok
WDC,Western Digital Corp,106040,ticker_mapping_csv,ok
STX,Seagate Technology PLC,1137789,ticker_mapping_csv,ok
LRCX,LAM Research Corp,707549,ticker_mapping_csv,ok
INTU,Intuit Inc,896878,ticker_mapping_csv,ok
SYMC,Symantec Corp,849399,ticker_mapping_csv,ok
ADSK,Autodesk Inc,769397,ticker_mapping_csv,ok
VMW,VMware Inc,1124610,ticker_mapping_csv,ok
EA,Electronic Arts Inc,712515,ticker_mapping_csv,ok
ATVI,Activision Blizzard Inc,718877,ticker_mapping_csv,ok
EBAY,eBay Inc,1065088,ticker_mapping_csv,ok
MSI,Motorola Solutions Inc,68505,ticker_mapping_csv,ok
JNPR,Juniper Networks Inc,1043604,ticker_mapping_csv,ok
AKAM,Akamai Technologies Inc,1086222,ticker_mapping_csv,ok
AAPL,Apple Inc,320193,expanded_ticker_seed,ok
AMD,Advanced Micro Devices,2488,expanded_ticker_seed,ok
AVGO,Broadcom Inc,1730168,expanded_ticker_seed,ok
KLAC,KLA Corp,319201,expanded_ticker_seed,ok
MCHP,Microchip Technology Inc,827054,expanded_ticker_seed,ok
ON,ON Semiconductor Corp,863894,expanded_ticker_seed,ok
SWKS,Skyworks Solutions Inc,4127,expanded_ticker_seed,ok
MRVL,Marvell Technology Inc,1058057,expanded_ticker_seed,ok
NOW,ServiceNow Inc,1373715,expanded_ticker_seed,ok
PANW,Palo Alto Networks Inc,1327567,expanded_ticker_seed,ok
FTNT,Fortinet Inc,1262039,expanded_ticker_seed,ok
WDAY,Workday Inc,1327811,expanded_ticker_seed,ok
CDNS,Cadence Design Systems Inc,813672,expanded_ticker_seed,ok
SNPS,Synopsys Inc,883241,expanded_ticker_seed,ok
CTSH,Cognizant Technology Solutions,1058290,expanded_ticker_seed,ok
OKTA,Okta Inc,1660134,expanded_ticker_seed,ok
DDOG,Datadog Inc,1707753,expanded_ticker_seed,ok
ZS,Zscaler Inc,1713683,expanded_ticker_seed,ok
MPWR,Monolithic Power Systems Inc,1280452,expanded_ticker_seed,ok
T,AT&T Inc,732717,expanded_ticker_seed,ok
VZ,Verizon Communications Inc,732712,expanded_ticker_seed,ok
CMCSA,Comcast Corp,1166691,expanded_ticker_seed,ok
DIS,Walt Disney Co,1001039,expanded_ticker_seed,ok
TMUS,T-Mobile US Inc,1283699,expanded_ticker_seed,ok
CHTR,Charter Communications Inc,1091667,expanded_ticker_seed,ok
JPM,JPMorgan Chase & Co,19617,expanded_ticker_seed,ok
BAC,Bank of America Corp,70858,expanded_ticker_seed,ok
GS,Goldman Sachs Group Inc,886982,expanded_ticker_seed,ok
MS,Morgan Stanley,895421,expanded_ticker_seed,ok
V,Visa Inc,1403161,expanded_ticker_seed,ok
MA,Mastercard Inc,1141391,expanded_ticker_seed,ok
AXP,American Express Co,4962,expanded_ticker_seed,ok
BLK,BlackRock Inc,1364742,expanded_ticker_seed,ok
C,Citigroup Inc,831001,expanded_ticker_seed,ok
WFC,Wells Fargo & Co,72971,expanded_ticker_seed,ok
SCHW,Charles Schwab Corp,316557,expanded_ticker_seed,ok
COF,Capital One Financial Corp,927628,expanded_ticker_seed,ok
ICE,Intercontinental Exchange Inc,1571949,expanded_ticker_seed,ok
CME,CME Group Inc,1156375,expanded_ticker_seed,ok
CB,Chubb Ltd,896159,expanded_ticker_seed,ok
JNJ,Johnson & Johnson,200406,expanded_ticker_seed,ok
UNH,UnitedHealth Group Inc,731766,expanded_ticker_seed,ok
ABBV,AbbVie Inc,1551152,expanded_ticker_seed,ok
PFE,Pfizer Inc,78003,expanded_ticker_seed,ok
MRK,Merck & Co Inc,310158,expanded_ticker_seed,ok
TMO,Thermo Fisher Scientific Inc,97745,expanded_ticker_seed,ok
ABT,Abbott Laboratories,1800,expanded_ticker_seed,ok
AMGN,Amgen Inc,318154,expanded_ticker_seed,ok
GILD,Gilead Sciences Inc,882184,expanded_ticker_seed,ok
VRTX,Vertex Pharmaceuticals Inc,875320,expanded_ticker_seed,ok
REGN,Regeneron Pharmaceuticals Inc,872589,expanded_ticker_seed,ok
BMY,Bristol-Myers Squibb Co,14272,expanded_ticker_seed,ok
ISRG,Intuitive Surgical Inc,1035267,expanded_ticker_seed,ok
HCA,HCA Healthcare Inc,860730,expanded_ticker_seed,ok
BIIB,Biogen Inc,875045,expanded_ticker_seed,ok
HD,Home Depot Inc,354950,expanded_ticker_seed,ok
WMT,Walmart Inc,104169,expanded_ticker_seed,ok
COST,Costco Wholesale Corp,909832,expanded_ticker_seed,ok
NKE,Nike Inc,320187,expanded_ticker_seed,ok
MCD,McDonald's Corp,63908,expanded_ticker_seed,ok
SBUX,Starbucks Corp,829224,expanded_ticker_seed,ok
LOW,Lowe's Companies Inc,60667,expanded_ticker_seed,ok
TGT,Target Corp,27419,expanded_ticker_seed,ok
BKNG,Booking Holdings Inc,1075531,expanded_ticker_seed,ok
PG,Procter & Gamble Co,80424,expanded_ticker_seed,ok
KO,Coca-Cola Co,21344,expanded_ticker_seed,ok
PEP,PepsiCo Inc,77476,expanded_ticker_seed,ok
PM,Philip Morris International Inc,1413329,expanded_ticker_seed,ok
CL,Colgate-Palmolive Co,21665,expanded_ticker_seed,ok
MDLZ,Mondelez International Inc,1418135,expanded_ticker_seed,ok
GE,GE Aerospace,40554,expanded_ticker_seed,ok
HON,Honeywell International Inc,773840,expanded_ticker_seed,ok
CAT,Caterpillar Inc,18230,expanded_ticker_seed,ok
DE,Deere & Company,315189,expanded_ticker_seed,ok
MMM,3M Co,66740,expanded_ticker_seed,ok
UPS,United Parcel Service Inc,1090727,expanded_ticker_seed,ok
BA,Boeing Co,12927,expanded_ticker_seed,ok
LMT,Lockheed Martin Corp,936468,expanded_ticker_seed,ok
FDX,FedEx Corp,230569,expanded_ticker_seed,ok
NOC,Northrop Grumman Corp,1133421,expanded_ticker_seed,ok
XOM,Exxon Mobil Corp,34088,expanded_ticker_seed,ok
CVX,Chevron Corp,93410,expanded_ticker_seed,ok
COP,ConocoPhillips,1163165,expanded_ticker_seed,ok
SLB,Schlumberger Ltd,87347,expanded_ticker_seed,ok
OXY,Occidental Petroleum Corp,797468,expanded_ticker_seed,ok
NEE,NextEra Energy Inc,753308,expanded_ticker_seed,ok
DUK,Duke Energy Corp,1326160,expanded_ticker_seed,ok
SO,Southern Co,92122,expanded_ticker_seed,ok
EQIX,Equinix Inc,1101239,expanded_ticker_seed,ok
PLD,Prologis Inc,1045609,expanded_ticker_seed,ok
AMT,American Tower Corp,1053354,expanded_ticker_seed,ok
CVS,CVS Health Corp,64803,expanded_ticker_seed,ok
PYPL,PayPal Holdings Inc,1633917,expanded_ticker_seed,ok
