company_id,ticker,year,market_cap,data_quality_flag,company_name,assets,cash,CommonStockSharesOutstanding,cost_of_revenue,gross_profit,liabilities,LongTermDebt,LongTermDebtNoncurrent,net_income,operating_income,Revenues,SalesRevenueNet,equity,revenue,debt,profit_margin,gross_margin,debt_to_assets,return_on_assets,return_on_equity,cash_to_assets,revenue_growth,net_income_growth,log_assets,log_revenue,log_market_cap
789019,MSFT,2010,177555885452.2705,ok,Microsoft Corp,108704000000.0,9610000000.0,8376000000.0,15577000000.0,54366000000.0,51621000000.0,11900000000.0,11921000000.0,23150000000.0,27161000000.0,,69943000000.0,57083000000.0,69943000000.0,11900000000.0,0.3309838010951775,0.777290079064381,0.10947159258168973,0.21296364439211068,0.4055498134295675,0.08840521047983514,,,25.411894428924583,24.97094646157079,25.902551243926197
789019,MSFT,2011,169639207029.34265,ok,Microsoft Corp,121271000000.0,6938000000.0,8381000000.0,17530000000.0,56193000000.0,54908000000.0,11900000000.0,10713000000.0,16978000000.0,21763000000.0,,73723000000.0,66363000000.0,73723000000.0,11900000000.0,0.23029448069123612,0.762218032364391,0.09812733464719513,0.1400004947596705,0.2558353299278212,0.05721070989766721,0.054044007263057026,-0.266609071274298,25.52129354764362,25.023580663439837,25.8569397071098
789019,MSFT,2012,178341411392.2119,ok,Microsoft Corp,142431000000.0,3804000000.0,8328000000.0,20249000000.0,57600000000.0,63487000000.0,15600000000.0,12601000000.0,21863000000.0,26764000000.0,,77849000000.0,78944000000.0,77849000000.0,15600000000.0,0.2808385464167812,0.7398938971598864,0.10952671820039177,0.15349888718045931,0.2769431495743818,0.026707668976557068,0.05596625205159844,0.2877252915537756,25.68212350886103,25.07803688992876,25.90696559167483
789019,MSFT,2013,254592907035.82764,ok,Microsoft Corp,172384000000.0,8669000000.0,8239000000.0,26934000000.0,59899000000.0,82600000000.0,20600000000.0,20645000000.0,22074000000.0,27759000000.0,,86833000000.0,89784000000.0,86833000000.0,20600000000.0,0.2542121082998399,0.6898183870187602,0.11950064971227028,0.12805132726935214,0.24585672280139,0.05028888992017821,0.11540289534868786,0.009651008553263507,25.872990383444535,25.187252570692763,26.26293166343509
789019,MSFT,2014,316413669342.041,ok,Microsoft Corp,176223000000.0,5595000000.0,8027000000.0,33038000000.0,60542000000.0,96140000000.0,30300000000.0,27808000000.0,12193000000.0,18161000000.0,,93580000000.0,80083000000.0,93580000000.0,30300000000.0,0.13029493481513144,0.646954477452447,0.1719412335506716,0.06919074127667785,0.15225453591898405,0.03174954461108936,0.07770087409164717,-0.4476306967473045,25.895016075414414,25.262082522384482,26.480316274631228
789019,MSFT,2015,377622197753.90625,ok,Microsoft Corp,193694000000.0,6510000000.0,7808000000.0,32780000000.0,52540000000.0,121697000000.0,40800000000.0,40783000000.0,16798000000.0,20182000000.0,,85320000000.0,71997000000.0,85320000000.0,40800000000.0,0.19688232536333802,0.6157993436474449,0.21064152735758465,0.0867244209939389,0.23331527702543162,0.033609714291614606,-0.08826672365890142,0.3776757155745101,25.98954543114393,25.169674730549563,26.657160055914442
1288776,GOOGL,2011,208005255635.28094,ok,Google Inc.,72574000000.0,9983000000.0,324895000.0,13188000000.0,,,3000000000.0,2986000000.0,9737000000.0,11742000000.0,,37905000000.0,58145000000.0,37905000000.0,3000000000.0,0.25687903970452447,,0.0413371179761347,0.13416650591120788,0.16746065869808238,0.13755614958525092,,,25.00787256791271,24.35834886645468,26.060829183805826
1288776,GOOGL,2012,231368935883.4105,ok,Google Inc.,93798000000.0,14778000000.0,329979000.0,,,,3000000000.0,2988000000.0,10737000000.0,12760000000.0,50175000000.0,50175000000.0,71715000000.0,50175000000.0,3000000000.0,0.21399103139013453,,0.03198362438431523,0.11446939167146421,0.14971763229449905,0.15755133371713684,0.3237039968341908,0.10270103728047664,25.264409370769652,24.63878273162881,26.167279398456785
1288776,GOOGL,2013,373062257936.7408,ok,Google Inc.,110920000000.0,18898000000.0,335832000.0,,,,3255000000.0,1990000000.0,12920000000.0,13966000000.0,59825000000.0,,87309000000.0,59825000000.0,3255000000.0,0.21596322607605517,,0.02934547421565092,0.11648034619545619,0.1479801624116643,0.17037504507753334,0.19232685600398614,0.2033156375151346,25.43207505769399,24.81468947074085,26.64501115402063
1288776,GOOGL,2015,530063393497.0093,ok,Google Inc.,147461000000.0,16549000000.0,687348000.0,28164000000.0,,,3225000000.0,1995000000.0,16348000000.0,19360000000.0,74989000000.0,,120331000000.0,74989000000.0,3225000000.0,0.21800530744509194,,0.021870189406012437,0.11086321128976476,0.13585859005576287,0.11222628355972088,0.13617975485219924,0.1318194405981723,25.716829570984988,25.040607273059447,26.996262446711544
1018724,AMZN,2011,78760497570.03784,ok,Amazon COM Inc,25278000000.0,5269000000.0,455000000.0,,,,384000000.0,255000000.0,631000000.0,862000000.0,,48077000000.0,7757000000.0,48077000000.0,384000000.0,0.013124779000353599,,0.015191075243294565,0.024962417912809558,0.08134588113961583,0.20844212358572672,,,23.953200289171345,24.596069729219995,25.08967740824484
1018724,AMZN,2012,113894979515.07568,ok,Amazon COM Inc,32555000000.0,8084000000.0,454000000.0,,,,3691000000.0,3084000000.0,-39000000.0,676000000.0,,61093000000.0,8192000000.0,61093000000.0,3691000000.0,-0.0006383710081351383,,0.1133773613884196,-0.0011979726616495163,-0.0047607421875,0.2483182306865305,0.2707323668282131,-1.0618066561014263,24.206196803635237,24.835663130275965,25.458542628421725
1018724,AMZN,2013,183044617424.01123,ok,Amazon COM Inc,40159000000.0,8658000000.0,459000000.0,,,,3967000000.0,3191000000.0,274000000.0,745000000.0,,74452000000.0,9746000000.0,74452000000.0,3967000000.0,0.0036802234997045076,,0.09878234019771409,0.006822879055753381,0.02811409809152473,0.21559301775442616,0.21866662301736706,-8.025641025641026,24.41611241162146,25.033420459382498,25.932995771130916
1018724,AMZN,2014,144312749290.4663,ok,Amazon COM Inc,54505000000.0,14557000000.0,465000000.0,,,,9881000000.0,8265000000.0,-241000000.0,178000000.0,,88988000000.0,10741000000.0,88988000000.0,9881000000.0,-0.0027082303231896437,,0.18128612053940005,-0.004421612696082928,-0.022437389442323805,0.26707641500779744,0.1952398861011122,-1.8795620437956204,24.721558277526732,25.211767366127297,25.69524865149465
1018724,AMZN,2015,318344175338.7451,ok,Amazon COM Inc,65444000000.0,15890000000.0,471000000.0,,,,8562000000.0,8235000000.0,596000000.0,2233000000.0,,107006000000.0,13384000000.0,107006000000.0,8562000000.0,0.0055697811337682,,0.13082941140517082,0.009107022798117474,0.04453078302450687,0.24280300715115213,0.20247673843664304,-3.4730290456431536,24.90446065206724,25.39615074460254,26.486398946834793
1045810,NVDA,2010,8299842663.741419,ok,Nvidia Corp,4495246000.0,665361000.0,588555701.0,2134219000.0,1409090000.0,,,,253146000.0,255747000.0,3543309000.0,,3181462000.0,3543309000.0,,0.0714433880872371,0.39767629636591106,,0.0563141594475586,0.07956907861857222,0.1480143689577834,,,22.226286230847474,21.98832687325204,22.83950239539356
1045810,NVDA,2011,7769836869.281373,ok,Nvidia Corp,5552928000.0,667876000.0,612191412.0,1941413000.0,2056517000.0,,,,581090000.0,648299000.0,3997930000.0,,4145724000.0,3997930000.0,,0.14534771744377714,0.5143954496451913,,0.10464569322706868,0.14016610850119304,0.12027456505828997,0.12830407960468593,1.295473758226478,22.43759119315748,22.10904256411696,22.773515006161087
1045810,NVDA,2012,6968806095.987474,ok,Nvidia Corp,6412245000.0,732786000.0,616756134.0,2053816000.0,2226343000.0,,,,562536000.0,648239000.0,4280159000.0,,4827703000.0,4280159000.0,,0.13142876234270737,0.5201542746426009,,0.0877284008954742,0.1165224952736322,0.11427916431764538,0.07059378228233104,-0.03192964945189214,22.581475280570736,22.1772559953828,22.66470975522283
1045810,NVDA,2013,8569381696.917545,ok,Nvidia Corp,7250894000.0,1151587000.0,567996734.0,1862399000.0,2267763000.0,,1356375000.0,,439990000.0,496227000.0,4130162000.0,,4456398000.0,4130162000.0,1356375000.0,0.10653093026375236,0.5490736198725377,0.1870631400762444,0.060680793292523655,0.09873220479858397,0.1588200020576773,-0.035044726142183014,-0.2178456134362956,22.704390608555727,22.141582468331663,22.87146141956917
1045810,NVDA,2014,10473354155.28655,ok,Nvidia Corp,7201368000.0,496654000.0,544913000.0,2082030000.0,2599477000.0,,1384342000.0,,630587000.0,758989000.0,4681507000.0,,4417982000.0,4681507000.0,1384342000.0,0.13469743823943872,0.5552650033418726,0.19223319791461843,0.08756489044859254,0.14273190791632923,0.06896661856469494,0.13349234243112007,0.4331848451101161,22.697536844920705,22.26688590358935,23.072100169196087
1045810,NVDA,2015,17312679424.28589,ok,Nvidia Corp,7370000000.0,596000000.0,539000000.0,2199000000.0,2811000000.0,2814000000.0,1413000000.0,,614000000.0,747000000.0,5010000000.0,,4469000000.0,5010000000.0,1413000000.0,0.12255489021956088,0.5610778443113772,0.19172320217096336,0.08331071913161466,0.13739091519355562,0.08086838534599729,0.07016821720014521,-0.026304062722510957,22.720683543147658,22.334701752043184,23.574704984697934
1341439,ORCL,2010,128344271598.81592,ok,Oracle Corp,73535000000.0,16163000000.0,5068000000.0,2057000000.0,,,,,,12033000000.0,35622000000.0,6944000000.0,39776000000.0,35622000000.0,,,,,,,0.21980009519276536,,,25.02102732029869,24.296229261463004,25.577982112171465
1341439,ORCL,2011,102525603160.85815,ok,Oracle Corp,78327000000.0,14955000000.0,4905000000.0,,,,,,9981000000.0,13706000000.0,37121000000.0,,43688000000.0,37121000000.0,,0.26887745480994585,,,0.12742732391129497,0.2284609045962278,0.1909303305373626,0.04208073662343503,,25.084158208090006,24.33744868415672,25.353378391268514
1341439,ORCL,2012,127200874252.31934,ok,Oracle Corp,81812000000.0,14613000000.0,4646000000.0,,,,,,10925000000.0,14684000000.0,37180000000.0,,44648000000.0,37180000000.0,,0.2938407746100054,,,0.13353786730552974,0.24469181150331482,0.17861682882706692,0.0015893968373696943,0.0945797014327221,25.127689769062332,24.33903681923971,25.56903336088164
1341439,ORCL,2013,142176060241.69922,ok,Oracle Corp,90344000000.0,17769000000.0,4464000000.0,,,,,,10955000000.0,14759000000.0,38275000000.0,,46878000000.0,38275000000.0,,0.2862181580666231,,,0.12125874435491012,0.23369171039720124,0.19668157265562738,0.02945131791285638,0.0027459954233408634,25.22689044336778,24.36806277849016,25.680331987411975
1341439,ORCL,2014,164568626502.99072,ok,Oracle Corp,110903000000.0,21716000000.0,4343000000.0,,,,,,9938000000.0,13871000000.0,38226000000.0,,48663000000.0,38226000000.0,,0.25998011824412703,,,0.08960983922887568,0.2042208659556542,0.195810753541383,-0.0012802090137165045,-0.09283432222729349,25.431921782334506,24.366781749308817,25.826593502544462
1341439,ORCL,2015,128936440629.9591,ok,Oracle Corp,112180000000.0,20152000000.0,4131000000.0,,,,,,8901000000.0,12604000000.0,37047000000.0,,47289000000.0,37047000000.0,,0.24026236942262533,,,0.07934569441968266,0.18822559157520777,0.17963986450347655,-0.03084288180819339,-0.10434695109680014,25.4433705610266,24.335453213750206,25.582585411592575
1065280,NFLX,2011,3838569549.1425543,ok,Netflix Inc,3069196000.0,508053000.0,55398615.0,2039901000.0,1164676000.0,2426386000.0,,,226126000.0,376068000.0,3204577000.0,,642810000.0,3204577000.0,,0.070563447219399,0.3634414152008206,,0.07367597246966306,0.3517773525614101,0.16553292784168883,,,21.844681474995724,21.887845937329498,22.068365620901627
1065280,NFLX,2012,5129356542.953664,ok,Netflix Inc,3967890000.0,290291000.0,55398615.0,2625866000.0,,3223217000.0,,,17152000.0,49992000.0,3609282000.0,,744673000.0,3609282000.0,,0.00475219171015177,,,0.00432270047808785,0.023032928547160967,0.07316004223907417,0.12628967879380015,-0.9241484835887956,22.10150030421059,22.006774697542813,22.358246058038603
1065280,NFLX,2013,21945508084.73034,ok,Netflix Inc,5412563000.0,604965000.0,59607001.0,3083256000.0,,4079002000.0,,500000000.0,112403000.0,228347000.0,4374562000.0,,1333561000.0,4374562000.0,500000000.0,0.025694686690919,,0.09237767763626954,0.020767056198699212,0.0842878578482724,0.1117705235024516,0.21203109094828276,5.553346548507463,22.41198856993014,22.199072237458505,23.811828312460666
1065280,NFLX,2014,20638656748.459698,ok,Netflix Inc,7056651000.0,1113608000.0,60415841.0,3752760000.0,,5198943000.0,,900000000.0,266799000.0,402648000.0,5504656000.0,,1857708000.0,5504656000.0,900000000.0,0.048467878828395455,,0.12753925339371325,0.037808161406877004,0.1436172961520325,0.15780970321474025,0.2583330628300615,1.37359323149738,22.677236413299795,22.42886011652187,23.75043169542549
1065280,NFLX,2015,48947826351.82648,ok,Netflix Inc,10202871000.0,1809330000.0,427940440.0,4591476000.0,,7979445000.0,,,122641000.0,305826000.0,6779511000.0,,2223426000.0,6779511000.0,,0.01808994778531962,,,0.0120202441058012,0.05515857060230473,0.17733537942408564,0.23159576184233854,-0.540324364034348,23.045934988219457,22.637170812403856,24.61402079945846
1318605,TSLA,2011,2985385579.584628,ok,Tesla Motors Inc,713448000.0,255266000.0,104530305.0,142647000.0,61595000.0,489403000.0,,268335000.0,-254411000.0,-251488000.0,204242000.0,,224045000.0,204242000.0,268335000.0,-1.245635079954172,0.3015785195992989,0.37611010192754063,-0.35659361298931386,-1.135535271931978,0.3577920184792725,,,20.38562011205709,19.134816123250655,21.8169947478391
1318605,TSLA,2012,3868437283.924384,ok,Tesla Motors Inc,1114190000.0,201890000.0,114214274.0,383189000.0,30067000.0,989490000.0,452336000.0,401495000.0,-396213000.0,-394283000.0,413256000.0,,124700000.0,413256000.0,452336000.0,-0.958759219466868,0.07275635441469694,0.4059774365233937,-0.3556063149014082,-3.1773295910184443,0.18119889785404644,1.0233644402228728,0.5573736984642959,20.83139352046135,19.83957781361627,22.076116459834356
1318605,TSLA,2013,18516579071.928974,ok,Tesla Motors Inc,2416930000.0,845889000.0,123090990.0,1557234000.0,456262000.0,1749810000.0,,0.0,-74014000.0,-61283000.0,2013496000.0,,667120000.0,2013496000.0,0.0,-0.03675895060134214,0.22660189044328868,0.0,-0.030623145891689043,-0.11094555702122556,0.3499848981972999,3.8722728768608317,-0.8131964372698524,21.605763976725815,21.423138351663297,23.641932333763858
1318605,TSLA,2014,27954180893.421677,ok,Tesla Motors Inc,5849251000.0,1905713000.0,125687607.0,2316685000.0,881671000.0,4879345000.0,2959795000.0,,-294040000.0,-186689000.0,3198356000.0,,911710000.0,3198356000.0,2959795000.0,-0.09193473146829184,0.27566380978227567,0.5060126501666624,-0.05026968410143452,-0.3225148347610534,0.3258046201128999,0.5884590781407064,2.972761909908936,22.489579455805067,21.885902764737345,24.053832610098645
1318605,TSLA,2015,31543316034.793858,ok,Tesla Motors Inc,8092460000.0,1196908000.0,131425000.0,3122522000.0,923503000.0,6961471000.0,,,-888663000.0,-716629000.0,4046025000.0,,1088944000.0,4046025000.0,,-0.21963853411681836,0.22824945471172323,,-0.10981370312611986,-0.8160777781042918,0.1479040983829392,0.26503272306147285,2.0222520745476804,22.81419860090414,22.12100075461504,24.174627550392728
796343,ADBE,2011,13895836025.009155,ok,Adobe Systems Inc,8991183000.0,989500000.0,491540000.0,437873000.0,3778385000.0,3208070000.0,,,832847000.0,1099299000.0,4216258000.0,,5783113000.0,4216258000.0,,0.19753226676356142,0.8961465356247175,,0.09262930139448836,0.14401361342930702,0.11005225897415279,,,22.919510267428933,22.162213841759026,23.354855065657933
796343,ADBE,2012,18618893910.79712,ok,Adobe Systems Inc,9974523000.0,1425052000.0,494132000.0,483782000.0,3919895000.0,3309341000.0,,,832775000.0,1180191000.0,4403677000.0,,6665182000.0,4403677000.0,,0.18910901049282225,0.8901413523289742,,0.08349020800292906,0.12494407504551264,0.14286918782983407,0.04445150178191182,-8.645045248412142e-05,23.023299979030075,22.205705710701174,23.647442703743945
796343,ADBE,2013,29716109210.063934,ok,Adobe Systems Inc,10380298000.0,834556000.0,496261000.0,586557000.0,3468683000.0,3655664000.0,,,289985000.0,422723000.0,4055240000.0,,6724634000.0,4055240000.0,,0.0715087146506742,0.8553582525325258,,0.027936095861602433,0.043122793002563414,0.0803980772035639,-0.079124104697052,-0.65178469574615,23.063175423327934,22.123275708952242,24.11495513335588
796343,ADBE,2014,36167085281.79932,ok,Adobe Systems Inc,10785829000.0,1117400000.0,497484000.0,622080000.0,3524985000.0,4009924000.0,,,268395000.0,412685000.0,4147065000.0,,6775905000.0,4147065000.0,,0.06471926531173251,0.8499951170285491,,0.024884039975045034,0.039610207049833195,0.10359889814681839,0.022643542675649275,-0.07445212683414659,23.101498979851108,22.14566669206901,24.311415295803794
796343,ADBE,2015,46764178675.354,ok,Adobe Systems Inc,11726472000.0,876560000.0,497809000.0,744317000.0,4051194000.0,4724892000.0,,,629551000.0,903095000.0,4795511000.0,,7001580000.0,4795511000.0,,0.13127923176487344,0.844788803528967,,0.05368630906209472,0.08991556191602466,0.07475053025325946,0.15636263236771075,1.345613740941523,23.185114687108822,22.29094610894677,24.568383333872198
804328,QCOM,2011,62942511547.08862,ok,Qualcomm Inc/De,36422000000.0,5462000000.0,1681000000.0,4877000000.0,,9450000000.0,,,4260000000.0,5026000000.0,14957000000.0,,26951000000.0,14957000000.0,,0.28481647389182324,,,0.11696227554774587,0.15806463582056324,0.14996430728680468,,,24.31843882462004,23.4284452546236,24.865487631616986
804328,QCOM,2012,73100945503.23486,ok,Qualcomm Inc/De,43012000000.0,3807000000.0,1706000000.0,7096000000.0,,9467000000.0,,,6109000000.0,5682000000.0,19121000000.0,,33523000000.0,19121000000.0,,0.3194916583860677,,,0.14203013112619733,0.18223309369686483,0.08851018320468707,0.2783980744801766,0.4340375586854459,24.48474498347469,23.674053044457235,25.015107137999273
804328,QCOM,2013,88694979400.63477,ok,Qualcomm Inc/De,45516000000.0,6142000000.0,1685000000.0,9820000000.0,,9429000000.0,,,6853000000.0,7230000000.0,24866000000.0,,36088000000.0,24866000000.0,,0.27559720099734575,,,0.15056243958168555,0.18989691864331634,0.1349415590122155,0.3004549971235815,0.12178752660009828,24.541329749441175,23.936767245477157,25.208469122637833
804328,QCOM,2014,89835365154.26636,ok,Qualcomm Inc/De,48574000000.0,7907000000.0,1669000000.0,10686000000.0,,9408000000.0,,,7967000000.0,7550000000.0,26487000000.0,,39169000000.0,26487000000.0,,0.3007890663344282,,,0.16401778729361385,0.20340064847200592,0.16278255857042861,0.06518941526582478,0.16255654457901647,24.606354245276442,23.999919883533966,25.2212445560443
804328,QCOM,2015,56902363952.63672,ok,Qualcomm Inc/De,50796000000.0,7560000000.0,1524000000.0,10378000000.0,,19382000000.0,9969000000.0,,5271000000.0,5776000000.0,25281000000.0,,31421000000.0,25281000000.0,9969000000.0,0.20849649934733594,,0.19625561067800615,0.10376801322938814,0.16775404983927947,0.148830616583983,-0.04553177030241251,-0.33839588301744694,24.651083448273198,23.953318962404737,24.764602722956237
1108524,CRM,2010,17247206388.387222,ok,Salesforce COM Inc,3091165000.0,424292000.0,132921147.0,323813000.0,1333326000.0,1814674000.0,,,64474000.0,97497000.0,1657139000.0,,1276491000.0,1657139000.0,,0.038906814696896275,0.8045951486266391,,0.0208575084151121,0.05050877757853365,0.1372595768909133,,,21.851813879454607,21.2283584584145,23.570916018809413
1108524,CRM,2011,13667277815.431114,ok,Salesforce COM Inc,4164154000.0,607284000.0,137036541.0,488886000.0,1777653000.0,2498053000.0,,,-11572000.0,-35085000.0,2266539000.0,,,2266539000.0,,-0.005105581682027091,0.7843028511752942,,-0.0027789558215186084,,0.14583610500476207,0.36774223526209937,-1.179483202531253,22.149778970684803,21.541519835344722,23.338270332185058
1108524,CRM,2012,24192417429.48532,ok,Salesforce COM Inc,5528956000.0,747245000.0,146406655.0,683579000.0,2366616000.0,3157711000.0,,,-270445000.0,-110710000.0,3050195000.0,,2317633000.0,3050195000.0,,-0.08866482306868904,0.7758900660449578,,-0.04891429774445664,-0.11669017484649209,0.1351511931004696,0.3457500620990859,22.37063601797442,22.433264846231115,21.838471359948244,23.909305091651042
1108524,CRM,2013,33101125911.540985,ok,Salesforce COM Inc,9152930000.0,781635000.0,610143000.0,968428000.0,3102575000.0,6087715000.0,,255000000.0,-232175000.0,-286074000.0,4071003000.0,,3038510000.0,4071003000.0,255000000.0,-0.05703139987860485,0.7621156260508773,0.02785993119143269,-0.025366194213219156,-0.0764108066124515,0.08539724437966859,0.33466975062250115,-0.14150751539129958,22.93733988355405,22.127155243386657,24.222833134205327
1108524,CRM,2014,37930629833.96912,ok,Salesforce COM Inc,10692982000.0,908117000.0,650596000.0,,4084316000.0,6717799000.0,,,-262688000.0,-145633000.0,5373586000.0,,3975183000.0,5373586000.0,,-0.04888504622425323,0.7600726963335098,,-0.024566393172643516,-0.06608198918137857,0.08492644989021772,0.31996611154548393,0.13142241843437064,23.09285347537527,22.404761306583776,24.359024797675954
1108524,CRM,2015,51706286511.405945,ok,Salesforce COM Inc,12770772000.0,1158363000.0,670929000.0,,5012668000.0,7767903000.0,,,-47426000.0,114923000.0,6667216000.0,,5002869000.0,6667216000.0,,-0.007113313862937694,0.7518382485283213,,-0.0037136361059456704,-0.009479760513417401,0.09070422680790166,0.24073867990574627,-0.8194588256791326,23.270424959353086,22.620468218437598,24.668845207033904
1121788,GRMN,2011,4883893133.573862,ok,Garmin LTD,4471338000.0,1287160000.0,194662617.0,,1338592000.0,,,,520896000.0,553767000.0,,2758569000.0,3256581000.0,2758569000.0,,0.1888283381709865,0.48524869234737283,,0.11649667280800512,0.1599518022121974,0.28786908974450154,,,22.220953529641005,21.73797790395827,22.309208512032846
1121788,GRMN,2012,5237197145.59824,ok,Garmin LTD,4819124000.0,1231180000.0,195591854.0,,1438480000.0,,,,542403000.0,604160000.0,,2715675000.0,3531796000.0,2715675000.0,,0.1997304537545914,0.5296951954854686,,0.11255219828333946,0.153577103547317,0.2554779665349968,-0.015549366356252148,0.04128847217102849,22.295858005753118,21.722306378216313,22.379052296293327
1121788,GRMN,2013,6207381826.441498,ok,Garmin LTD,4879603000.0,1179149000.0,195150102.0,,1407300000.0,,,,612412000.0,574032000.0,,2631851000.0,3659706000.0,2631851000.0,,0.23269250424891075,0.5347187207786459,,0.12550447239252865,0.16733912505540063,0.24164855214655784,-0.030866727425041707,0.12907192622459673,22.30832970104316,21.690953237864772,22.549005037942912
1121788,GRMN,2014,7224952885.227203,ok,Garmin LTD,4693303000.0,1196268000.0,191815.0,,1604412000.0,,,,364211000.0,690626000.0,,2870658000.0,3403367000.0,2870658000.0,,0.12687369934001194,0.5589004332804535,,0.07760227711698989,0.10701490612090908,0.2548882950877026,0.09073727958003697,-0.4052843510577846,22.26940243591913,21.777807108732667,22.700806549847826
1121788,GRMN,2015,5252868167.110443,ok,Garmin LTD,4499391000.0,833070000.0,189722.0,,1538704000.0,,,,456227000.0,549581000.0,,2820270000.0,3345126000.0,2820270000.0,,0.16176713577068863,0.5455874792129831,,0.10139750023947686,0.1363855950418609,0.18515172386662995,-0.017552770131447182,0.2526447581209794,22.22720789123097,21.760098461994055,22.38204008191769
1032975,LOGI,2013,1860168731.2660215,ok,Logitech International SA,1451390000.0,469412000.0,173106000.0,,727869000.0,647262000.0,,,,75986000.0,,2128713000.0,804128000.0,2128713000.0,,,0.34192913746474984,,,,0.32342237441349325,0.013729336348739407,,21.095787554885167,21.47878340869793,21.343933036291517
47217,HPQ,2011,32386345823.621754,ok,HP Inc,129517000000.0,8043000000.0,1991000000.0,,,,26339000000.0,,7074000000.0,9677000000.0,127245000000.0,,38625000000.0,127245000000.0,26339000000.0,0.055593540021218905,,0.20336326505400834,0.05461831265393732,0.18314563106796117,0.062099955990333314,,,25.58707798360158,25.569380198874217,24.20100274572328
47217,HPQ,2012,18071459885.89382,ok,HP Inc,108768000000.0,11301000000.0,1963000000.0,,,,27132000000.0,,,-11057000000.0,120357000000.0,,22436000000.0,120357000000.0,27132000000.0,,,0.24944836716681376,,,0.10390004413062666,-0.054131792997760275,,25.412483010460118,25.51372816317329,23.61759972887343
47217,HPQ,2013,35474646155.3421,ok,HP Inc,105676000000.0,12163000000.0,1908000000.0,,,,,,,7131000000.0,112298000000.0,,27269000000.0,112298000000.0,,,,,,,0.11509708921609448,-0.06695912992181596,,25.383643646330597,25.444421889093217,24.29208408546334
47217,HPQ,2014,49982059825.96207,ok,HP Inc,103206000000.0,15133000000.0,1839000000.0,,,,,,,7185000000.0,111454000000.0,,26731000000.0,111454000000.0,,,,,,,0.146629071953181,-0.007515717109832787,,25.35999282783872,25.43687778666811,24.634929974508427
47217,HPQ,2015,14766076240.53955,ok,HP Inc,106882000000.0,17433000000.0,1804000000.0,,,,,,,5471000000.0,103355000000.0,,27768000000.0,103355000000.0,,,,,,,0.16310510656611965,-0.07266675040824022,,25.394991259134517,25.36143550119761,23.41559824081938
50863,INTC,2011,83796930313.11035,ok,Intel Corp,71119000000.0,5065000000.0,5000000000.0,,33757000000.0,,,7084000000.0,12942000000.0,17477000000.0,,53999000000.0,45911000000.0,53999000000.0,7084000000.0,0.23967110502046335,0.6251412063186356,0.09960769977080668,0.18197668696129024,0.2818932282023916,0.07121866167971991,,,24.9876203673108,24.712231364820695,25.151662212655044
50863,INTC,2012,72903254150.39062,ok,Intel Corp,84351000000.0,8478000000.0,4944000000.0,,33151000000.0,,,13136000000.0,11005000000.0,14638000000.0,,53341000000.0,51203000000.0,53341000000.0,13136000000.0,0.2063140923492248,0.6214919105378602,0.15573022252255456,0.1304667401690555,0.21492881276487705,0.10050858910979123,-0.01218541084094149,-0.14966774841600994,25.158252501232667,24.69997110318109,25.012399113516064
50863,INTC,2013,95889016529.08324,ok,Intel Corp,92358000000.0,5674000000.0,4967000000.0,,31521000000.0,,,13165000000.0,9620000000.0,12291000000.0,,52708000000.0,58256000000.0,52708000000.0,13165000000.0,0.18251498823707976,0.5980306594824315,0.142543147318045,0.10415989952142748,0.16513320516341665,0.061434851339353384,-0.011867044112408798,-0.12585188550658788,25.248938166802404,24.688033083629417,25.28645728181875
50863,INTC,2014,132197334327.69775,ok,Intel Corp,91956000000.0,2561000000.0,4748000000.0,,35609000000.0,,,12107000000.0,11704000000.0,15347000000.0,,55870000000.0,55865000000.0,55870000000.0,12107000000.0,0.20948630749955252,0.6373545731161625,0.1316607942929227,0.12727826351733437,0.20950505683343776,0.02785027621906129,0.05999089322304019,0.2166320166320166,25.244576038722677,24.746293400417468,25.607561600224983
50863,INTC,2015,128644390296.93604,ok,Intel Corp,103065000000.0,15308000000.0,4725000000.0,,34679000000.0,,22707000000.0,20036000000.0,11420000000.0,14002000000.0,,55355000000.0,61085000000.0,55355000000.0,22707000000.0,0.2063047601842652,0.6264836058169994,0.2203172755057488,0.11080386164071217,0.18695260702300073,0.14852762819579876,-0.009217827098621845,-0.024265208475734767,25.35862569409756,24.737032826257842,25.580317770346753
858877,CSCO,2011,63954817485.809326,ok,Cisco Systems Inc,87095000000.0,7662000000.0,5435000000.0,16682000000.0,26536000000.0,39836000000.0,16234000000.0,16234000000.0,6490000000.0,7674000000.0,,43218000000.0,47226000000.0,43218000000.0,16234000000.0,0.1501689111018557,0.6140034244990513,0.18639416728859293,0.07451633274011138,0.13742430017363316,0.08797290315173087,,,25.190265313875837,24.489522912081693,24.881442694202896
858877,CSCO,2012,69577888200.75989,ok,Cisco Systems Inc,91759000000.0,9799000000.0,5298000000.0,,28209000000.0,40458000000.0,,16297000000.0,8041000000.0,10065000000.0,46061000000.0,46061000000.0,51286000000.0,46061000000.0,16297000000.0,0.17457284904800155,0.612426998979614,0.17760655630510358,0.087631730947373,0.15678742736809265,0.10679061454462233,0.06578277569531221,0.23898305084745752,25.242431411713373,24.55323244191526,24.965712655545055
858877,CSCO,2013,82610887282.37152,ok,Cisco Systems Inc,101191000000.0,7925000000.0,5389000000.0,,29440000000.0,42063000000.0,16201000000.0,12928000000.0,9983000000.0,11196000000.0,48607000000.0,48607000000.0,59120000000.0,48607000000.0,16201000000.0,0.2053819408727138,0.60567407986504,0.16010317123064305,0.09865501872696189,0.1688599458728011,0.07831724165192556,0.05527452725733273,0.24151224972018404,25.340275657038696,24.607033390402925,25.13740731608016
858877,CSCO,2014,100189700864.79189,ok,Cisco Systems Inc,105134000000.0,6726000000.0,5107000000.0,,27769000000.0,48473000000.0,20901000000.0,20401000000.0,7853000000.0,9345000000.0,47142000000.0,47142000000.0,56654000000.0,47142000000.0,20901000000.0,0.1665818166390904,0.5890501039412838,0.1988034318108319,0.07469515095021592,0.13861333709888093,0.06397549793596743,-0.030139691813936276,-0.213362716618251,25.378501563941224,24.57643016036815,25.330331234533833
858877,CSCO,2015,100376133642.19666,ok,Cisco Systems Inc,113481000000.0,6877000000.0,5085000000.0,,29681000000.0,53774000000.0,25351000000.0,21457000000.0,8981000000.0,10770000000.0,49161000000.0,49161000000.0,59698000000.0,49161000000.0,25351000000.0,0.1826854620532536,0.6037509407863957,0.22339422458385105,0.07914100157735657,0.15044055077222018,0.06060045293925855,0.04282805141911661,0.14363937348783895,25.45490125897372,24.618366463178607,25.332190303218766
723125,MU,2011,6038243290.3289795,ok,Micron Technology Inc,14752000000.0,2160000000.0,984300000.0,,1758000000.0,4900000000.0,2001000000.0,1861000000.0,167000000.0,755000000.0,,8788000000.0,8470000000.0,8788000000.0,2001000000.0,0.019003186162949475,0.20004551661356396,0.13564262472885033,0.011320498915401302,0.01971664698937426,0.14642082429501085,,,23.41464450376065,22.896652991468773,22.52137896061722
723125,MU,2012,6292765780.830383,ok,Micron Technology Inc,14328000000.0,2459000000.0,1017700000.0,,968000000.0,5911000000.0,3262000000.0,3038000000.0,-1032000000.0,-618000000.0,,8234000000.0,7700000000.0,8234000000.0,3262000000.0,-0.12533398105416566,0.11756133106631042,0.22766610831937464,-0.07202680067001675,-0.13402597402597402,0.17162199888330543,-0.0630405097860719,-7.179640718562874,23.38548150170482,22.831537760294125,22.562666521798146
723125,MU,2013,22154326633.45337,ok,Micron Technology Inc,19118000000.0,2880000000.0,1044400000.0,,1847000000.0,9112000000.0,,,1190000000.0,236000000.0,,9073000000.0,9142000000.0,9073000000.0,,0.13115838201256474,0.2035710349388295,,0.0622450047076054,0.13016845329249618,0.15064337273773407,0.10189458343453972,-2.1531007751937983,23.67389613658798,22.928568807133903,23.821298647701237
723125,MU,2014,36637368553.16162,ok,Micron Technology Inc,22498000000.0,4150000000.0,1073000000.0,,5437000000.0,10868000000.0,,,3045000000.0,3087000000.0,,16358000000.0,10771000000.0,16358000000.0,,0.18614745078860495,0.33237559603863553,,0.13534536403235845,0.282703555844397,0.1844608409636412,0.8029317755979279,1.5588235294117645,23.836692253317047,23.517982911259192,24.324334555209305
723125,MU,2015,14970110752.105713,ok,Micron Technology Inc,24143000000.0,2287000000.0,1084000000.0,,5215000000.0,10855000000.0,,,2899000000.0,2998000000.0,,16192000000.0,12302000000.0,16192000000.0,,0.17903903162055335,0.32207262845849804,,0.12007621256678955,0.2356527393919688,0.09472725013461458,-0.010147939845946974,-0.04794745484400653,23.90726031995643,23.507783130051465,23.429321433620835
6951,AMAT,2011,11275872993.469238,ok,Applied Materials Inc,13861000000.0,5960000000.0,1306000000.0,,4360000000.0,5061000000.0,1900000000.0,1947000000.0,1926000000.0,2398000000.0,,10517000000.0,8800000000.0,10517000000.0,1900000000.0,0.183132071883617,0.41456689169915373,0.1370752470961691,0.13895101363537984,0.21886363636363637,0.4299834066806147,,,23.352344978177626,23.076258832484303,23.1459311466965
6951,AMAT,2012,11388031900.405884,ok,Applied Materials Inc,12102000000.0,1392000000.0,1197000000.0,,3313000000.0,4867000000.0,1900000000.0,1946000000.0,109000000.0,411000000.0,,8719000000.0,7235000000.0,8719000000.0,1900000000.0,0.01250143365064801,0.379974767748595,0.15699884316641877,0.009006775739547182,0.015065653075328266,0.11502231036192365,-0.17096130075116478,-0.9434060228452752,23.21663656514654,22.88877038939209,23.15582880758816
6951,AMAT,2014,26466010133.743286,ok,Applied Materials Inc,13174000000.0,3002000000.0,1221000000.0,,3843000000.0,5306000000.0,,1947000000.0,1072000000.0,1520000000.0,,9072000000.0,7868000000.0,9072000000.0,1947000000.0,0.11816578483245149,0.4236111111111111,0.14779110368908457,0.08137240018217702,0.1362480935434672,0.22787308334598452,0.2081502197363163,3.1875,23.301511027164914,22.928458583931807,23.999127110193868
6951,AMAT,2015,19230875015.25879,ok,Applied Materials Inc,15308000000.0,4797000000.0,1160000000.0,,3952000000.0,7695000000.0,3342000000.0,3342000000.0,1377000000.0,1693000000.0,,9659000000.0,7613000000.0,9659000000.0,3342000000.0,0.14256134175380475,0.40915208613728127,0.2183172197543768,0.08995296576953227,0.18087481938788913,0.3133655604912464,0.06470458553791891,0.2845149253731343,23.451641404509868,22.99115596014357,23.67978289812545
6281,ADI,2011,7744719616.001766,ok,Analog Devices Inc,5277635000.0,1405100000.0,297960718.0,,1986541000.0,,,,867394000.0,1072025000.0,,2993320000.0,3795413000.0,2993320000.0,,0.2897765691606644,0.6636580786551388,,0.1643527830173932,0.22853744770331977,0.26623667608692153,,,22.38674391765328,21.819648976239506,22.770277108223432
6281,ADI,2012,9429536903.967148,ok,Analog Devices Inc,5620347000.0,528833000.0,301389176.0,,1741001000.0,,,,651236000.0,824048000.0,,2701142000.0,4165359000.0,2701142000.0,,0.24109654361007307,0.644542567551058,,0.11587113749382379,0.15634570753685337,0.09409258894513096,-0.097610011625887,-0.24920393731107204,22.449659242718184,21.71694048349604,22.96711282358072
6281,ADI,2013,12141462078.882248,ok,Analog Devices Inc,6381750000.0,392089000.0,311045084.0,,1692411000.0,,,,673487000.0,753075000.0,,2633689000.0,4739576000.0,2633689000.0,,0.25572001857470644,0.6426009297225299,,0.10553327848944255,0.14209857590636799,0.061439103694127785,-0.024972030348645147,0.03416733718651921,22.57670819136205,21.69165136192219,23.219892050159864
6281,ADI,2014,13625789480.532389,ok,Analog Devices Inc,6859690000.0,569233000.0,311204926.0,,1830188000.0,,,,629320000.0,752484000.0,,2864773000.0,4757897000.0,2864773000.0,,0.21967534600472707,0.6388596932462014,,0.09174175509388909,0.13226852115546006,0.08298232135854536,0.08774156705670255,-0.0655795880247132,22.648928088158755,21.775754951862393,23.33523011934237
6281,ADI,2015,13992128442.874542,ok,Analog Devices Inc,7062178000.0,884353000.0,312060682.0,,2259262000.0,,,,696878000.0,830841000.0,,3435092000.0,5072959000.0,3435092000.0,,0.20287025791448962,0.6577005797806871,,0.09867749014539141,0.1373711082624559,0.12522383321405947,0.19907999691424072,0.10735079133032488,22.678019339459226,21.957309545377054,23.36176075435718
106040,WDC,2011,5762872513.057709,ok,Western Digital Corp,8118000000.0,3490000000.0,233000000.0,,1791000000.0,2630000000.0,294000000.0,150000000.0,726000000.0,781000000.0,,,5488000000.0,,294000000.0,,,0.03621581670362158,0.08943089430894309,0.13228862973760933,0.4299088445429909,,,22.817349655363117,,22.47470188752823
106040,WDC,2012,8406034465.484619,ok,Western Digital Corp,14206000000.0,3208000000.0,246000000.0,,3638000000.0,6537000000.0,2185000000.0,1955000000.0,1612000000.0,1771000000.0,,,7669000000.0,,2185000000.0,,,0.1538082500351964,0.11347318034633254,0.21019689659668797,0.2258200760242151,,1.2203856749311295,23.37693024752203,,22.852215673626166
106040,WDC,2013,16311676707.881927,ok,Western Digital Corp,14036000000.0,4309000000.0,237000000.0,,4363000000.0,6143000000.0,1955000000.0,1725000000.0,980000000.0,1266000000.0,,,7893000000.0,,1955000000.0,,,0.13928469649472786,0.06982046166999145,0.12416064867604207,0.30699629524080935,,-0.39205955334987597,23.36489129466738,,23.51514705074077
106040,WDC,2014,21582111193.17627,ok,Western Digital Corp,15499000000.0,4804000000.0,234000000.0,,4360000000.0,6657000000.0,2438000000.0,2313000000.0,1617000000.0,1791000000.0,,,8842000000.0,,2438000000.0,,,0.1573004709981289,0.10432931156848829,0.1828771771092513,0.3099554809987741,,0.6499999999999999,23.464041342661325,,23.795130623000354
106040,WDC,2015,11766653462.56256,ok,Western Digital Corp,15181000000.0,5024000000.0,230000000.0,,4221000000.0,5962000000.0,2312000000.0,2156000000.0,1465000000.0,1611000000.0,,,9219000000.0,,2312000000.0,,,0.1522956326987682,0.0965022067057506,0.15891094478793796,0.3309399907779461,,-0.09400123685837969,23.44331048289699,,23.1885353900551
1137789,STX,2011,3728756998.6426306,ok,Seagate Technology PLC,9225000000.0,2677000000.0,424611591.0,,,6762000000.0,,2952000000.0,511000000.0,806000000.0,,10971000000.0,2463000000.0,10971000000.0,2952000000.0,0.046577340260687265,,0.32,0.055392953929539294,0.20747056435241576,0.290189701897019,,,22.945183026873003,23.118521264781766,22.03934077073217
1137789,STX,2012,6705145394.620171,ok,Seagate Technology PLC,10106000000.0,1707000000.0,396032905.0,,,6609000000.0,,2863000000.0,2862000000.0,3108000000.0,,14939000000.0,3497000000.0,14939000000.0,2863000000.0,0.19157908829238904,,0.2832970512566792,0.2831981001385316,0.8184157849585358,0.16890955867801305,0.36168079482271454,4.6007827788649704,23.03639514381613,23.427241080006592,22.626141037952056
1137789,STX,2013,11702760320.39769,ok,Seagate Technology PLC,9243000000.0,1708000000.0,359437036.0,,,5737000000.0,,,1838000000.0,2091000000.0,,14351000000.0,3495000000.0,14351000000.0,,0.12807469862727336,,,0.19885318619495834,0.5258941344778255,0.18478848858595695,-0.03936006426132943,-0.3577917540181691,22.94713234522905,23.387085463135207,23.183090575744554
1137789,STX,2014,13018508314.56961,ok,Seagate Technology PLC,9492000000.0,2634000000.0,326539322.0,,,6660000000.0,,,1570000000.0,1776000000.0,,13724000000.0,2832000000.0,13724000000.0,,0.11439813465461965,,,0.1654024441635061,0.5543785310734464,0.2774968394437421,-0.043690335168280914,-0.14581066376496188,22.973715175519928,23.342411961942613,23.289637898389877
1137789,STX,2015,7248340819.920959,ok,Seagate Technology PLC,9845000000.0,2479000000.0,315445536.0,,,6827000000.0,,,1742000000.0,2058000000.0,,13739000000.0,3018000000.0,13739000000.0,,0.12679234296528133,,,0.17694261046216353,0.5772034459907224,0.2518029456576943,0.001092975808802077,0.10955414012738851,23.0102295490375,23.343504340888224,22.704038427197588
1137789,STX,2016,7655138042.463079,ok,Seagate Technology PLC,8252000000.0,1125000000.0,298572217.0,,,6659000000.0,,,248000000.0,445000000.0,,11160000000.0,1593000000.0,11160000000.0,,0.022222222222222223,,,0.030053320407174018,0.1556811048336472,0.1363305865244789,-0.187713807409564,-0.8576349024110218,22.833721432155418,23.135601793899575,22.75864289887362
707549,LRCX,2010,5432632902.8606415,ok,LAM Research Corp,4057394000.0,1492132000.0,123579000.0,1740461000.0,1497232000.0,1587549000.0,726300000.0,900664000.0,723748000.0,804285000.0,3237693000.0,,2469845000.0,3237693000.0,726300000.0,0.2235381798088948,0.46243791489804625,0.179006524877791,0.17837754972773165,0.29303377337444253,0.36775624945469926,,,22.123806732550896,21.898126876094842,22.415689734197016
707549,LRCX,2011,5866541352.081299,ok,LAM Research Corp,8004652000.0,1564752000.0,186656000.0,1581123000.0,1084069000.0,2682528000.0,1258900000.0,900000000.0,168723000.0,237733000.0,,2665192000.0,5131781000.0,2665192000.0,1258900000.0,0.06330613329171031,0.4067508081969329,0.15727104688623567,0.02107811807433977,0.03287805929364484,0.195480328189158,-0.1768237445613281,-0.7668760397265346,22.803288709620638,21.703541936997244,22.492531089653582
707549,LRCX,2012,4995980346.708298,ok,LAM Research Corp,7250315000.0,1162473000.0,162873000.0,,1403059000.0,2574523000.0,1290400000.0,777400000.0,113879000.0,118071000.0,,3598916000.0,4488872000.0,3598916000.0,1290400000.0,0.03164258348902836,0.3898560010847711,0.17797847403871417,0.01570676584396678,0.02536917960681436,0.1603341372064524,0.3503402381516978,-0.3250534900398878,22.70431075314501,22.003898525954313,22.33189949539662
707549,LRCX,2013,7505055985.212326,ok,LAM Research Corp,7993306000.0,1452677000.0,162350000.0,,2007481000.0,2780222000.0,1323500000.0,806900000.0,632289000.0,677669000.0,,4607309000.0,5029735000.0,4607309000.0,1323500000.0,0.1372360742463768,0.4357165972588337,0.16557604575628657,0.07910231386112329,0.1257102014320834,0.18173669317801672,0.28019353605363384,4.552287954758999,22.80187027835556,22.250909792498163,22.73884276172584
707549,LRCX,2014,10734997142.305374,ok,LAM Research Corp,9364648000.0,1501539000.0,158531000.0,,2284336000.0,4019696000.0,,,655577000.0,788039000.0,,5259312000.0,5103144000.0,5259312000.0,,0.12465071477029695,0.43434122181760654,,0.07000551435569174,0.1284653147157909,0.16034121090296186,0.14151492769423535,0.03683125912359686,22.960207585376853,22.383266056662077,23.096775002073613
707549,LRCX,2015,10992061410.131454,ok,LAM Research Corp,12271528000.0,5039322000.0,160201000.0,,2618922000.0,6169459000.0,4325674000.0,3383376000.0,914049000.0,1074256000.0,,5885893000.0,5894517000.0,5885893000.0,4325674000.0,0.15529487199308584,0.4449489652632149,0.35249677138820856,0.07448534526425724,0.15506766712183542,0.41065155048336277,0.11913744611462485,0.3942664248440686,23.230547619293187,22.49582430786327,23.120439159213152
896878,INTU,2011,13928889865.756989,ok,Intuit Inc,5110000000.0,722000000.0,300597000.0,,,2494000000.0,,499000000.0,634000000.0,1007000000.0,,3851000000.0,2616000000.0,3851000000.0,499000000.0,0.16463256297065698,,0.09765166340508806,0.12407045009784735,0.2423547400611621,0.14129158512720155,,,22.354465241162025,22.071598691779183,23.357230927790475
896878,INTU,2012,15641785357.521055,ok,Intuit Inc,4684000000.0,393000000.0,295289000.0,,,1940000000.0,,499000000.0,792000000.0,1177000000.0,,4151000000.0,2744000000.0,4151000000.0,499000000.0,0.19079739821729705,,0.106532877882152,0.1690862510674637,0.2886297376093295,0.08390264730999146,0.07790184367696695,0.24921135646687698,22.26741828268188,22.14661510601731,23.47321171884277
896878,INTU,2013,20581211288.223267,ok,Intuit Inc,5486000000.0,1009000000.0,299503000.0,,,1955000000.0,,,858000000.0,1233000000.0,,4171000000.0,3531000000.0,4171000000.0,,0.20570606569168065,,,0.15639810426540285,0.24299065420560748,0.1839227123587313,0.0048181161165983255,0.08333333333333326,22.42546522946182,22.15142165216122,23.74764442316271
896878,INTU,2014,23899913848.495483,ok,Intuit Inc,5201000000.0,849000000.0,284950000.0,,,2123000000.0,,,907000000.0,1314000000.0,,4506000000.0,3078000000.0,4506000000.0,,0.20128717265867732,,,0.17438954047298597,0.29467186484730346,0.16323783887713902,0.08031647087029481,0.05710955710955701,22.372116751737348,22.228675678956463,23.89714069121192
896878,INTU,2015,24654392988.235474,ok,Intuit Inc,4968000000.0,808000000.0,277706000.0,,,2636000000.0,,,365000000.0,738000000.0,,4192000000.0,2332000000.0,4192000000.0,,0.0870706106870229,,,0.07347020933977455,0.1565180102915952,0.16264090177133655,-0.0696848646249445,-0.597574421168688,22.32628318157759,22.156443783965152,23.928220936089666
769397,ADSK,2010,8671400173.187256,ok,Autodesk Inc,2787600000.0,1075100000.0,227000000.0,196600000.0,1755200000.0,,,,212000000.0,271400000.0,,1951800000.0,1609300000.0,1951800000.0,,0.1086176862383441,0.8992724664412337,,0.07605108336920649,0.13173429441372025,0.38567226287846174,,,21.748446847528637,21.392017860671636,22.883296111030443
769397,ADSK,2011,6854579.982757568,ok,Autodesk Inc,3227800000.0,1156900000.0,226.0,229100000.0,1986500000.0,,,,285300000.0,355600000.0,,2215600000.0,1882900000.0,2215600000.0,,0.12876873081783716,0.8965968586387435,,0.0883883759836421,0.15152158903818577,0.3584174979862445,0.135157290706015,0.34575471698113214,21.895066627565996,21.518789084123224,15.740427597439451
769397,ADSK,2012,7904259658.813477,ok,Autodesk Inc,4308400000.0,1612200000.0,223600000.0,238500000.0,2073700000.0,,745600000.0,,247400000.0,305900000.0,,2312200000.0,2043200000.0,2312200000.0,745600000.0,0.10699766456188911,0.896851483435689,0.17305728344629095,0.057422709126357815,0.12108457321848082,0.37419923869649985,0.04359992778479871,-0.13284262180161233,22.183832442440888,21.561465289205497,22.790667648422907
769397,ADSK,2013,11407543930.81665,ok,Autodesk Inc,4595000000.0,1853000000.0,226700000.0,274300000.0,1999600000.0,,746400000.0,,228800000.0,284800000.0,,2273900000.0,2261500000.0,2273900000.0,746400000.0,0.10062008003870003,0.8793702449536039,0.16243743199129487,0.04979325353645266,0.10117178863586115,0.4032644178454842,-0.016564311045757285,-0.07518189167340339,22.248234592754063,21.54476225593402,23.15754072180524
769397,ADSK,2014,13633620311.73706,ok,Autodesk Inc,4913800000.0,1410600000.0,227000000.0,342100000.0,2170100000.0,,747200000.0,,81800000.0,120700000.0,,2512200000.0,2219200000.0,2512200000.0,747200000.0,0.032561101823103254,0.8638245362630363,0.1520615409662583,0.01664699417965729,0.03686012977649603,0.2870690707802515,0.10479792427107615,-0.6424825174825175,22.31531341017643,21.644424700217428,23.335804660866177
769397,ADSK,2015,13672692068.481443,ok,Autodesk Inc,5515300000.0,1353000000.0,224400000.0,370700000.0,2133400000.0,,1487700000.0,,-330500000.0,1300000.0,,2504100000.0,1619600000.0,2504100000.0,1487700000.0,-0.13198354698294795,0.8519627810390958,0.2697405399524958,-0.0599242108316864,-0.2040627315386515,0.24531757112033797,-0.003224265583950281,-5.040342298288508,22.43079188527123,21.641195225489074,23.33866640088185
712515,EA,2010,5293398138.999939,ok,Electronic Arts Inc,4928000000.0,1579000000.0,333000000.0,,2090000000.0,2364000000.0,,,-276000000.0,-312000000.0,,3589000000.0,2564000000.0,3589000000.0,,-0.07690164391195319,0.5823349122318194,,-0.056006493506493504,-0.10764430577223089,0.320413961038961,,,22.31819906317763,22.001139449111882,22.389726246906466
712515,EA,2011,6397254638.671875,ok,Electronic Arts Inc,5491000000.0,1293000000.0,320000000.0,,2545000000.0,3033000000.0,,,76000000.0,35000000.0,,4143000000.0,2458000000.0,4143000000.0,,0.018344195027757665,0.6142891624426744,,0.01384083044982699,0.030919446704637917,0.23547623383718813,0.15436054611312344,-1.2753623188405796,22.426376225243146,22.144686000041677,22.579134772573695
712515,EA,2012,4255493400.5737305,ok,Electronic Arts Inc,5070000000.0,1292000000.0,302000000.0,,2409000000.0,2803000000.0,,,98000000.0,121000000.0,,3797000000.0,2267000000.0,3797000000.0,,0.025809849881485384,0.6344482486173295,,0.01932938856015779,0.043228936921041024,0.25483234714003944,-0.08351436157373882,0.2894736842105263,22.346606654549504,22.057477118196076,22.171476550080822
712515,EA,2013,6923571300.506592,ok,Electronic Arts Inc,5716000000.0,1782000000.0,311000000.0,,2228000000.0,3294000000.0,,,8000000.0,33000000.0,,3575000000.0,2422000000.0,3575000000.0,,0.0022377622377622378,0.6232167832167832,,0.0013995801259622112,0.0033030553261767133,0.3117564730580826,-0.05846721095601792,-0.9183673469387755,22.46653509701403,21.99723101309238,22.658197557338735
712515,EA,2014,14145579414.367676,ok,Electronic Arts Inc,6147000000.0,2068000000.0,310000000.0,,3086000000.0,3080000000.0,,,875000000.0,948000000.0,,4515000000.0,3036000000.0,4515000000.0,,0.1937984496124031,0.6834994462901439,,0.142345859768993,0.28820816864295123,0.3364242720026029,0.26293706293706287,108.375,22.539229994871285,22.23067102381536,23.37266800334723
712515,EA,2015,20073635620.117188,ok,Electronic Arts Inc,7050000000.0,2493000000.0,301000000.0,,3042000000.0,3652000000.0,,,1156000000.0,898000000.0,,4396000000.0,3396000000.0,4396000000.0,,0.2629663330300273,0.6919927206551411,,0.16397163120567376,0.3404004711425206,0.3536170212765957,-0.02635658914728678,0.3211428571428572,22.676293453770587,22.203960873487787,23.72267313034091
1065088,EBAY,2011,34514210375.44979,ok,eBay Inc,27320218000.0,4691101000.0,1286487000.0,3460184000.0,8191470000.0,9390339000.0,2094396000.0,1525047000.0,3229387000.0,2373489000.0,11651654000.0,11651654000.0,17929879000.0,11651654000.0,2094396000.0,0.2771612510979128,0.703030659853099,0.07666102810746239,0.11820502310779511,0.18011203533498468,0.17170803688316102,,,24.03089285111936,23.178713981129658,24.264636971118865
1065088,EBAY,2012,58374670665.06958,ok,eBay Inc,37074000000.0,6817000000.0,1294000000.0,4216000000.0,9856000000.0,16209000000.0,4532000000.0,4106000000.0,2609000000.0,2888000000.0,14072000000.0,14072000000.0,20865000000.0,14072000000.0,4532000000.0,0.18540363843092666,0.7003979533826038,0.12224200248152343,0.0703727679775584,0.12504193625688953,0.1838754922587258,0.2077255297831535,-0.19210673728481598,24.33618175225331,23.367452844381667,24.790147911207686
1065088,EBAY,2013,62804290987.24365,ok,eBay Inc,41488000000.0,4494000000.0,1294000000.0,5036000000.0,11011000000.0,17841000000.0,4119000000.0,4117000000.0,2856000000.0,3371000000.0,16047000000.0,16047000000.0,23647000000.0,16047000000.0,4119000000.0,0.1779771919985044,0.6861718701314887,0.09928172001542615,0.06883918241419205,0.1207764198418404,0.10832047821056691,0.140349630471859,0.09467228823303953,24.44867006574272,23.498787753163633,24.863289235908677
1065088,EBAY,2014,60760213920.043945,ok,eBay Inc,45132000000.0,6328000000.0,1224000000.0,5732000000.0,12170000000.0,25226000000.0,7600000000.0,6777000000.0,46000000.0,3514000000.0,17902000000.0,17902000000.0,19906000000.0,17902000000.0,7600000000.0,0.0025695453022008714,0.6798123114735783,0.16839493042630507,0.001019232473632899,0.0023108610469205265,0.14021093680758664,0.11559793107745997,-0.9838935574229692,24.53285736622261,23.608178275395158,24.830201035405835
1065088,EBAY,2015,28779850646.972656,ok,eBay Inc,17785000000.0,1832000000.0,1184000000.0,1771000000.0,6821000000.0,11209000000.0,6750000000.0,6779000000.0,1725000000.0,2197000000.0,,8592000000.0,6576000000.0,8592000000.0,6750000000.0,0.200768156424581,0.7938780260707635,0.3795333145909474,0.09699184706213101,0.2623175182481752,0.103008152937869,-0.5200536252932633,36.5,23.60162124234683,22.87409737471292,24.082941348919363
68505,MSI,2011,11568205207.824709,ok,Motorola Solutions Inc,13929000000.0,1881000000.0,318800000.0,4057000000.0,4146000000.0,,1500000000.0,1130000000.0,1158000000.0,858000000.0,8203000000.0,,5214000000.0,8203000000.0,1500000000.0,0.14116786541509205,0.5054248445690601,0.10768899418479431,0.0831359035106612,0.22209436133486765,0.13504199870773206,,,23.357238834652307,22.827765777967024,23.171526241471103
68505,MSI,2012,12282344478.607178,ok,Motorola Solutions Inc,12679000000.0,1468000000.0,276100000.0,4350000000.0,4348000000.0,,,1859000000.0,881000000.0,1256000000.0,8698000000.0,,3265000000.0,8698000000.0,1859000000.0,0.10128765233386985,0.49988503104161874,0.14662039593027842,0.06948497515576939,0.2698315467075038,0.11578200173515261,0.06034377666707291,-0.2392055267702936,23.263212918492222,22.886358951121856,23.231428659896153
68505,MSI,2013,13988027509.689331,ok,Motorola Solutions Inc,11851000000.0,3225000000.0,254500000.0,4455000000.0,4241000000.0,,,2457000000.0,1099000000.0,1215000000.0,8696000000.0,,3659000000.0,8696000000.0,2457000000.0,0.1263799448022079,0.4876954921803128,0.2073242764323686,0.09273479031305375,0.30035528833014485,0.27212893426715046,-0.00022993791676251263,0.24744608399545975,23.19567808915272,22.886128986765318,23.361467622809126
68505,MSI,2014,12243418589.019775,ok,Motorola Solutions Inc,10423000000.0,3954000000.0,219800000.0,3050000000.0,2831000000.0,,,3396000000.0,1299000000.0,-1006000000.0,5881000000.0,,2735000000.0,5881000000.0,3396000000.0,0.22088080258459444,0.48138071756504,0.3258179027151492,0.12462822603856855,0.47495429616087753,0.37935335316127794,-0.32371205151793925,0.18198362147406733,23.067280739703598,22.49499265242423,23.228254371523132
68505,MSI,2015,10121018492.889404,ok,Motorola Solutions Inc,8387000000.0,1980000000.0,174300000.0,2976000000.0,2719000000.0,,,4386000000.0,610000000.0,994000000.0,5695000000.0,,-106000000.0,5695000000.0,4386000000.0,0.10711150131694469,0.4774363476733977,0.5229521879098605,0.07273160844163587,-5.754716981132075,0.23607964707285084,-0.03162727427308276,-0.5304080061585835,22.849948724948685,22.462854433845557,23.037880137331566
1086222,AKAM,2011,5729849046.039551,ok,Akamai Technologies Inc,2345501000.0,559197000.0,177504624.0,374543000.0,,189251000.0,,,200904000.0,290649000.0,1158538000.0,,2156250000.0,1158538000.0,,0.17341166193944438,,,0.08565504768490825,0.09317286956521739,0.2384126035333176,,,21.575764862081023,20.870424702334585,22.468955022830322
1086222,AKAM,2012,7273094893.612495,ok,Akamai Technologies Inc,2600627000.0,201989000.0,177782814.0,431911000.0,,254873000.0,,,203989000.0,314487000.0,1373947000.0,,2345754000.0,1373947000.0,,0.14846933688126251,,,0.07843839197239742,0.0869609515746323,0.07766934666140127,0.1859317519149135,0.015355592720901479,21.679018406747087,21.040953456494584,22.70744774541614
1086222,AKAM,2013,8425437291.778503,ok,Akamai Technologies Inc,2957685000.0,333891000.0,178580696.0,511087000.0,,328254000.0,,,293487000.0,413968000.0,1577922000.0,,2629431000.0,1577922000.0,,0.1859958857281919,,,0.09922861968059479,0.11161616334484532,0.11288930362766826,0.14845914725968323,0.4387393437881455,21.80767270469225,21.179374628490613,22.854521215906534
1086222,AKAM,2014,11225805801.640924,ok,Akamai Technologies Inc,4001546000.0,238650000.0,178300603.0,610943000.0,,1056211000.0,,,333948000.0,489519000.0,1963874000.0,,2945335000.0,1963874000.0,,0.170045532452693,,,0.08345474474115755,0.11338200917722432,0.059639449352825134,0.24459510672897644,0.13786300585715883,22.109946623394418,21.39818489003453,23.141481054335934
1086222,AKAM,2015,9326677275.31303,ok,Akamai Technologies Inc,4187925000.0,289473000.0,177212181.0,725620000.0,,1067047000.0,,,321406000.0,466150000.0,2197448000.0,,3120878000.0,2197448000.0,,0.14626330179371708,,,0.076745882507447,0.10298576233995689,0.06912086534500976,0.11893532884492597,-0.03755674536155329,22.15547122148489,21.51056252398993,22.95614465496814
