factor,months,mean_IC,IC_t,IC_hit,spread_ann,spread_t,topQ_excess_ann,IC_first_half,IC_second_half
earnings_yield,122,0.008312658677180961,0.5564799238932597,0.5327868852459017,-0.02664075411567516,-0.5198457828176748,0.006541844094491685,-0.0010188835665788471,0.01764420092094077
sales_yield,122,0.012666594891860037,0.7898471756200725,0.5,0.03888531298043136,0.7194887658854024,0.029676090660962086,0.009533876575572397,0.01579931320814767
book_yield,122,0.009890221690598236,0.6969079556683644,0.4918032786885246,0.06262641551823425,1.597525642602358,0.03959572886043563,-0.0005675369570464445,0.020347980338242918
op_margin,122,-0.005499396057244283,-0.5068063037815683,0.48360655737704916,-0.07722543961761993,-2.0997290935383486,-0.025423121363074997,-0.0222944047801449,0.011295612665656334
gross_margin,115,-0.004470210674544801,-0.2663966160984357,0.5043478260869565,-0.01713630897259836,-0.29473738821429224,-0.03404504441141021,-0.003664589876136995,-0.005261941459186946
roe,122,0.0019479315223535677,0.1709294089758556,0.5491803278688525,-0.027357271829130638,-0.6987540762619077,-0.00044012839871354934,0.010161957823977835,-0.006266094779270701
low_leverage,122,0.010498587550472572,0.7644554943092078,0.5409836065573771,0.0369389422010492,0.9298744415362192,0.03481400193625727,0.0012277881139221751,0.019769386987022967
rev_growth,122,0.011416215658022153,0.630016308830909,0.5327868852459017,0.0483319993507302,0.9109821236923665,0.05277134410004181,0.015319202068470397,0.007513229247573921
momentum_12_1,122,0.003977775682832636,0.19170290598552464,0.4918032786885246,0.015252812167699603,0.2167074217221137,0.039984609640367236,-0.011806357465225037,0.01976190883089031
low_volatility,122,-0.04411311953386652,-1.7751410775363023,0.4098360655737705,-0.2241252070175645,-2.6559803929108163,-0.06843696726333323,-0.061638170466230414,-0.026588068601502625
GROUP value,122,0.010552127633331099,0.6071802584324241,0.5081967213114754,0.005710176946133344,0.11605353341480383,-0.0014155466068377126,0.0016617731254308782,0.019442482141231312
GROUP quality,122,0.002947591962905948,0.27526377886602554,0.5409836065573771,-0.015108034330683796,-0.43988869094814403,0.0046979469625924525,-0.005009464957061438,0.010904648882873335
GROUP growth,122,0.011416215658022153,0.630016308830909,0.5327868852459017,0.0483319993507302,0.9109821236923665,0.05277134410004181,0.015319202068470397,0.007513229247573921
GROUP momentum,122,0.003977775682832636,0.19170290598552464,0.4918032786885246,0.015252812167699603,0.2167074217221137,0.039984609640367236,-0.011806357465225037,0.01976190883089031
GROUP low_risk,122,-0.04411311953386652,-1.7751410775363023,0.4098360655737705,-0.2241252070175645,-2.6559803929108163,-0.06843696726333323,-0.061638170466230414,-0.026588068601502625
COMPOSITE (value+quality+growth+momentum),122,0.007732530092921172,0.6037258952187876,0.5245901639344263,0.02524056414492219,0.6631833778800137,0.05031018069238158,-0.011711675553481883,0.027176735739324234
COMPOSITE (+low risk),122,-0.010981708105654141,-0.7734628948175701,0.5327868852459017,-0.061677412214220156,-1.398246110200394,-0.0027994472252388285,-0.03686125541918854,0.014897839207880268
